monte_carlo_id,param_k_green,param_k_red,param_b_green,param_b_red,param_k_sp_b,param_k_sp_u,param_k_rp_b,param_k_rp_u,param_beta,param_l0,param_Kc,param_d_m,param_k_tl,param_k_tli_b,param_k_tli_u,param_d_p,param_k_fold,param_b_fold,param_n_gamma,param_R_max,param_n_tcs
0,0.8028371899280616,1.4756808415671148,0.0267974365144767,1.1422974170705864,0.047177471780157285,24.424948367294316,60.40709279803729,0.07782077927285987,28.4165869764537,2.7559113243068365e-08,48.42242696710989,0.2730896083707615,1.8978390298994552,43.46114444114085,11.291501385449921,0.0007888394934753564,0.2610318763761224,0.9709338959341387,0.7850187639916022,3.7147760085302193,1.0751094017890157
1,0.7472981019166496,1.2942244800283378,0.034326634798211145,1.144248579049568,0.05337184911160301,25.309201416605756,51.31870486674862,0.07185564821060304,31.947373471015517,5.160685855478787e-07,39.8141857683554,0.28000267019853753,2.1660098686053786,41.356039612636486,13.50227173724725,0.0006895022903994088,0.27878651684670097,0.9878007648656211,0.7646501617502846,4.16959380296725,1.1057898515441968
2,0.8223058443450282,1.2064380046175172,0.03305893368928268,1.0764243822282265,0.050163333266998,26.897726557766333,49.190713590451786,0.08767104125886264,29.539610010427364,7.87096941554801e-07,40.836819496771824,0.2944914970518969,1.81479435563432,34.978631408362155,13.278817107433452,0.0008867080390826405,0.2944441693387461,0.9915729158076371,0.7952088848963903,3.4085101943237994,1.0437162686724843
3,0.8527782520420863,1.430871994435107,0.028036900446280877,1.032282725074446,0.05208997070099882,27.287911248587573,62.65056940194202,0.07161259593010827,27.85058406087443,8.947158621961735e-07,43.956678243763406,0.2772496670288079,1.714694406496018,42.08151864583527,13.508719030681762,0.0008784380790936131,0.2948484120019476,1.048106614156157,0.7910954697765528,4.322220398675505,0.9135024227822531
4,0.8795059603194707,1.1294599898025997,0.032929390320542,1.0246760899711151,0.04812720494744963,23.625536249177234,58.157061082082734,0.07228572507618493,27.12855176262269,5.8245951079809455e-09,41.79367862212637,0.2636162939525454,1.7635527420243946,41.597919352438694,11.569527371591516,0.0008540705451382973,0.2844239704980777,0.9793680246332218,0.8808477149894515,4.1585621410002,1.0930823056318897
5,0.7620307337456271,1.3170310229706979,0.027266671966032777,1.1494211785177941,0.04614823196459491,23.176506004203272,47.95763619445094,0.07418727485592168,30.21027967337005,6.978935706830813e-07,39.98708836628179,0.25997531861567563,1.9525528367704776,41.97981095634353,11.841344266957496,0.0008207643984381275,0.2927858071624024,1.067942083093711,0.8083387984874605,3.938075571213381,0.9603098709070019
6,0.7063363193616072,1.1842642021940846,0.028054258400497176,1.0471200843403452,0.047195717882299065,25.57524787189714,62.78288459772595,0.08659193923816957,30.445525164651567,7.5926850053958e-07,46.309334362070715,0.30383307283084393,2.1137780932682486,40.00427716884245,10.477501710601938,0.0007972278145005258,0.26457739479031506,0.8898088892640361,0.828700471567115,4.342102351116351,0.9385019328416558
7,0.8645052223782,1.309995514033279,0.02684143221033641,1.1447451615969604,0.04852454335832777,23.46425691747022,60.72547311545654,0.07098704798037152,29.96215987301911,1.878247425654683e-07,43.54863897616986,0.24828389015543323,2.204736795615432,38.68089462327834,13.708894126376242,0.0008300627562596257,0.2862130275616312,1.0064575366397253,0.8002495595365616,3.8746677052629144,1.1322802562985705
8,0.7282887681739195,1.490405371475883,0.03232475275803436,1.0539680389738915,0.05212270384258405,24.107361544698158,53.04463338855868,0.08009127080466871,23.940471701737167,4.935715599433962e-07,51.36657858153299,0.25262268353163186,2.148930775445967,39.31346668084594,10.953411753424028,0.0008972006169963512,0.2557572278106096,0.9410526779798531,0.8998593861134604,3.714576155427987,1.1047133565577816
9,0.8253639556773691,1.4193539259355783,0.0311728597989913,1.0544045285586772,0.05391183176875224,21.448634116779793,54.122413703618456,0.07692450967688255,27.80742164735374,1.276206864960696e-07,41.25384269027468,0.27502617879807645,1.9326614693935722,43.499874467084084,12.378491721399053,0.0008867040043488787,0.28795623767965217,1.0305470343275693,0.797167312176992,4.339312561511402,0.9253802734513245
10,0.6980506668354571,1.480517185592859,0.03036010084586822,1.1160841446324716,0.05043834211445541,25.83684797778866,47.309222133522354,0.07248304830449141,29.467390921652132,5.705645979524982e-07,40.39049295882062,0.30661437076682097,1.7926121795284424,40.12363899686422,10.718410350069327,0.0008521692142654964,0.2674340856342819,0.890240192536535,0.762288249529789,3.6098026454771484,0.9075396150170699
11,0.8088732990972303,1.2809051656068426,0.03411564930528183,1.1431227005299962,0.05444819165702646,26.286907254855276,60.69288101087771,0.09053004388351722,23.989988922650824,1.1810522715085869e-07,43.113562443229185,0.23708053509645058,2.059714683831966,37.124370668177306,11.151623024876372,0.0007491987172754878,0.25939720459129756,1.0722833359714476,0.8495745652127096,4.127809708769514,0.8602136746833327
12,0.7830713947133306,1.3722294000609387,0.026907119849132275,1.0578486766986326,0.04279751218204906,21.863934978079314,50.321484069984386,0.07795160386738997,27.69121630481399,8.845215316181129e-07,42.52488896934918,0.23123857397845252,2.195734008062699,34.74216322448287,10.534771173584021,0.0009111636120175365,0.28890144381577615,0.9513562608337764,0.7747300157877309,3.8640766878062336,0.951758467834052
13,0.8898658883461936,1.2683136767524756,0.026238405054140598,1.139020780353788,0.0518347004557289,22.125323925857515,48.61737364076597,0.07918239778794234,24.573547311788577,6.317521922027584e-07,46.57118117978129,0.23209858923807045,2.1844536686247764,43.44153713127398,13.49510976701511,0.0008408735952172346,0.28617880045508504,0.8991224963359503,0.7590983502978416,3.478675782902104,1.1393384020481072
14,0.8349731277343121,1.474293599932429,0.02864445922984886,1.113283236499212,0.043480984480425006,22.496538741947283,51.32270002538783,0.0812076380408178,28.482234592763646,4.989864523070148e-07,43.980258392533045,0.276132117987467,2.2799974372327028,39.49695472583343,13.214897118474259,0.0006934092716076491,0.2723514265753526,1.0181489330927196,0.8451932722087903,3.700022007918413,0.9697873040459786
15,0.9072814804965657,1.3580517940646601,0.03076469623571065,1.009794806577976,0.04328264386464722,22.835488358740484,49.02407580150244,0.0916099983025589,23.82307603986238,3.658435291805171e-07,39.03870306992132,0.2813408552237318,1.7279199212449154,34.820915626500664,10.487793020189228,0.0007452284315126912,0.2809361130598493,1.091634585289256,0.7942191052227571,3.7398052678833595,1.0973446431855811
16,0.8590276112423174,1.1544577518593606,0.03275714041235721,1.124687666295292,0.045167386753506594,25.95210998929415,49.996269760050424,0.07384382508867399,27.949648344760593,5.222200279508084e-07,44.71695245787553,0.2733324253176409,1.8278988058552714,43.342964417534944,11.20025428330299,0.0008990439895325865,0.27818198866153154,0.9411052158833754,0.7808223163270732,3.982244754899236,0.9628891900454056
17,0.8295425097732639,1.2993992372229506,0.025832637282006268,1.12496421532128,0.04327510908679094,27.45696372894408,60.160369116376806,0.09017559500690148,29.380968745672877,1.606236341053505e-07,44.21604705462951,0.2650940454738081,2.079399791889149,38.57365038884852,12.632441116688826,0.000728937771223481,0.27090078501659515,1.0129940233862063,0.8173814292428058,3.5470307809228,1.1397484362287513
18,0.8459108965127532,1.4298836803385002,0.028717146716602315,1.141734386525363,0.05468670650829264,28.596296841909144,50.00700516443179,0.07945206743841783,27.041131550207904,6.13894995603037e-07,41.62796640451746,0.2376382554698056,1.9859699520973486,41.6736632382356,11.582455506568715,0.000916985442251909,0.2732694947467004,0.9399446627313439,0.8731361510531145,3.960027763639355,0.9319650348097621
19,0.7487578458731856,1.474390757805253,0.034155630733439295,1.096935534436448,0.04668151965012146,26.585267827892388,50.32669645194579,0.07573003249793446,28.350585421503233,4.0114416116454564e-07,42.98882214556692,0.30840488878840555,1.8021237046878493,41.36534270739301,10.338749002141858,0.0007020115369121371,0.2644498202255276,1.1475058588043394,0.860509396672533,4.4416457147550386,0.8648451353910149
20,0.8435452286366415,1.2765752269800423,0.029247779536998142,1.1062382191371958,0.04712478425803371,25.101008674532686,51.05195791009132,0.0773936976942178,28.27993987171992,1.5788100282626316e-07,41.978526145720245,0.2635528783229448,1.983648787116893,43.600047616132215,12.514620409923358,0.0008149976159653082,0.29414403271651784,0.9092046594330291,0.7706743861279494,3.8724702560412823,0.8911569866671835
21,0.813435449144208,1.3287208995056952,0.02668434194774721,1.107408099204459,0.05084809225138417,24.423864957022307,61.88844925943859,0.08854189506520023,25.656140975624883,1.66583176525819e-07,50.60974145284869,0.24223740296961543,2.1543237958511727,37.75020418974536,11.50026724787705,0.0008128939150322666,0.29666838753405017,0.8506170529193859,0.779076176720975,4.264254134391939,0.9683399588273487
22,0.7490745007752315,1.4805293066697411,0.027876255809918513,1.1071250436802582,0.05696338503638833,26.97074542184828,58.455331592688445,0.08535696110642456,30.563899297379947,2.7121364891992294e-07,46.71027078990873,0.2945337574175289,2.232937784778099,44.8700098384967,13.454027016914987,0.0007034321118715694,0.27193827393200465,0.9869176250471257,0.8843647880626244,3.9031043432558357,0.9294736310077392
23,0.684766105558222,1.2176141683272446,0.03252651766260085,1.0030256407089777,0.04497490891922732,23.58226315634923,55.52818268609459,0.07671303963667553,31.214173434554034,2.0747762885186437e-07,45.832064405656816,0.2925032179161537,2.2577649374563915,44.48176328009651,10.68787561346645,0.0008700320191149415,0.2853905821274105,0.9764810672161011,0.7593406107352316,3.6015777651495835,1.0748382478696172
24,0.700161144266426,1.226933470745345,0.02779691194448944,1.111915134534796,0.047885897437644764,21.90391180741564,52.86229467996592,0.07584391704124836,29.82297948548294,3.20122220198688e-07,47.61381126274254,0.2731261507281345,2.2326396972346827,42.80038207532305,11.668507473130992,0.0007963782843676267,0.27621235919394016,1.1115107192555573,0.775575521386706,3.909076014914217,1.0104736172443871
25,0.7846934797372871,1.3382311025195244,0.02998958785877864,1.062054361399295,0.05280219458923994,23.719918492813502,56.76386672553889,0.08548540033601298,24.89743174066862,3.2645210150493197e-07,51.00351150058117,0.3077477242925726,2.295433257881396,34.51031000665925,13.175431568082658,0.0009044661936786104,0.29558749980248594,1.0644823910441843,0.8531756521458669,4.263527939786063,1.0224657454441035
26,0.869220819162396,1.3007525454822528,0.027533437499021055,1.014152353746725,0.056123835849535585,26.911592360523148,49.67449194004566,0.08773899865576214,26.322912724563093,6.356549721085978e-07,43.058063579607435,0.2468472099927821,1.8053652582696869,34.851403728932894,10.46797880302077,0.0006965816505758197,0.25904634449868175,1.1002087867000163,0.8303956317882846,3.554300817759363,1.0074983946648428
27,0.8102311523729814,1.2986708936282279,0.02735837728155237,1.0651596830836796,0.05556284680354071,24.128016083388058,55.0657565080507,0.09032581757780038,25.755531742733098,7.255076868062385e-07,44.78185801580274,0.293276800977271,1.9158041088954707,40.508303378487255,11.525829397145358,0.0008878758177087108,0.29616680503463644,1.0395463851562274,0.8972602711334082,4.278466818289418,1.0991271795904691
28,0.8947329559668621,1.2110432470887869,0.03438010137285398,1.058562103501422,0.04995818815723778,22.602427987472478,60.30439995255457,0.07608554304058857,29.590493342072612,2.1835559486831246e-07,42.993401317494246,0.26062380338891544,1.8419743963614277,34.420761304830265,12.972752097950018,0.000908085119133603,0.26518115359003236,0.8987954094912123,0.8058266627125776,3.499319201955655,1.0449198627289717
29,0.7684526046079064,1.3243666361640574,0.03365264987728469,1.1292368993340922,0.05632515288570468,28.26293287578543,56.48201944142722,0.08005520686071081,24.115967391351386,1.0244131138007828e-07,45.32296583080705,0.29883667267350406,1.959580736427039,34.044752347436656,10.964291182302611,0.0008623929003727446,0.26212880948384,0.9098729005466206,0.7968671308677678,4.1311400518737615,1.100921666431223
30,0.7325347609827005,1.3387924707747685,0.030269465518320156,1.0667296309714223,0.0512063078548367,27.355888926793618,50.3385529351946,0.07993361962110623,24.62253271362748,5.132375550687044e-07,48.928606073823616,0.31038327014278805,1.9854158324514701,37.55924080839708,12.286212894901897,0.0007692204931545556,0.2602651075103802,1.0073495716091485,0.8710052369966985,4.46935274484775,1.143433356310124
31,0.7682539094860552,1.2031494192567944,0.02649738696191678,1.0654347875949113,0.05460540740370582,23.009835907183884,60.76784721809338,0.08508168842764827,25.487919692418767,6.317515391392956e-07,49.31584446771236,0.30506249965579885,1.7973288582179525,43.86418232386991,12.99305671619421,0.000738493193753981,0.2682561634800664,1.1371252096756757,0.8079070179665775,3.746771326300532,1.066003335761415
32,0.7118974425103888,1.293436033482539,0.02872319813613853,1.0815979514443532,0.05154875215775759,26.050805904253583,53.88458446011525,0.08928637781009632,30.81967917585726,9.333577853920362e-07,44.26972616191385,0.2886369590724185,1.9584174720717638,37.34539305436779,12.546791209622114,0.0009070369178025514,0.29119385464073383,0.9355605323116052,0.7885770659307879,4.32597455342592,1.061538543831037
33,0.8872644191011521,1.1620810282739689,0.03325511312537622,1.0648938178988123,0.046600182175888315,23.824334968694714,63.14281441621028,0.0909447710004719,24.503466698033016,3.151884677170894e-07,47.96431683286232,0.23236133566027142,1.7215541926622977,34.53868352106199,13.326401399728265,0.0007600957855186365,0.26934329247471805,1.088003146315045,0.8016350441746476,4.286117026714268,0.9608022185209659
34,0.7514046352109998,1.2560183405751817,0.02701233518346127,1.011251671946107,0.05556802169755623,27.762873848234136,54.35355215724776,0.08452102941738779,31.046256776603936,3.9072337589762883e-07,47.85943943374775,0.29063810502874726,1.746844766018352,35.657944873927555,12.901187936948299,0.0008493557449714398,0.26333703668910863,1.0980195768867027,0.8712600840313088,3.7992922343501894,0.9520845997270913
35,0.7065372784002212,1.278738430829822,0.026487851340707646,1.081511071288267,0.05186874975306616,25.61455857031519,47.932200973552106,0.08292009072796137,30.118605421704505,1.418532078034277e-07,46.28353674419689,0.29584349349433486,1.8161716648278219,44.9609790495588,13.698890693090451,0.000850794693481575,0.29424160956110984,0.9315348140608195,0.8516381866687004,4.511373105349492,0.8634187062237568
36,0.8769978887173822,1.1974000351528542,0.03271001800736715,1.0963629310368983,0.05452316905957323,24.257462352151684,54.17856478395731,0.09018313580415556,24.39836308514531,1.5620072680258767e-07,51.38323754190173,0.3034733558408788,1.7881208325633688,45.681510604142694,11.1556395534676,0.0008941056479046325,0.2957148852411116,0.8571237380934009,0.7570518745076517,3.7923938335633944,1.1293535432066566
37,0.8699224852039416,1.2558718815994503,0.033222097324390854,1.0461342745438011,0.047711261039061634,22.678587413790623,62.58259322304397,0.08728713519688416,27.68436836545035,2.642765705883787e-07,51.29072460713749,0.2616424172103503,1.8264233386801088,39.095876576604375,12.788838156904026,0.0008649643517559371,0.25990434984614225,1.1337792302661285,0.8530242881401906,3.474994914478682,1.101230931297705
38,0.9132568968546142,1.4317215804854824,0.02558806391365013,1.0709633362268582,0.0513376066093913,27.909990202769713,55.045548009344515,0.06985577156917762,31.641614242302705,9.517357978163641e-07,44.813189902688684,0.2338288616551497,2.203334407498804,42.90007211729225,13.696442687283316,0.0006817552866889759,0.27459725022840437,0.935140719589711,0.7711972305618889,4.282161523207716,0.9523644749131192
39,0.689352593389078,1.1571144542332978,0.0327540026750493,1.090880652698407,0.04572575937760422,26.4703167100133,48.901679096260715,0.0841565061800475,29.302338145550635,5.5257315325957235e-09,45.15545889560853,0.2883315499865463,2.1551202437738874,42.468500070724815,13.386164209935306,0.0008614898817133553,0.2964895455012366,0.9744421010746341,0.7605811384251151,3.6172040980086595,0.9363346844158176
40,0.690029987312798,1.147182221323859,0.030169012090196137,1.0378734074697833,0.04678302702343702,26.81102144971481,60.85221396617435,0.08868895539761677,26.913221418181468,7.09630073307115e-07,49.756112544323585,0.24172756074495289,1.8203322004832745,41.7755235171408,11.155981295713513,0.0007262425169132183,0.2715384102295158,0.8547949741516696,0.8189213875571139,3.456723930652405,0.9234130745198492
41,0.7322101282067213,1.233483641212598,0.026628509608344626,1.0706794624636684,0.052817849649870074,23.79196692628144,62.048688109964864,0.08863440509332066,26.37052713763667,3.8900403522143075e-08,48.62058796038452,0.24894099734531228,1.8992966243472509,40.95202271616202,13.795966836793788,0.0007519226159868781,0.27608353513157974,1.038235264858925,0.8542948029312956,3.6545994201397605,1.0285965242506774
42,0.8105855462975592,1.3618461464949676,0.02653497277529924,1.0189441773905314,0.057132912356239365,27.409761734090303,60.404695699075745,0.09041850579442177,31.86944118415048,3.9348753209993237e-07,48.42990687919758,0.28147122749699705,2.0359101616768225,42.152180599858404,11.349960424048282,0.0008869228923044901,0.27331600476934104,0.8944536063131355,0.7572350858438507,4.167027198479052,0.9194895066894776
43,0.9094557343779667,1.1810517383907222,0.028345614672464936,1.147619752560014,0.05029781930435643,28.165184492170003,59.64372161817304,0.07085517664326717,25.614260870635597,3.871775574072005e-07,50.14290938475725,0.2565530508699638,1.9778492231325944,39.769185784231894,11.369118889569071,0.0008687564682759714,0.2574672027404782,0.9177730483741288,0.8747510496438152,4.139610044085038,1.003547448935149
44,0.7686819113030893,1.1557544349492153,0.02961105878283028,1.1480641713718553,0.05142632712143428,25.574345130561937,63.086956651779786,0.08924968112612948,32.19327427353905,9.536333395616265e-07,47.26120749847107,0.25423028768649697,2.0768859068162935,38.17851802976528,13.118770310850888,0.0007129521106581812,0.2758145850065339,1.1022328066440659,0.8212588196798088,4.121221419303857,0.8794848813954049
45,0.7484251960295468,1.4772492391882097,0.03141245590799242,1.0547408753087426,0.050253217639487376,27.06151433600113,59.74326077412326,0.08787123053549749,26.232998501899402,2.383059387980907e-07,46.86986451374001,0.27220325243741994,2.0389320508988367,36.57537901844864,11.347046861395443,0.0008604927633359082,0.2711245465742492,1.0772456651849296,0.7623831570789661,4.541039415645483,0.9124219116066664
46,0.7947698319322054,1.4641452487605626,0.027781317143746997,1.0341076408873946,0.05728461058898535,28.033226254155068,55.532062254115445,0.06946452668141527,28.879217148954318,2.515781875767063e-07,41.13914142471726,0.3050035859704859,2.071653945330379,39.32847429972302,10.425571890908389,0.0007691891356647226,0.29387924173925273,0.940802884787409,0.8022453533174874,4.128227280173695,0.9256422035861579
47,0.8136643430743005,1.40478618819065,0.028080063989889843,1.0709126306192192,0.051144010049514424,23.974985435839557,50.43970318015097,0.07074564480841997,28.550063853570514,9.37429217870874e-07,38.50334373385056,0.2996187404114818,2.2774838661458263,40.50791801780977,13.684380450412375,0.000849147784764201,0.2795351343613207,0.9891025053684982,0.8229746966508782,4.218396072488954,0.920351610632785
48,0.8516962698808646,1.296485997440715,0.03157195996684369,1.1411292625618359,0.046001805226880466,24.274191388457645,51.29014212809118,0.06926423395321116,29.025553540335885,6.285200150075219e-07,51.74204647690629,0.27818317920279073,1.9376638775652708,44.813904632064705,10.255383556299972,0.0007526496726184562,0.288836807124642,0.8984461040565023,0.8077944130171548,4.418876363869628,0.9534023948035387
49,0.7383105701442522,1.4523294246295315,0.02619675484747157,1.1285037710921078,0.047230769260962105,22.80838537865928,54.79999959048641,0.07960203475406157,31.90345469295764,7.525046995401022e-07,44.461652852918995,0.27481530252959663,1.8910209602783907,45.79265910801277,11.589379691224464,0.0008925654624751283,0.2845234733558995,1.124843221730974,0.8068318418192247,3.900035711925501,0.9607980889287264
50,0.8784902763683327,1.4767178784636081,0.03292112398983284,1.0677131908787738,0.054936450911420895,26.726397767296596,55.31569842122811,0.07240388023032657,25.798115840950366,7.037642552418423e-07,40.932981994166994,0.27488802475414453,2.1825132245117564,41.84677692848993,12.395120581868877,0.000741856007209227,0.26039711858759246,0.8601729549240305,0.7623391925065961,3.6781149526370465,1.0173048037315815
51,0.7816832626782367,1.1845985830262478,0.028224184248100193,1.0691876936131788,0.054484133448562344,26.169468616724718,47.42494125892652,0.07955645590559679,25.362375983240028,8.548328677142727e-07,50.19620715585922,0.2744278416001644,2.141844825489558,42.241372030194924,13.140605524283245,0.0007469157786389888,0.26531797413608665,1.0738927166841867,0.8940934760316461,3.675781387404827,1.0203321950619668
52,0.810612683007647,1.2506877071240923,0.03225214008061865,1.0197649521513756,0.04807665610742139,24.48300421444305,62.47449635863725,0.08442329096911733,29.772054580436148,9.99791143603089e-07,41.31151251789995,0.2783856572247395,1.764597017457431,35.94996008990343,12.70606022750577,0.0008782360226424845,0.2836108915318531,1.023934868368572,0.8697775453408062,4.547484905382068,1.127656651975655
53,0.8741064816390361,1.2735259827539016,0.03239700607202662,1.0350748468478101,0.05606073017235235,23.348007281196715,62.92634773456241,0.07524039811909859,26.01829952472982,3.3632744203837084e-07,44.79941558437489,0.24571625212111856,1.858233915218761,44.61083882060897,13.552751336585075,0.0007172911718269854,0.2748608051891709,0.9759539225625442,0.8752135338878708,4.192496739097571,0.9724125026919298
54,0.8692869903130264,1.341008885645076,0.027384249866217056,1.1188942234079944,0.049484562747234326,27.902128751694757,57.726273389702946,0.07162750657083704,30.156075850947612,5.812057528556135e-07,45.561322684895835,0.2634987419354913,2.097734146857404,34.75947745870329,12.013800824917503,0.0009045216125156564,0.2642190211747902,0.8911040181671851,0.8149086117313156,4.023412530333259,0.9629577503723991
55,0.7961458470957875,1.3681205696504515,0.03263500711698018,1.0077387230327137,0.0482256832112516,25.894231870074616,47.095108397702646,0.09078070605933113,29.182896203962937,4.850036743611498e-07,44.302243075639076,0.24142787223712656,1.7397530018511937,42.171600488585625,13.526350102160487,0.0008701684404507176,0.2559654450714698,0.8616905445832262,0.8296522541994149,4.087916950737865,1.031903921160652
56,0.8902459581065546,1.4551676573698011,0.03440364987803534,1.0500454422225427,0.049528158116082244,28.70221984703776,58.305986120173856,0.0693784379605442,31.44023337900235,6.166727366896131e-07,40.86511539886159,0.257666053432686,2.0465955752651674,41.833197329382195,11.67862251137295,0.000858646183027087,0.2789771936576204,1.1424273418567639,0.8788521567011791,3.580115851954163,0.8809263074236392
57,0.8848471023278397,1.342014962258514,0.034286012098143845,1.0653752169193929,0.045189475599900004,21.527412597814553,59.431647908220086,0.07000443030480624,29.20878648253704,5.635435668373796e-07,48.234172325426044,0.30595519230316265,1.8419128942304999,39.7912491123514,12.905623447426056,0.0007285659604620276,0.2591405230571771,0.8914068959820615,0.890139160747071,4.3473102436182405,0.9101232552246523
58,0.6838135351606374,1.3537494145524596,0.028397161920816913,1.034193192059882,0.04549333455940712,24.79169022685307,52.397148990841266,0.09056521500534728,28.55345481011747,9.001261446978801e-07,50.73262198107164,0.3024107316944429,1.99900729431724,40.999474776302876,12.123332046205315,0.000684863235376959,0.29758845259605254,0.8953271059308401,0.8355413606930622,4.2191774281466055,1.0858918339486257
59,0.8101335631066029,1.3542532428217546,0.0329439842354934,1.0965292535289421,0.052502627233077456,27.65539042037833,47.96129250410629,0.08044450521941979,24.02303699959443,1.513861713431295e-07,38.63483659192896,0.2996655612179489,1.8978429308016433,40.25357448815592,13.034128576760725,0.0008453352379399485,0.29668415522230235,0.9969411066168974,0.8570468986002148,4.441305602669205,0.8821591069115644
60,0.7927652381299333,1.139317760777755,0.03051267925920828,1.0470030019650471,0.055107474097279736,24.762856521271313,49.43777246134771,0.08896109924352884,27.37727017218387,1.97112421874458e-08,41.87729959092463,0.2605310531666101,1.7157465924408932,35.68133842229839,11.267431927634556,0.0007610199908380188,0.2746910758989742,0.9392853443220639,0.8019384606272385,3.9544945297895864,0.9555798238930863
61,0.8599486274639939,1.4096176178171613,0.025658993674623508,1.0243138317869231,0.04402728715839312,23.89651525493931,52.62829913056964,0.08598303429070406,29.92796905566435,8.824147325613924e-07,47.470473274171084,0.2777382653643725,2.2965999208940535,41.70360058082442,11.60209832954394,0.0007531441148131856,0.25660881011509934,1.1332415146305803,0.8642935267486875,3.852489368846217,1.1125079226516317
62,0.8631016472618862,1.2864176129196696,0.03410205010331917,1.133859928764411,0.049190693339717206,24.452574516384843,49.25298152547543,0.07045777107722372,26.80056892099394,2.1459632226542212e-07,39.176165817349805,0.28907385913096295,2.276705376033844,42.24866057370453,13.466756921061162,0.0008888880659107211,0.2840724466126511,1.006783873457409,0.8073130660027299,3.9939714106867537,0.9463755854504496
63,0.7212960025563216,1.298177532003935,0.031450417574651994,1.0877972680080885,0.05356734189557483,23.769776975116955,46.75158466923993,0.07310382856903024,26.233441148077592,5.531048670103909e-07,43.50759545719251,0.2827714222996631,1.8343657511492397,39.616207415549226,10.208086120343543,0.0008447120954775399,0.2939411444291028,1.1075972862906798,0.881910548657867,3.635358387929723,1.1444263865890125
64,0.8123288133290999,1.1773761182883242,0.026319486562094246,1.010646351572345,0.05205451003984734,25.96440959159652,59.73150395252594,0.08380675707046416,28.162990293779036,1.6282164580531621e-07,48.165396935117585,0.22982892311319603,2.096183379573542,35.98372768762158,10.771725001778803,0.0008974620757572841,0.29672709594287544,1.0660856243129397,0.7886503262392903,3.9632516469022137,0.9538594783221991
65,0.7082250915414974,1.1973582960273998,0.02602171984955862,1.1458448408676019,0.046044427747495335,24.153477274975373,50.81911513491182,0.08363014630155234,28.525246322578987,7.656657950986048e-07,38.40412926356919,0.2460787034483272,2.059242637093778,40.91880316177626,13.16797880313151,0.000699331247498086,0.2717018621894591,0.9711268418206,0.8297054361587277,3.8217150630747434,1.0704009374341716
66,0.7050350406663751,1.1286443540215758,0.02832147269124932,1.013405253753403,0.0483861696611782,25.588228272071227,48.139128954175305,0.07903510134259913,28.4646681627948,5.645392862095029e-07,38.657736603688164,0.2921319776213915,2.1331966472460397,37.564134141697586,11.89684354963312,0.0008574036510676981,0.2925333628859134,0.9243149253843833,0.8669196131114196,3.909038043484297,1.1359481464111114
67,0.8908077188039395,1.2446166940121486,0.028738492628002234,1.0728753792098353,0.0569096719500905,22.329854058984512,55.80687089745449,0.08354505810664056,29.848462625166572,6.71148507380147e-08,46.34075678800367,0.2659857237893873,1.9036501355219284,45.6464289447487,10.581704838590323,0.0008500860277931774,0.26419622080396216,1.1344306868420855,0.8278704066050945,3.9440651095910235,0.9245505040035618
68,0.8081070541606024,1.4420882928559875,0.026148659530903742,1.0987339752630523,0.044698315804417785,22.938028554916347,60.838566210948926,0.06973451751271795,29.94603541889511,5.785312375657925e-08,45.1288342262801,0.280004146987591,1.7881991219973454,43.62531512254811,10.995638807932126,0.0007941637965913307,0.2658126545081911,1.0790757767232206,0.7919022495127066,3.7146191182320663,0.8536530330382051
69,0.8959610235623517,1.1181028154751882,0.028331278028818165,1.0970510743309836,0.047481286007216295,25.729045749184806,52.76532040640237,0.0891188269542092,25.135425416855423,1.8410431182694587e-08,39.59595004947241,0.27194335499902605,2.0553612197718656,44.006833820493036,13.636732734835272,0.0007763130619699794,0.2920662828506113,0.9715509240548024,0.8091543414067349,3.5592331456710515,1.1105960150539573
70,0.7606657433156617,1.3572095294340767,0.030154489310110576,1.149525628739737,0.046334509733365614,25.386239841995053,59.778932242504425,0.0725859439915502,30.714659929657124,5.581697323222211e-07,39.64750743671186,0.30791259816087035,1.9471109396963404,39.704874193228804,13.024064219377205,0.0009115129501321099,0.2660492336815328,0.8908496464966983,0.8631519047366736,4.212445009471969,0.983956162959611
71,0.8354256558295072,1.4732184924494058,0.033077198805509724,1.0852329569998806,0.05612940153280964,28.096836038663902,59.47406777855979,0.07084546293367686,28.518354933748206,6.072668886067613e-07,50.121019628124614,0.27131462185401284,2.067553865469572,42.581966724373785,10.501936657254626,0.0006935223064936072,0.25636790218914696,0.8820506390284444,0.792529136513892,3.458064149225852,1.0289339029894482
72,0.8173494042279271,1.2825636691700721,0.025580544182779892,1.0778774141735732,0.0443955293477937,21.288292596611154,59.88775194134303,0.08985567227486964,24.40748881824696,6.58998149581024e-07,38.96937306918781,0.2766572892329758,2.074346978433018,41.041024235984246,13.765080385876926,0.0008272763248283189,0.26247600585028785,1.1298432732271013,0.7988122857328106,4.0473112319001325,0.9797536545607353
73,0.8736173267432534,1.1377611889627892,0.028808516790260134,1.0664073314924138,0.05146120742155462,28.059309368793283,51.724719258300816,0.07629288049910223,29.444851470841908,2.089574176435983e-07,45.13341410947156,0.2553974065815052,2.0742500595980835,40.96683267906224,12.669278501990926,0.0007831271066595367,0.2655140873949676,0.8543852579586834,0.8424907339347908,3.6697776400787587,0.8514478827645892
74,0.7700068984151196,1.211911393095402,0.0316446245200888,1.0446692259941932,0.04801489798664301,26.679345339421772,57.873547646464786,0.07185755015361524,28.729216982412833,9.328341831477886e-07,50.52625105038244,0.2982999909514089,1.8692081410861088,45.515069700719614,10.918738192805678,0.000776451231940695,0.2601360371268972,1.0196834001365958,0.8599648507671231,4.225160892106678,0.8521562736808375
75,0.9157924869421185,1.2259038231389692,0.03217246732457952,1.138990395299062,0.05420250375745124,25.174303322807813,55.637868082039454,0.0714505572467584,27.009412833756762,8.225019757503876e-07,47.445977228684555,0.28324539038616964,2.108858257659025,38.19450142030984,13.728730945385982,0.000760711586445059,0.26342086660987535,1.0506154423313137,0.7800728669285425,4.570327754292331,1.0226565190293146
76,0.7088340172018971,1.1142112197670284,0.0309108558879619,1.0063224272111178,0.04328664391704639,24.343321226419754,54.146768855082534,0.08789510267734409,24.886919354714635,8.683324006829127e-07,43.717528654312254,0.2985914023401497,1.7908075572434088,34.57683600132235,11.76897355512412,0.000731756718239228,0.276521373302272,1.0960589437722248,0.8834616444445464,3.504177791481059,0.9271269591962167
77,0.7531666084790283,1.1730033518006266,0.02970325585235953,1.0080379169052356,0.045459182894239225,21.738462947403264,54.28938585726905,0.09055970976413862,25.086318456356906,8.871418143478638e-07,42.51282000260115,0.290017580293484,2.2055760602329944,41.260506253253716,12.789320468675742,0.0008317090629749011,0.2968762996732135,1.083621218732398,0.8163148403694928,3.749139422260041,0.8970503981979026
78,0.8029121114487481,1.1943633788803605,0.027613714882977303,1.132307262119741,0.052996190050555954,25.29598469584246,60.661689091929404,0.08060913224995518,27.113206547592466,6.855071109125143e-07,46.46863847395971,0.24638913568527804,1.8911486788755327,40.73185516135793,10.987108966022982,0.0009000519014144587,0.2569936314278218,1.1129085538908894,0.8971005706792102,4.138288299873216,0.9135683851834049
79,0.8743410722532329,1.277120335779029,0.03191203767345327,1.0483997858428769,0.045821772048472556,28.40678632152894,47.99982815077305,0.06939413634175744,30.375359606908265,7.755035132004611e-07,42.454926953385765,0.2597987951858421,2.1127561089637243,41.19754162508818,12.534522195770387,0.0007844798008255556,0.2991109477540391,0.8943963857513983,0.846841454239275,3.647334854810322,0.9504576431196775
80,0.7514057690678843,1.4268019849125222,0.030719465160960854,1.0496189670351073,0.05053374943668647,24.709293125428623,55.728273494613,0.07370099376512426,26.942125072518618,4.5841777998236286e-07,39.37312622545459,0.23066186015378196,2.056181441195306,36.48483978947537,13.08785361538619,0.0006860141739002788,0.2650441585896022,1.0389603610407048,0.7747038409263586,3.9048505415170993,0.9394824591528937
81,0.7444473861500653,1.196614852483823,0.03428348075409651,1.047949798235901,0.04426812970297384,28.11427597167696,49.36278319903679,0.08568076334531669,29.33411892162763,7.176553027169862e-07,48.6902883605279,0.24410454415013996,1.7223820294975847,39.168796198750286,11.801568240925,0.0007367881851706577,0.2914506053241648,0.8827066637572374,0.8274655564370781,4.0341581807128275,0.8528082801653624
82,0.8746173303966409,1.244689996823453,0.029622395585980725,1.0241239598519607,0.048486595063796295,24.643965209794935,56.688064046506284,0.0688513766372855,27.390472238512,4.890100407897843e-07,51.10905854328712,0.27775297194788795,2.11142656307359,39.28224737755896,11.977622426437316,0.0009158111659007003,0.2736787287068133,1.1481231060827093,0.8436254955837371,4.499640946019921,1.0230532845191556
83,0.8772087828429947,1.4256641636669707,0.028971538411585153,1.04938544502128,0.056593797692455886,23.71988419508957,59.676867809690904,0.07225807203294994,27.90857775971147,3.778665678222679e-07,41.97544596686041,0.24878434213164383,2.279101428873422,42.02604625770994,11.8740662219155,0.0008174828590908725,0.29304766531132187,1.053049055661094,0.7741837507213514,3.6530415272612147,1.1173996500093526
84,0.8138438911523465,1.335284973288568,0.026966928253614728,1.0205522315224504,0.045750439182849295,23.690852527243436,55.97196074214176,0.07693845635268365,29.491202395090294,4.312975026180609e-07,45.193428253270056,0.3066028885142441,1.7253388581813784,41.6420727921542,12.850331608173576,0.0007232283415617922,0.2937227707027739,0.8868525100902792,0.8723968434086691,3.631252648972724,0.9778967301886832
85,0.7749291520195413,1.328208709006445,0.031211568675918816,1.006068926552361,0.0547222758147007,25.198083861707293,61.90510872770802,0.07205540334406489,27.53225710746339,9.554762399933885e-07,46.81816573941922,0.2705781597098535,1.982167450321512,44.981028766210606,10.227801997762494,0.000917728287806873,0.2761893612708959,1.0965253944215438,0.8254211279342828,4.3923208745448905,0.8795315040778684
86,0.7821633755781762,1.405340646433844,0.0344673613519192,1.0769772247574771,0.043614879460255565,26.856537126021184,57.446535100296096,0.0715918619165498,25.560824142508878,5.019083405080652e-07,40.49377956855024,0.30373782609981353,2.294462186791691,43.02877324076011,13.238372184104385,0.0007594927093092564,0.2598006195477185,1.0687055847184368,0.8702603080194156,4.233736161617609,0.9031154320478374
87,0.6864057467675108,1.3212771754919477,0.026849286267324815,1.044203977311863,0.0496460843688294,23.131782843377255,62.14151327844996,0.07571382170972178,28.512066359659958,9.729887653335407e-07,47.3070516834815,0.2607469148668696,2.1518266178534446,36.32251749158477,10.574318069986095,0.0006893069839105943,0.2850513944539765,1.047396423573533,0.8525029531292403,4.208075854489761,1.0248332399099351
88,0.9060213755153219,1.2843367996594446,0.02660992708255121,1.0374991386121168,0.048625537188501725,25.842402450351766,52.6526487477825,0.07845703778636308,26.266100547477876,7.277334408157906e-07,49.65931109291557,0.25694147265821016,2.1802101902381517,36.365017123097076,13.709737830945086,0.0007654766864616964,0.2847632516506237,1.0306631769282733,0.7675088466077821,4.103000910962284,0.8639874017167566
89,0.7965392186883226,1.314503436378091,0.034067978499666106,1.0273200618081977,0.04322891952796418,25.95243886596246,51.86430010936668,0.08120664055006639,25.946248976385274,6.90354676478183e-07,39.948581511306735,0.2709628409562456,2.1629252501719014,44.70696704635905,11.380267111301798,0.0008116883161551323,0.2978910518288314,0.8915336496506384,0.8754914185645731,4.279287412891882,1.1398100586454796
90,0.7972513974123366,1.2825548287459267,0.030408014968824115,1.0541787600587045,0.04337469539162435,25.51444977832805,53.18257651788228,0.08012772039469729,29.67623188311603,3.9381817359007905e-07,40.438601725618575,0.2967915523717474,2.2665247313852825,36.81741187177248,12.398965318804782,0.0007705654286305968,0.2865847562332624,0.8664019097890301,0.888365888594394,4.425530017921709,0.8916124369013941
91,0.8338536408749274,1.2339349323522808,0.027390258956397597,1.1271230819234022,0.05379498860966555,25.578829237199795,56.987156964449454,0.08887328335134663,26.66765929874235,4.930006569675881e-07,41.3466083633481,0.26620129708842194,1.8025534214951695,38.147297376465836,12.515526967875939,0.000746404827004734,0.2843787981465681,1.0891378710065915,0.8465302306340193,3.9631438476398198,0.9672205286538409
92,0.697368869406383,1.4038318238508705,0.03409910022906487,1.0361843058153226,0.0529447810110904,25.77074838071665,60.16023965268231,0.08439203141315652,25.44703055895961,1.3491777421627093e-07,42.79696003083523,0.2445763963069253,2.0614257458136103,35.054386302724616,12.631017293397619,0.0008684815803741255,0.25686061442968133,1.1161640649598459,0.8740612859322692,3.451208153656546,1.0142835979284641
93,0.6866477018859919,1.290971236301523,0.026229635909627208,1.0863812827470252,0.04365637556765915,21.918859477550818,62.76763093498476,0.08740743619454842,29.45022352134329,7.873534174037112e-07,41.13639261856181,0.23788592086532573,1.8932490830132478,43.13181876205742,12.91953940786653,0.000852223806923366,0.27376445149575385,1.0026070952261397,0.8624692311867685,4.105028377454887,0.9163927212048247
94,0.7928295238675892,1.4695887816564563,0.03414963662109662,1.0116187130671976,0.04429521463861228,21.685110503329508,55.08782120097149,0.0895557016124253,28.125400128075913,3.326697194301049e-07,50.14496872503458,0.2490577352655116,2.02971492406025,44.62567013789902,13.337673801437369,0.0007117224598278791,0.2687283818673768,0.9723323671704702,0.8671644825901988,4.224021666053606,1.0110191027213755
95,0.7704461105036556,1.2168951754418718,0.03074225229713068,1.120572682017026,0.04776921590702598,23.381294358277746,46.91172424407897,0.0706491360056836,24.90250864973733,4.322052618946842e-07,48.72376588674166,0.262255245823141,1.7876256439327411,36.01505643892099,13.630385671449895,0.0008288442153874547,0.26834153441987235,1.103339820843276,0.8924136132197724,4.056045245215383,0.9859129836278462
96,0.7727746271060653,1.2512846016047117,0.033277201134401864,1.1068175363290929,0.056174281098574017,21.498146214012916,48.92321623601833,0.0805937574706385,28.73074467079752,4.3021774379312493e-07,45.23722490209399,0.3025084944607862,2.037723012045211,37.14484838172348,11.99942980272352,0.0007514444365308209,0.28337251817246095,1.0262111576072002,0.8578538715811684,4.568836003641034,0.9995924691417578
97,0.6890207598475422,1.2980207571995688,0.030071303948601604,1.1186115328594028,0.05641533460978854,22.459207779802068,61.36758327649326,0.07214370521825486,28.75801259532189,4.668206438776634e-09,49.65738496248064,0.26288586708823547,1.8300269196945311,45.35395981233738,10.508970952386678,0.0007644693364147543,0.27597943495831057,0.9292483126959769,0.807287503041179,4.4127340674229325,0.909005609589278
98,0.8136378655577059,1.1878297665378952,0.03107392636153533,1.03756118346102,0.047230769161501415,25.200928041998814,50.90461843709558,0.08551121456635692,25.686556203766944,8.373230498189688e-07,47.710835843143855,0.23996734125980015,2.012093140618398,34.79439652621556,10.819756100088133,0.0007550941184712359,0.28685336023331354,1.0354842789745382,0.8324488643010935,3.6188363804194377,0.9392398367591053
99,0.8447745381501001,1.29632854527092,0.028403762026810813,1.0103512407963995,0.043190575077107704,28.182961338085825,53.61463373865356,0.08942342839856127,25.83898593018071,5.902893458566168e-07,41.699148933690665,0.3009773906105098,1.8342459288525617,40.5490578792181,13.679070601681438,0.0008552157202119516,0.27995316136704523,0.9592675598136402,0.8321545639574278,3.404757522264255,0.8892101793911038
100,0.7469837847215707,1.123266991240851,0.027644098232105643,1.0631643428384319,0.055372478570736815,28.142809964474065,47.09067310410575,0.0790375562285341,29.541325471062084,7.52343177655418e-07,40.40069855795132,0.23008616460756812,1.8496285085395665,37.77040121950137,10.873786322750862,0.0007329153027933516,0.2847900156922478,0.9165186700606657,0.7829100401954396,3.7250127470514247,0.9866193656395581
101,0.7275640152318573,1.2982910676889787,0.03393272087994399,1.1232643406277558,0.0537704040756376,28.318681617868158,61.957540756412335,0.08127291086837161,29.6104965047114,3.526787263580574e-07,45.5174033701583,0.30407305256418105,2.004571921673514,39.055202963939095,12.56931232227343,0.0007916165625725572,0.2592783818014341,0.9636820770723846,0.775260376390873,4.497548417495904,1.0722646882847027
102,0.7854345189394798,1.1326029900763603,0.026517251877802236,1.03936234031674,0.05036428538852599,22.0463218385094,52.73757800183386,0.07234608664464634,24.67418370095656,1.207156030198123e-07,39.87779365855944,0.2968461550661529,1.8080623139445637,35.33735411103791,13.190980281080988,0.0009106426463848732,0.28804025140515754,0.8718887162986877,0.7751701019654776,3.57462855347659,0.8793454985953026
103,0.7953308759550857,1.1268079345140625,0.0326542603746224,1.061611166338962,0.0454291180423654,21.94769667788826,56.140916066697834,0.08667397396729846,28.69516315062312,2.376203456844096e-07,49.08918807546096,0.27117116065061897,2.051163711775293,44.89277964451264,12.63108957619505,0.0007079981919135222,0.2862514117230778,0.9371181896099549,0.8696878198624176,4.0748778538797925,1.0122053174171575
104,0.7139249277405754,1.115577616864583,0.03427335021768203,1.0045536946962372,0.04327710419710215,24.6888894903565,62.21688629320551,0.08099455628484066,32.13477377499474,7.159409359468822e-07,49.329034951021875,0.2958640767973035,2.265803763614154,45.62711783567665,11.37953803487513,0.0008500030088880782,0.2778782097445828,1.1436287094700106,0.8410040511220955,3.8800361926153917,0.8601266666267411
105,0.8549474148937793,1.1099401976477157,0.03133683763099433,1.0397481460675917,0.05263382468415994,28.68864912093051,52.50018825402568,0.0813723050411072,28.473181742585975,1.6287418834292987e-07,48.21175748028633,0.2864483778367091,2.1628365192874854,36.64976971209531,10.443844216350284,0.000774494317503645,0.260275629327506,0.9330289587498075,0.7580995679004872,3.8826987063312988,0.9582032436648217
106,0.7582953340038926,1.2553683291479776,0.025862220079917928,1.0652463622891988,0.052305719233613976,23.681578246051437,56.09990558619885,0.08725132908327855,28.210861824114314,9.268620006938288e-07,48.655106547192084,0.2746458880464711,1.7502260941202918,39.62447320970947,10.324060449047908,0.0009093574970049982,0.25707698541326796,0.9124126823107296,0.7820499604839145,4.433506065655398,1.1223013952867569
107,0.8542520189253086,1.4378400204742798,0.027843925677056586,1.1343069279997149,0.04401712005339414,23.570453402767484,60.92714052330611,0.08458129091432984,31.64098324069836,8.486891703034302e-07,41.09982231384372,0.2633954538897482,2.293346011333679,42.43585916075402,13.058060024812773,0.0006998804283610611,0.29791881290441774,1.015133565518493,0.7778220922466736,4.088406783689617,1.1246162502063475
108,0.8106758239626605,1.492317298515986,0.03384778572643647,1.0745757736761343,0.057006244544544026,27.004985788542132,50.953487556951686,0.0703637650544282,24.028752738472704,5.214504280051905e-07,48.441972848407886,0.2400917112472281,1.821151542241232,45.68590856210642,13.105217936082784,0.0007575837380656875,0.2974199829520054,0.9932137798242205,0.7923053590598488,3.814009995854512,0.9316513053637948
109,0.8468247661624302,1.2508062036930558,0.030700304822897345,1.0930549103394338,0.05006765551825765,24.64517390927762,52.56256294591243,0.07360678496349095,24.592573574124618,6.992249408750559e-07,38.464834038948496,0.2889069912011201,2.1524179009319915,43.67253236049113,12.50991516914835,0.0009085652898006525,0.27220987035143107,0.98764911737021,0.7973672319460735,3.4122990095286783,0.9813492127324277
110,0.7997574452247275,1.2859209221650707,0.025827062026063725,1.0239989597970796,0.046597264113609885,24.3204524885387,50.1375543493737,0.07673989515386669,26.213374903133445,1.0839476338543341e-07,50.079910176151664,0.27873487005809083,2.2900303233207895,41.24026479119072,12.414628012919797,0.0007673342885045331,0.29122548155526284,0.988773433883689,0.8744999602186735,3.9606254563881325,1.0717496264842108
111,0.8389976496837644,1.2596838947573195,0.026319614838000036,1.034903637342934,0.049108347546387404,24.81134875833409,50.296285596704415,0.0742668584037858,26.522160030844578,5.476708885325725e-07,39.45704929634534,0.2624600623257566,2.1091533851141753,44.03678017531553,12.057652116207183,0.0009079950565216463,0.2880975845970752,1.0869725578298404,0.7751569354838924,4.006535937459078,0.8606547601941317
112,0.8404654280883422,1.2318020404064116,0.03341822534917804,1.0196185512841855,0.043616428279978865,24.21604141418786,49.360885799322325,0.08119863464337676,27.442102567790023,2.3320675093389753e-08,41.536277807829016,0.24188871132940945,1.8071346189420583,45.83771807700149,12.288961164533195,0.0008668756930080695,0.27233968654163426,0.9042661509832771,0.8041031651870124,4.234986333163875,0.9738264564787852
113,0.6824442712233518,1.321645190241548,0.03010462088847332,1.1022083887803507,0.04291879326891305,27.9149324985793,54.369300073914104,0.0766634438604204,26.227668279981803,8.497778919538788e-07,41.8277996965121,0.25380491468382255,2.234329771950606,39.63756327834741,10.373479798034586,0.0007092147174188673,0.2889200859378194,0.9476951406331687,0.7996053407011662,3.7543012408633634,1.1418162640165095
114,0.7965873164766052,1.4543929471180272,0.03265069310769321,1.118160018695832,0.05415564359556625,23.544705084956803,60.35324685759881,0.07978714897181932,25.26417463449753,2.5261916174366647e-07,45.39624305176855,0.2685031702586982,2.2920706340877888,41.433530895674025,12.437709571260866,0.0006925982571411228,0.2580407864432804,0.9406564927908627,0.8202929609050434,4.515046619392517,0.8655918149852265
115,0.8535681045123364,1.347325362441424,0.027697215028298906,1.1375992373303256,0.04821316867094971,27.520822731182708,51.26460412516541,0.0816017980428491,30.33073660397342,8.636305027325927e-07,43.08121882694797,0.24661092146710095,2.0926259063145745,41.684441368369,10.369580791733902,0.0008244436353087401,0.29740423584248005,0.9239405574612111,0.8461942860493583,4.499983420861854,0.9655085397060724
116,0.8765330864424137,1.4545983275171253,0.025935870320863703,1.0439672952685723,0.04615455126964661,28.065056282661825,56.65805277021104,0.070963596622194,27.005360721258807,2.719774145582413e-07,51.676924094974936,0.3007972684977055,2.210520349034657,35.311083814121346,11.57332759545865,0.0007858717489098612,0.269524007160877,1.1158344222470278,0.8213707439709268,4.317538351544878,1.0247423569712404
117,0.7766276692804257,1.139559967349464,0.03320732191106553,1.0721018713322183,0.04359189836885386,24.83338895288086,47.492634093875964,0.07564052872467472,31.340124957189328,3.439072133477977e-07,42.73779678483227,0.2541188646574139,2.041932739324303,39.98795069642895,11.572847636111627,0.0008845105344769121,0.27607122878456963,1.1012549604202515,0.8139096757721412,3.8216821199526185,0.90287535836863
118,0.6962228508520849,1.3279669958650675,0.02870671924091352,1.0219161937175036,0.050399824985038144,26.63358954063403,57.14144652618467,0.06845965424132011,26.91027839623347,6.717660864900933e-07,43.594976652993324,0.26509618976748117,2.1734731093262414,35.85348784292956,10.815180475060645,0.0008642000016341022,0.29640249723903733,0.8992779350943801,0.7640608617714363,4.380208058010291,1.0201200421475756
119,0.7385675028570176,1.1232549862951815,0.030453652905147347,1.0229657425337035,0.056004167067833434,28.039789248372035,58.887317242098035,0.09160429792448675,26.365880095808432,1.1842425926511623e-07,46.933265725286965,0.24929074394601244,2.1172807582121504,34.87901898250346,11.432705957763753,0.000837831962407333,0.29716190197097025,0.8756863618175665,0.82086613537207,4.535403948336054,0.8661333737712225
120,0.7893056705030012,1.3966451850912467,0.029817820707499807,1.1278844119248255,0.04854571181016758,23.545390508504287,47.16981103294359,0.07981547931949987,32.03377937677438,9.135696880935295e-07,38.26037117171203,0.2320822149445057,1.7351563774209053,44.30931261258539,11.511425464196385,0.0007462668002796613,0.2884260153909093,0.9513968842117324,0.8109349000963335,4.237152350695405,1.1178108856771458
121,0.7226153757677609,1.1843630030674226,0.02729133193337728,1.1416490789823501,0.050893163254950656,27.404999961051168,49.87582391781323,0.08873095794830754,26.30614483099008,6.200941302806669e-07,41.17344848234473,0.27103965822473053,2.152040278029701,36.11838198373894,13.670904306671963,0.0008837473440576719,0.2866535283506157,1.0761218730493203,0.7966676204913675,3.5111919908148344,0.9476116944886614
122,0.7118134715501964,1.2354358166370676,0.03240603194580679,1.0257017662288317,0.04361213586178428,27.30801294877788,62.13672860934725,0.07784827492512057,25.607917641603475,8.851003106243219e-07,39.01848496146994,0.25760460902087623,2.1831607984457597,42.77627321218773,12.942931991692156,0.0007953967200400147,0.28667324537446237,0.9412382211215042,0.8805764406839698,4.34552444974026,1.1326390062479323
123,0.8637336308520848,1.389055622170131,0.027205365803095245,1.0853901934246255,0.04363660692476985,28.128081478386104,59.917714882864836,0.08083372275323515,30.79595047826832,8.688294765361097e-07,43.078156236238584,0.2840122292670605,1.7790122111569266,34.593628565599005,12.984496985013116,0.0007323066776791086,0.2732325828165666,0.9968573353846293,0.8919928738406202,4.33359341120508,1.0146366940920748
124,0.8741038637458555,1.2021535349013206,0.026273036306451808,1.0382458233548761,0.05143581571641783,23.771351974379634,63.05826979988055,0.08125459343192579,28.573658732114353,7.419191567654806e-07,45.2028677251045,0.24357479741930665,1.8208411349774536,39.444750166421294,11.11054927332867,0.0007297085633684515,0.2715507692321289,1.0906614809344384,0.8805027539262575,3.716033672481869,0.9092933769878202
125,0.6886315399332926,1.1086165022655126,0.028800713174427218,1.0290436626138353,0.05005442501874624,22.23564853899004,57.09152314931639,0.08137552399388673,31.476873359960713,8.106934315245853e-07,39.891796567003794,0.2738060295176605,1.9202063542667984,34.49354136997431,12.180446703903895,0.000914163370439179,0.26153550810370096,0.8514919585862241,0.7842828386022495,3.9156889978431115,0.9292706314571859
126,0.8463904816623989,1.209232323877767,0.033264274457192,1.0192398901904987,0.044831019255797376,28.520329753213044,47.959308925335094,0.0861199957770429,24.50364919597378,1.5874013060258607e-07,46.683577398357784,0.29631175018118633,2.070101561464364,45.95575710843733,13.750554227879201,0.0007159238062523743,0.27598638469962394,0.9908126618765033,0.7825917638749906,4.190468806341479,1.1109768869299457
127,0.8574355263356827,1.41267570191669,0.027848058036491912,1.0848846549767466,0.04515788031219328,26.974312514490727,62.10086875377476,0.0799521823636236,28.151211605590582,7.386344412351522e-07,50.314736905096176,0.23695473113025411,2.1521317951302192,44.7457200698965,10.950446392326826,0.0007508197834752342,0.2761766739955394,1.028513422008656,0.8217522338066696,4.087906175035088,0.9664559498289164
128,0.7812211587052542,1.2261536751745776,0.03138475678191946,1.1406759760293839,0.05728611753127116,24.117095001633974,47.48893195049484,0.08322689706490728,31.809530624598942,9.528442754090227e-07,47.51962261152989,0.2598402819833745,1.7499320575185897,39.54289636823626,12.558051530385379,0.0008534298822253629,0.28477578654244196,1.0860142791882976,0.7719149827812425,4.021252177300097,0.9854988849583034
129,0.8002750033823557,1.2867241979137063,0.030942106681144825,1.0159910853009646,0.04265971182132514,24.525140440166243,56.46142369646614,0.07818032791966857,28.123719957564997,4.0088835829202727e-07,49.22218809259589,0.2951229913691848,1.790636227354451,41.48552579657536,12.083637673119473,0.0006934451310835775,0.2589633293542341,1.0942298562322765,0.8589927099092743,3.589384068032113,1.0260403380926133
130,0.8944605641268524,1.309049434146883,0.030911287119712038,1.1015472372117467,0.05044220515962864,27.844793792423392,50.96243429587694,0.07341617869572346,24.64729614355672,4.4440628008659387e-07,42.6593519166935,0.2699846584544091,1.8047913062854561,39.76737422811552,11.985969163275781,0.0007533597964978596,0.29119384293226364,1.0015968995108107,0.8414817748543043,4.542688708008375,1.1130864729206493
131,0.8347935456373964,1.107068404988564,0.03129863091794065,1.0457384631041113,0.0462052149234197,25.789441073484422,49.65599060904402,0.08566260980181316,30.32134519178588,1.3783284945875373e-07,40.3015457739262,0.30444809131101797,1.7183272526194042,43.577424429391904,12.888894572872482,0.0008487890941186841,0.25652110753934043,1.13254851510172,0.785309363580854,4.447369355852915,1.0002218893632933
132,0.7581550225639359,1.1731853259716067,0.025603290419067407,1.0351435979046004,0.0442438973456187,21.299922400384453,57.71922306672966,0.09145207466838538,28.12108812433352,8.204181545276491e-07,51.350232833246594,0.2360404774698144,1.955259152307575,39.0614609265791,11.095567549771683,0.0008522154437613688,0.2799188751973974,0.900377342183113,0.8921737325457743,3.543140278195304,0.8649049150785372
133,0.8614002589896433,1.271674231857123,0.031373390457577956,1.0043992041612306,0.043700269328184,23.38368776721376,52.1573070250753,0.08066750021278361,26.47234717515252,2.3157951621406048e-07,51.09090676303979,0.24024851958334573,2.001516673975069,36.68401557891369,13.12269120636127,0.0008285881748212954,0.2829223101560598,0.9806322026016498,0.8218042213272225,4.590622206055707,0.9774483209757013
134,0.8377921299091085,1.1393868375830194,0.03022125074302691,1.1133732335770026,0.04953273961238129,26.704876466727647,57.710301083614866,0.07063735657555202,27.80790669747889,3.12014157005438e-08,39.477729304728335,0.2840313853385486,1.8319209374954442,34.607678790295054,11.886239012969247,0.0008475709930859324,0.2676085687724177,0.9071801665736697,0.7889656403654103,3.4277067208840184,0.8625218417459926
135,0.7909836307364969,1.1890052142314071,0.029351819468370906,1.136988616978816,0.054563574990089354,27.450455128743823,62.07888967145966,0.0840074469434233,27.4767181408839,7.333582482277101e-08,47.99303606503654,0.23850550258882944,1.8820319887266244,37.36730342932944,13.576272904642167,0.0008879886822128954,0.26645669410500594,0.9624265090384561,0.8245552555502306,3.457261396300556,0.8557691541375864
136,0.8165837346241331,1.3000924869703554,0.031165172929099417,1.1317623493351319,0.04457495816632063,27.96985570709068,50.20851934395164,0.09014429562065504,25.132248477809497,3.994831424772106e-07,48.19195680268646,0.2457165207044317,1.7703033590959332,37.22480290795717,11.411159611622118,0.00089262165918962,0.2662833296366414,1.0545617915274517,0.876162224235924,3.4160207149439055,0.9321288502664125
137,0.8966543975502805,1.3318664232380957,0.02702381423508862,1.0739755802513955,0.04850314660390491,27.515664949388484,59.82806223430091,0.07578027057288754,32.05774345045481,4.778848678188385e-08,50.530298674546856,0.23737862965877374,2.0325649511626933,39.02682557696128,13.16431534554649,0.0007953214786861071,0.267663536621107,1.063844485760845,0.8107941394311918,3.910212552839635,1.0948749574242322
138,0.7654892377766507,1.311719040868689,0.03277868756931522,1.1240064959450504,0.05275457221661828,26.573704904303227,48.32057198640987,0.08108552917972582,28.822944855444398,1.4110441500604963e-07,50.242572146222365,0.284229944109587,1.7618883162837153,35.46076200861824,10.57283704968953,0.0007147567500606215,0.2815384869203934,0.8792638604369485,0.8146573674262321,3.746393565328273,1.0460674894517534
139,0.8509601976068542,1.353960442894071,0.030858679533603713,1.0834300091696547,0.054013943431324984,25.009575716252783,50.2825780021609,0.07062585817088815,28.840405048254173,8.050198191165099e-07,47.9383233051947,0.2868316234113215,2.1663112681544767,34.96784079316421,13.262683500166096,0.0006875047070227043,0.2801803010139397,0.9746431222596204,0.7746705248673683,4.087747890721271,0.8844965099456948
140,0.6921382976999877,1.3822366800943153,0.03352381061273688,1.0660819561044663,0.05459693170180948,28.404447205719634,58.80445659144682,0.07812032921719878,31.72458892041518,2.472636957095301e-07,41.47054389518773,0.2837607921749412,2.1951418351448244,37.13145513620798,11.32924156753765,0.0006866684930947255,0.2592693018706341,0.9489188358878156,0.7693282126798976,3.42673418000021,1.081171106538212
141,0.8920061462944144,1.1582478052187823,0.02858677197203364,1.002381728443266,0.04880858511883997,22.14585715046305,56.12342760901576,0.08425725311273462,29.815732745875774,1.0430677628600637e-07,49.03916217370246,0.2974049183705737,1.862715599578225,45.68257063564176,11.415053730203484,0.0007418126580013884,0.26212471020031075,1.1386710317641764,0.8977635701041493,4.340034112882368,0.9400477342875184
142,0.724716054990408,1.42327729484496,0.032876279848994217,1.1037560308710468,0.04271192957868528,21.92327706195014,56.17652572057433,0.06894788818859902,30.670570166248666,9.777640393148441e-07,51.44731238547899,0.2967013379174907,1.723176543270442,35.361299500375594,13.724038305893345,0.0008101144999003436,0.2600482556951369,0.8514396088808525,0.772288792267463,4.454316891017695,0.9398016657707481
143,0.8590229881006956,1.4705728713264146,0.02869409768306304,1.1397034662081127,0.055733375940337934,22.16213336285255,48.859226814759985,0.08962949298506159,30.83888220043226,8.244225168815499e-07,47.252548628026744,0.30710107878772397,1.953073269954615,43.82465070683147,12.987750309772522,0.0007846998124363808,0.2681363887513947,0.8844691248003804,0.8932011344369433,4.383024242819963,1.0729305947383303
144,0.7403541592787501,1.4248426646244439,0.027266100503330903,1.09529387828177,0.04493199085524316,24.645301567131142,56.832639025889506,0.08525969071590779,31.50642910521628,9.578338934687014e-07,48.5173678076089,0.23314235575514392,1.9322296798903795,42.7162782605694,13.325718670244717,0.0006853700991457058,0.27297717534829014,1.1305859591599332,0.8895515488916637,4.460974088455964,0.895939721313257
145,0.7572841381261656,1.4669080346112615,0.03377872019845794,1.1445551028861896,0.05299910721906084,26.57580841854658,50.91192200418915,0.08504755211070533,26.010787109500512,8.420325931618102e-07,46.41618679665578,0.25246396010504096,1.7891309870699665,35.49243206426426,10.751135000245414,0.000899874975327163,0.2715940958697081,1.0200878640505786,0.7768721435188576,4.476053570923787,1.1476006328356398
146,0.8035397666037607,1.4754955384143893,0.03423102296263133,1.1013482753081782,0.044643987989202216,26.20093718708729,49.760091195521255,0.08948506400423471,31.28979057232031,1.8054649100781016e-07,43.025262690367164,0.28486553722350866,1.844050995959045,44.11231585209663,12.026827151829433,0.0008353179958611263,0.2754759698715709,1.092456277106338,0.8698938093914509,4.3650854520213835,0.9595495815687617
147,0.7658432988387127,1.1996319627796452,0.03359568773115444,1.0176244108037877,0.047829844586536205,21.505724899520906,57.57123817335824,0.09103290977157047,28.30020312657246,3.485654986961928e-08,43.01110251069021,0.28309910724569787,1.7968805139577895,40.236546082549445,11.415560838216084,0.0006907991071277251,0.29024579582829346,0.9369925748588317,0.7818197492133412,4.188913685710536,0.9820193377505201
148,0.757881156507163,1.1451001053815082,0.03438925263890137,1.0890080756642684,0.049149452481383735,25.651515393306383,54.229694269718706,0.08694242722270847,31.075462328055202,3.02125317801908e-07,50.81348208022731,0.2534137910556228,2.0816747212617677,45.31805217030056,12.71125997625645,0.0006929072090703738,0.2829787917634192,1.106828524723156,0.7632401565647374,3.640914838359939,0.9730310481833618
149,0.7734914504958973,1.4874877738474424,0.026272555221438912,1.0265490242170778,0.05199814912455958,22.091688436526244,56.94046818269859,0.08314422666264853,28.438305657420585,4.2193305437770886e-07,44.57970877767722,0.25949471069814445,1.9324910227293257,38.17574781327539,11.301308321836368,0.0007213889493794038,0.28030077844570883,1.0319401909892565,0.8343259668934973,4.009664995348554,1.0932719743620238
150,0.8991163474098388,1.1293336951972912,0.02914822725189304,1.0705351398110836,0.043984842884516574,23.74706700894642,53.64270971235919,0.06897301057226096,27.4338289443041,1.0197784237852658e-07,43.72691311839594,0.2456186748044999,1.7610455821579267,34.769743907572526,12.052889397743932,0.0006807064751110479,0.2728754150429705,0.8681020764064239,0.8550393179278641,4.179110550796788,0.8960475926375218
151,0.7673071153706524,1.3873108894209314,0.026652287601287756,1.1219234747344835,0.05242227894787747,28.310035357631968,56.68051341959681,0.06907016602223198,27.236645337342047,6.886117898087818e-07,44.58373823300361,0.2596116369263316,1.8503554915990612,42.27865551172318,10.760117246480062,0.0008632501090840481,0.26764398670176287,1.02324160815737,0.888708281174755,4.111797888074846,1.1106878432445089
152,0.7014501664862213,1.3040217265258145,0.03138921928219062,1.0243514231953499,0.05294224184125409,26.19415168538239,54.32205890215042,0.08706107718126295,23.826876114160388,9.284405152134881e-07,39.47807790618999,0.29189098384701284,1.7937509727246195,34.14141196417291,12.350240846976279,0.0008118076473992518,0.28847880901895256,1.1084621682729643,0.8229250851724955,4.030381501656523,1.0264153346772855
153,0.760051339311272,1.4173910369903933,0.032365604556302906,1.0238161865355369,0.05285841131275767,22.858666867355282,51.438444043492176,0.08178264844956772,27.497344662650427,5.778950390465653e-07,41.44137633476742,0.29093806765504987,1.7668963701203408,34.09265002862729,10.941649070304099,0.0008006722825909442,0.2932809999981666,0.9519527389253228,0.7682799130173015,4.583866919430702,1.0547358852659552
154,0.7479381028405906,1.193856049743287,0.02685031213337391,1.0167334399231518,0.05328456607072136,22.117810498764147,57.96347641115602,0.07765107315011571,29.070816654128965,3.678044345162742e-07,39.830004885409814,0.22953051914304642,2.2004778087214523,43.92062551151918,10.668596014747813,0.0007460572769579214,0.27549336299401783,1.1310488639273297,0.808641123251112,4.06970782229624,0.852433126417446
155,0.6942377565775394,1.3928212150542005,0.030116063729658433,1.0098455224439111,0.05334260716002727,22.773523316842983,61.630867563257794,0.09171297699531712,31.77659710556698,1.8221951002803515e-07,46.24577711777771,0.3005874782033125,2.0752842140580934,34.81106891147239,11.139371418913228,0.0008410076286122117,0.2720950716519568,0.8990354763626307,0.8372841464193053,4.424028067259187,1.0541251652166466
156,0.7433614044285024,1.1801405280209878,0.026494511333311814,1.0412225545660334,0.05137043824490362,28.0811242155724,51.183000485321124,0.0859286744960622,31.776832907031743,3.6619379742550704e-07,48.70019512354666,0.30988115472102323,1.8462363433214015,40.57356988103002,13.350773885620146,0.0007131547688033524,0.2584115986809283,1.0414980005136831,0.8413923341708468,4.487893957798331,1.0474796632869665
157,0.8976731525497954,1.3086277650624207,0.031135843146406363,1.1234945459900334,0.0486876893982194,24.294606948764038,58.28654149424362,0.06945024157038768,27.68091117410057,1.492970839202239e-07,44.536700315022955,0.23059082855045793,1.7306110382261477,40.436660727795626,11.299412061581512,0.0008493293763828376,0.28016789197025804,0.9957871952357511,0.87955573019002,3.4592253001467093,1.130748972067753
158,0.7002863968784119,1.1237998154252948,0.03415590685826127,1.0243258732671692,0.049430144340541306,23.98339684758009,51.18227308477047,0.08029836717225064,31.20266795421253,4.2431576173784003e-07,46.75123740197516,0.30688688011740906,1.9698225481934244,37.904179006340705,11.940563064053771,0.0008712438077249029,0.28598249660829,1.1388925116288613,0.8044571323496411,4.523423947180154,0.9641998344806777
159,0.683530336293806,1.3563141204319973,0.033942563625444094,1.0357780700278831,0.05598614652785412,27.55656781119716,52.014426829670164,0.08681125656886128,26.53262732757026,6.26623777840479e-07,44.99893320558867,0.2462709332854295,1.9579224066044718,38.81013103662633,10.485789915188185,0.0008909503510249609,0.26830735760898217,0.9466758222062363,0.89332416209979,3.8770573842937854,0.9686969415048979
160,0.8819302642181646,1.2397336808589425,0.03407755362482187,1.071408421224551,0.04817563554398693,23.639968685439875,51.86941343586871,0.09139679157721371,27.89579371512337,6.717532230906364e-08,39.301439786923794,0.29260309130604084,2.2392637097350128,45.517926878593784,10.459897864937131,0.000740532496815392,0.2923201797150226,1.0969492206626053,0.874616753241896,3.6065402712153016,1.0789461867457888
161,0.857598857281677,1.4576226264095185,0.029512395560394637,1.0973467054394934,0.04552021347240597,26.832817123130468,47.02620359186938,0.0885758441414788,29.456633704821638,3.1396160141333474e-07,40.94823120111765,0.26772380670478596,2.14489671451833,45.13292505968221,13.669854228147763,0.0008097323792241286,0.26839465486302766,0.8873568155401592,0.8607334712690451,4.114890722572888,0.9157737489480554
162,0.8084650491750283,1.2583258048681356,0.03264709306509621,1.012617835382543,0.045371301273823404,22.60112309575292,54.67399769553242,0.07589326300072775,28.77771325048173,4.858081534111648e-07,42.86632228161119,0.28498541605439587,2.043751680089112,35.50164398958113,11.556225591802859,0.0008252272316285547,0.282998240874648,0.9878786782700655,0.782574713068627,4.3955712435232455,1.008183112762533
163,0.8335873168646283,1.4424931414495847,0.025913278937060087,1.0180522740304465,0.05345800155825699,22.01690352326172,46.83741039380847,0.09146403316128979,24.19307841077183,8.606952505477921e-07,51.486766316941015,0.2611077485765289,2.0725101435936297,35.36306640619883,13.788325302830604,0.0008947274444094939,0.26814280533108836,0.8723085922717444,0.8676473445577454,4.599418851177246,0.8942778571112324
164,0.894573706545338,1.4411437788970962,0.027400309042404345,1.027479633302492,0.04551263560083256,23.355407336734586,53.692990990073305,0.07298264963984592,26.495323051553584,5.734472061777176e-07,46.30930309533621,0.310444474185011,1.7915308998607553,44.76180558672292,11.072303727176484,0.0007295636438074166,0.29487053847529643,1.0216014886837554,0.8562528180430934,4.477028773101822,1.0794939897507816
165,0.8610671177520232,1.2365903375610117,0.028361007285762047,1.0751760471191971,0.04831902992699348,22.685132402634906,58.805610709618215,0.08658024430436129,31.47706089919976,6.522178256772622e-07,45.180758082537196,0.2585716969584414,1.9415212662348966,43.87303665054781,12.83997501226749,0.0007046473811370066,0.28167575116383126,1.1181056967661311,0.877553315822957,3.8547347645326573,1.0972173672360916
166,0.8825591608584273,1.3466945617265578,0.033391510796688194,1.0218871249341945,0.056555861094587635,27.606469292105324,53.41727665754603,0.08718392697503699,28.025815908565,7.910662104807296e-07,42.64388174836922,0.2826409551094682,1.7419093387977105,45.77126402205383,12.771163695544015,0.0008974342323242563,0.28461025882453533,1.0540754180665637,0.8856765660477439,4.595298248892536,0.9616022769376102
167,0.7510753756171644,1.398179924131093,0.029835566277307997,1.1499255097177827,0.05093421223348836,22.06308146841759,47.47535550084523,0.08600283170023791,26.7058099862992,2.769296085274552e-07,47.37245084203158,0.24904678169452,1.9244353692861618,38.548799401004004,13.00722206950864,0.0008527400342111392,0.2964305240821751,0.9337713245361421,0.8994380955759221,4.050397374169048,0.9587508179282429
168,0.905868394814357,1.1740921140335443,0.03414816794708766,1.0032889271556877,0.044894228553623454,25.30767716446362,51.214307251647575,0.0855007515564923,28.774667889457653,2.5030322813230286e-07,44.33438130977334,0.2307343548791226,2.24351851550157,34.612925807788045,11.347588818804416,0.0008975584270784866,0.27831072159241904,1.0135104933955605,0.8494093502027351,4.239335157403485,0.9467847866907426
169,0.7084085571365626,1.3467260917758472,0.029730845328261098,1.0916732933360036,0.05684823433137716,25.52236032906792,49.99292248553355,0.07608785142396214,31.18167074593407,2.6097865321947744e-07,42.36744685265692,0.30589734100048066,1.9874470152298527,42.21591457781699,13.560480668667283,0.0008857768923270291,0.2559933824693689,1.0003323860427558,0.8543833857653025,3.565501878116716,0.9035657161038986
170,0.8660634633401824,1.392870554811285,0.03434362876061721,1.008508718285671,0.0432573744852404,28.668217956696612,58.38076395076489,0.07034330999039135,29.36295842713826,6.466549941964531e-07,47.51271513070345,0.2966966419167327,2.1383298062638927,40.624954276420716,11.553531714650667,0.0007275629841046486,0.2992892776115645,0.9841696217619214,0.7948073833691907,4.181044323348146,1.0524939090094607
171,0.8227381213191621,1.4473248926777351,0.030964792801007505,1.0572835362676172,0.04389667205087147,22.155153529508496,54.89745654426751,0.07426620937630017,25.006871203884877,8.30912931619557e-07,44.38260163238124,0.2885082322101119,2.2108314186069746,34.64870205926007,13.642557784804612,0.0008129792302269311,0.2698433811636925,0.9958025986050254,0.7878916658413989,3.798706022590966,1.0328780427983653
172,0.7264260289996533,1.2806403922137553,0.028051247339524337,1.1169245783154282,0.04610047812234505,26.720852951198875,46.96844983475421,0.07852438177440062,27.777389717909035,4.0616894604323805e-07,45.25518659037786,0.2979636373711257,2.013767458244292,43.80575024658308,12.826800602653067,0.0007270635299289086,0.2684251369691916,0.8973116483034681,0.8680707926258018,3.5155677683899857,1.1069309106472376
173,0.8131858040945109,1.273026413408654,0.030565797532989856,1.080664246364202,0.051793694602293903,25.31901506208358,51.7994001235827,0.08956676929776544,28.981247307421924,9.954409266140333e-07,40.012647323639236,0.3057525640668204,2.0754720846713592,42.14700302692268,13.58837017550776,0.000694991309995359,0.26350632426611414,1.0212018793776942,0.7986469897630145,3.4197278662239388,0.9373746434624644
174,0.8457493980905201,1.3711651543139831,0.02571912586197815,1.0485065823653381,0.05535634437595851,26.14560557850176,56.966477707520326,0.09137055779530544,26.560884767017594,8.323840278383309e-08,46.620372412369214,0.2813508164463093,2.0288545576995576,45.45281912738519,12.64975158765581,0.000696272473721739,0.2841437848006268,0.8699461673820076,0.8379918840273789,4.003199111774706,0.8508661897601574
175,0.7271642159200803,1.2682321406026955,0.028374317005279107,1.0199382581334389,0.05175250747327089,28.32429038296288,47.395220690862566,0.08649541024059726,26.765247788166374,2.715969442479642e-07,48.966473236709035,0.3049670142509286,2.2889614621478764,45.197781445295256,10.64846862983571,0.0006827105379411812,0.2886402121774716,1.079217069736616,0.7771583115111893,4.087241778985797,1.0432279401877038
176,0.771787378280081,1.1709401728651896,0.02855909968998346,1.0422424643393917,0.04261518681533919,23.31784169479697,50.852492683736145,0.0842153156442531,29.153928974728565,6.756248000046686e-07,42.20524718291785,0.2776604763708851,1.7722633959517713,43.17439296145027,13.583794164260535,0.0008636206259736444,0.287911720611681,1.021531286620453,0.865722367645522,3.95696723093364,0.927272530763937
177,0.8668774079386841,1.3066323284335162,0.033826458889936746,1.0880060624405203,0.05050991799500866,21.541030024160044,50.398818815869284,0.08524787357247839,27.486600238431247,9.257056476135833e-07,46.55502259845001,0.25087717712357743,1.8470560928304605,37.49837350955604,10.981566972460389,0.0008075869819301773,0.25880730651836253,1.0235227515580805,0.8175715527129445,4.454601178165529,1.117224063918529
178,0.7513165747049078,1.1794122604229862,0.029297849479945584,1.0759492262086603,0.053164674878659904,28.530438105383077,61.517179383442055,0.07752559443787288,28.412275478346093,5.811396785133525e-07,50.117952514522294,0.23805025918606335,2.189438635037343,37.15098520107843,10.587000386764041,0.0009152379648561693,0.2706284266263465,1.0743536991500617,0.8081098921072585,3.7488131398055025,1.012996319565572
179,0.7359072101457008,1.2003254184191186,0.025957758866816772,1.1071920340141301,0.05632033553809234,21.287043528745127,51.50766454831419,0.0888753941644118,28.848073312530033,1.285723646794975e-07,41.49533721382839,0.24630325576467613,1.7203085487323562,35.54315057582431,10.657524915462393,0.0008009114342484042,0.2895711262511552,1.005732061035582,0.8503781858415791,4.460456306717514,1.0842473701219575
180,0.7039422374665357,1.115472254553462,0.033868646995600195,1.0391168420683856,0.05544872131072802,22.558708075950033,61.258949062448835,0.07856764025556898,24.04286579898332,9.890317328695383e-07,39.82776550156823,0.23141498650661663,2.180517456345267,37.913399160477304,10.314094512049417,0.0006829132561910141,0.2733190294166735,0.8816127562359547,0.8064856516887583,4.223802369705282,1.135290690265878
181,0.7504365163941663,1.32946354030518,0.03183676987912475,1.1191472498948465,0.049904329977185566,27.18369205513996,54.36895486163599,0.08583701463659342,29.129540808982913,4.6459256303095263e-07,50.000084449415034,0.2548204232014532,1.9155896119449562,39.79298410414778,10.420410129651199,0.0008219967731096682,0.2560891993310524,1.1099006019434088,0.8059550062231727,4.46582524622524,0.8948142292794898
182,0.8518995903112856,1.3333502631988374,0.030601249492057243,1.1359817286496035,0.04380136383271528,28.13307060124104,51.378199248295054,0.07409179891541459,29.551399202046824,4.1318866127126105e-07,40.06029015900742,0.2747007826539643,2.2255803571863755,34.106098799995486,11.648762835240703,0.0007229972859124278,0.28688858408535084,1.086130948233693,0.776090334852689,4.413402059720858,0.9436835532482711
183,0.8599680752523889,1.155231932171447,0.029760630520905128,1.0973858561942673,0.04992509980102143,26.419537507061367,59.542205636369154,0.09028134635769566,29.252134072342955,1.7595016855277035e-07,48.61952154370382,0.26382320951299215,2.1191556003390803,42.27040275773053,13.394248401095647,0.0008214249157856169,0.265326335417455,0.9718743322462438,0.8452364383561406,4.084972821780418,0.9080881354929446
184,0.8777677320230118,1.3309885308667626,0.030691212413921656,1.0307647368681907,0.049874332953244054,23.265223407146046,52.28274150630551,0.07620530476322177,28.887838230666553,3.7278736369820074e-07,50.39873121640745,0.290311552699572,2.2883637619216546,41.33968001056349,11.74916033960266,0.000774288581324435,0.25665947743499845,1.061265624941965,0.8012289347702517,3.4272189402313544,1.1237831602706636
185,0.7367302072068335,1.1414516235046621,0.03214412482934435,1.1157179701071689,0.054070945790596334,25.869603365636255,47.18237645486522,0.08082676521998933,31.869847555087286,4.552101955437518e-07,42.25388573950195,0.27464686932516125,2.079385965903269,37.57096917092282,12.989634003112323,0.0008819643955363587,0.2560914364331983,0.8801342770677889,0.8279085694904784,3.470728226431915,0.9087617514650623
186,0.8894194088971075,1.4944388839799774,0.0330819676803468,1.0246726480341386,0.05455833554999316,25.614768919834283,63.16489356995835,0.07477884527844221,31.368854944417752,1.6144361964651633e-08,41.24675351847484,0.30275046477840645,2.005939226518138,36.50116921534062,12.719749448548653,0.0007564143477573586,0.2815123392840631,0.9746927007313703,0.7672618493057921,3.476734288899565,1.1240259831046888
187,0.8884627997717748,1.2836421240609024,0.027661972072511753,1.0199757211447202,0.056863780739176986,25.30286615870566,46.87716515055764,0.0830148597472288,30.163552842845654,3.039540231419534e-07,51.47954852233388,0.2342770941321568,1.7670343389928762,41.245981642629594,11.864963657503981,0.0007687024751453658,0.28633651077351197,1.128673344806621,0.8798459134088733,4.271935519482884,0.9367989636256059
188,0.7528581026857378,1.1744779858614651,0.03338120605202712,1.1015232006790703,0.05113674784256248,21.77625439504553,60.75012698968097,0.07147648399335535,28.080179085000943,9.355100792268508e-07,43.07563945193173,0.26656954023614515,2.266821808493099,37.56811108858857,11.828165359999295,0.0007715034639791896,0.2733229570063352,0.9793571710849321,0.8986900497305761,4.366512542148149,0.862240698732781
189,0.8262014210474721,1.1095843377850256,0.026204778875035126,1.087476893008288,0.05180886275470207,22.52902928549186,53.40328484652711,0.07665223630049367,29.712351658721417,4.1985630380218206e-07,43.441671249808486,0.29636503738193004,2.101119746898456,35.32895556180252,12.143638453872537,0.0007339213785638511,0.2671449226919825,1.0338654159047007,0.8805388220916317,3.830588736074072,1.0065223866109956
190,0.6987437606373504,1.4069107127461955,0.02706061970479564,1.0597765335864768,0.04661631627526144,25.145227401525148,51.69291263249435,0.07923944366548323,27.50436061018262,6.131035871577231e-07,47.550639975413645,0.2725588998120921,2.1455609308008246,44.77120414128556,11.848154478342444,0.0006878671910633256,0.28951045272614784,0.9877044488849068,0.8686141673538825,4.424271967514652,0.8730598558290846
191,0.7755548585521769,1.3938232707145317,0.02956524381899082,1.0677041643042906,0.04967821421678609,28.663327772667,50.709162349034074,0.07191636451689433,30.245630912140815,8.394313855581875e-07,38.866014626012664,0.2791783475276005,2.2143797590113468,42.618009466633794,10.730430273921009,0.0007203101312740851,0.2750624801109017,0.962007488899777,0.779934343941111,4.022623810990199,0.9069384485643835
192,0.6984186329738115,1.2961891205598786,0.033955393039756414,1.022949418063524,0.045481662543895685,25.081274790736433,62.39379638476065,0.07883686661932467,25.57072924685023,5.748792763458139e-07,42.60742173642345,0.23880092393281235,2.077297432079214,39.21342992288088,13.641012085321387,0.0007721869938069252,0.261873300465681,0.9470564431106565,0.8247511240727851,3.7476093618006896,0.9770813095902291
193,0.8494111235540324,1.4033438376364953,0.03082240685550361,1.0722968348554145,0.044216968935012375,26.260764679027865,50.57074942716613,0.08573604947673802,31.817371278289727,8.544794496351783e-07,41.966353321145014,0.2670291468996574,1.9668890004681967,43.23484323289588,11.703847377579288,0.0007645713031557284,0.2814442006851895,1.0210112052317222,0.8774481237409522,4.512455829006365,1.1074114185646144
194,0.9176422203572112,1.3293365243893753,0.029219553367326772,1.1061340135301951,0.055527744679471844,26.59760744476127,56.28295016748662,0.07190410098407658,29.882269610931225,9.09084438153997e-07,44.460314425215124,0.29984718725385234,2.055998100729268,37.18598551427117,13.7290875134586,0.0008585383100843882,0.299078634304756,1.0330159227571019,0.8629321485249399,3.729267259790373,1.0086304996982443
195,0.7722482213226399,1.3724681504971001,0.03398297866786973,1.0836872118622238,0.04260053271973223,23.61808561560128,55.64969477000967,0.08702612134787226,28.715255115890525,2.0049892697013693e-07,46.46709799470529,0.3006611666715239,2.0117945700990596,44.13617295162944,12.132381176766266,0.0006949713546774319,0.29883223747298066,0.8633005362302828,0.7959045662233027,4.179638025323442,1.0942910681268734
196,0.7314559555174651,1.4446768184462349,0.03183779985763504,1.0133815173261287,0.04915107262356842,27.914171049437087,54.1360232713841,0.08874405683885127,25.547439178643554,8.729712189375171e-07,47.67127769768839,0.23160666868358148,1.7630276245330565,42.847326017177416,13.219555022738854,0.0007689787563806221,0.26698969439524983,1.142215401911165,0.877921837067299,4.5955618329335275,0.9026716466835625
197,0.8021570332548308,1.1429090931629733,0.03161304283666753,1.060916778465383,0.04377500797036619,22.394737938420114,61.76993968224462,0.08904536853072743,31.823281191739373,8.965535951168451e-07,45.47458759039487,0.27125191438583224,2.0522617239343255,43.20188517323605,10.911786867696028,0.0007868276365363475,0.2728917039289349,1.0868958837670255,0.7622898628121042,4.1682432568043,0.8766121190833286
198,0.8101159588740303,1.191754479479237,0.034298194507885654,1.020066558596209,0.04732311084815713,22.82840692811088,51.02787658803111,0.08431751875215765,24.376325249518455,6.204432240171837e-07,45.283941265928064,0.23338130291299042,2.2686285231251735,39.81773140239492,10.398802027437974,0.0008103438669965152,0.27232179840561865,0.8815994029373692,0.8679486958661026,4.464282645447736,1.0600808648984565
199,0.7898167479421985,1.4278827092066468,0.025705297201480615,1.0325247864371998,0.05125277116470381,22.689339722615763,57.639210612444124,0.07962221839362896,30.678424677961743,9.829739193633368e-07,39.009105113850005,0.2892329562196427,1.7363179767863601,40.43959889803314,11.486751692500388,0.0007946686723656154,0.28843189167666616,0.8518214205360366,0.8469134572636839,4.453210358534782,1.1166723283027593
200,0.802142830903333,1.3576735734772638,0.02690069081288441,1.0310252505734263,0.057171254437910615,21.517743655239318,61.75243077011921,0.07441369814528695,28.258656580220478,2.3557938968339751e-07,39.46635079534693,0.2995004128712209,2.079028499034186,44.51989138423522,12.472655131071948,0.0008526831626562988,0.2603032247865951,0.8524273940280188,0.7682492846968202,4.420963169485581,0.8599235452162654
201,0.7033586727990846,1.1455112289292153,0.026085885399338475,1.0497011117632988,0.05146706007260933,28.12436899959877,49.55757114242919,0.06918727844150248,31.90311808247225,1.3973947559123533e-07,48.21781700938944,0.30473870376036766,1.9460900729770958,45.82833552496503,11.326051602383986,0.0007195323124886662,0.29372140251383955,1.0470831087918866,0.7993089668826524,3.447074712881663,0.9392918579921389
202,0.82985782296219,1.3274531922019597,0.02796636233679385,1.0625747351046781,0.04757461064313219,21.82073933764598,57.33259577487798,0.08096813184627474,31.09346749124568,8.05147555387551e-07,43.69298435354891,0.291642342751622,2.0740672017672566,44.992304442379464,11.013790673123372,0.0007523632534570241,0.2766660373578244,0.8908543058108919,0.8391760799577057,3.8734873661902918,1.07170826320547
203,0.8731990784656436,1.1430019655108568,0.03446244727274912,1.1174589118552924,0.05382938311429403,23.077724496741737,50.96266908406379,0.08907367150747635,24.19848943237477,1.2130038749629511e-07,46.407069641446625,0.24866498818849428,2.011689068860671,40.36436206160701,11.643325444221057,0.0008719090715064655,0.26410977200955227,1.0764982178971128,0.8154500485165769,4.48454459537269,0.8963503207262931
204,0.7347938176346949,1.2330896944187268,0.027373902802596026,1.045794200862099,0.04825986801943835,27.079527125936036,58.20413003186464,0.08679512655900153,28.419657652765643,2.908792486391455e-07,40.19291006902861,0.3065848409539966,2.0758766749992383,36.51304667663862,11.305277769202004,0.0008170658777665696,0.27588969003034447,0.863319481498521,0.8002126807377785,4.084121225736369,1.0934190650695352
205,0.7261702502323965,1.1971538933978414,0.029290595291500496,1.0436497551873067,0.054972064501620815,25.401121334591636,50.340096957533945,0.07977621840268133,28.16716205727367,2.671437476940458e-07,46.32230690472182,0.2920217050954859,1.8298967063277012,37.5993219931655,10.75206298403831,0.0007566888243888673,0.29019382666358756,1.0734585879781162,0.8891588511516508,3.8665453087604704,0.8795711250314691
206,0.7202107440038146,1.305362225626416,0.026495186975831624,1.1052231089738809,0.04702402846042315,24.82113365014264,53.55917854066484,0.07696260839507968,30.847011552359547,3.928794880901787e-08,50.099803705067565,0.2369199702806482,1.7743953779484034,36.34509665672968,13.293943004481276,0.0009148198755576589,0.26217408593835273,1.0138434833702143,0.8414364315434777,3.634244486163054,1.0677772191654158
207,0.7903422721392347,1.1997964917169717,0.027693793558670472,1.0937596107006156,0.043023574113306165,27.353095842845875,59.986436523630175,0.08110974935426449,24.016056489665075,6.964174326169836e-07,43.32705460951664,0.23503098748182014,1.8873364898159848,38.733879480516606,10.64158220343363,0.0009074049830768591,0.2741718656411875,1.093008480408385,0.8419057579347802,3.858038947565924,1.0037927280760115
208,0.8014667974190146,1.2527696364402703,0.02651622608201466,1.1254416779052225,0.050045357599453846,25.03517528064983,54.18338876242855,0.07807414009825873,31.50281708059773,9.23377766285635e-07,48.2273604596036,0.23331728367669702,1.930967305396886,42.244483595840016,12.18664460123728,0.0008748215937692165,0.26785098219476766,1.1081220501075013,0.7997029698481571,3.955369047861373,0.9271078228068048
209,0.8565984627829489,1.1653684308162648,0.03267436911671172,1.103859786818694,0.045372343285179056,26.947845553520214,47.995068492219765,0.07833064373698109,30.64768470092599,2.580527139330374e-07,46.4443721102229,0.2694307952433316,1.7005520823953038,39.07753100904565,13.784658939747242,0.0006926032148121944,0.2627375446291908,0.8553677057928604,0.8323701629338459,3.7197551085265355,0.8642178850727914
210,0.702433408835656,1.1357597548124287,0.03154266161703924,1.0187255214405373,0.056874793377810776,25.019027594155812,51.79598898689571,0.0896995736236025,30.37957989248347,3.4693274208324507e-07,46.15902255327948,0.28051234592995505,2.262028308598851,45.57158013145381,12.833803490680072,0.0007177355752032917,0.2817902985928278,0.8742648895660039,0.8178502368883463,4.310297579425439,1.0961908779948413
211,0.7666206735909226,1.2154521127910745,0.03201777694525575,1.1364830165231472,0.05492073437530964,26.403225899823237,52.807271864412726,0.07565530760078178,30.10055513804164,6.578020412221988e-07,38.46081494031985,0.2706565261407584,2.2867600415218523,37.52372256133896,13.665930750178397,0.0008742706691762461,0.2798254023412214,0.8983558696001639,0.8262415283250373,4.543953526205647,0.8500939337423049
212,0.7643852225369232,1.240460962658014,0.032766394137786946,1.0072147257861077,0.046220445526519875,28.058240625585228,59.33096777805035,0.07475479068552826,30.349066025798706,9.232530201995509e-07,51.38944812724431,0.3089396421575956,2.023090902383556,35.31526088835984,12.079895864134954,0.0007188284763524921,0.2793549104040763,0.8730898283325005,0.8572390109935376,3.473992686830658,0.9339729052657834
213,0.8857442016431762,1.1458191592351867,0.02736243688250799,1.0548916375692003,0.0476959002619429,27.347626755186866,48.03497744657349,0.07815048003501505,30.617714283001927,7.886301761429226e-07,50.59265599606619,0.23162274430153054,2.2953258405195025,38.84745582412291,13.457563896711106,0.0009175255448946123,0.2746427360094505,1.004423935443707,0.8232492234329245,4.597979267591581,1.0000505408915206
214,0.8407157466524705,1.272314487912633,0.03199805140751031,1.1048818940029095,0.05341231988096186,25.55190709269395,54.449305079043455,0.075572662876673,28.362419115213367,5.474534868189529e-07,46.47732777268953,0.23394946814198275,1.7605427844469645,42.87104846632788,12.879758590342643,0.000710419589096682,0.28942790113441047,1.1349869962948786,0.8926218756449485,4.073664269837531,0.8935350493352481
215,0.8671887168710517,1.3063943687121482,0.03364408914038173,1.0808252644553011,0.0456685939488425,22.133090165411893,47.144558475739466,0.08942336881771995,31.545544693854634,9.422663630603822e-08,47.454403864233434,0.25340755356146166,2.2242859069241745,45.59390136352431,11.822060206450033,0.0007721811652329148,0.29552787419939686,0.9343083616957241,0.8845587083570204,4.547071796271002,0.9164153464298789
216,0.7751791030205798,1.4012253523540623,0.02768844844023064,1.103737231250415,0.04891869760476125,28.5156137237023,60.927069714194886,0.09070168601073839,28.683611234921607,7.546952799707573e-07,41.69632318597117,0.2868198823920433,1.772117811684604,37.50933242723386,12.626435592897483,0.0008893191908207805,0.2631900289844151,0.9305192747211533,0.7692219948442528,3.4194495777701883,0.9325096779057884
217,0.7882233408004221,1.122640216429747,0.02679855980187127,1.1025687458876992,0.05544620548620197,21.556957840195636,59.32190794834355,0.07537720011418765,27.275260673253015,9.57045628874797e-07,43.05243695001096,0.24545295094324662,2.198729207822521,36.61320323331811,12.444395435755466,0.00082529472834318,0.26220704720208166,1.0878103735157056,0.8484182907056809,3.514087372075475,1.071910621463092
218,0.7686190281174301,1.238994128631914,0.032204598058262854,1.0058108904636778,0.05415076572861433,25.60696941072389,58.491601856584445,0.08645871943032145,31.02913542330392,8.559009912885582e-07,42.06758285874101,0.2745437696314431,2.0171879354850892,42.73225224603548,13.14824982125695,0.0007689447735840159,0.2798628727076061,1.0330763350186285,0.775922377992302,4.4729615045810895,1.0206579214694411
219,0.710984575326707,1.1999888440120097,0.025798679090729637,1.0444360853191914,0.04477774382623142,27.36265105527524,59.275649978639656,0.0744915155743774,28.482511003611965,2.6458350736889367e-07,38.525071704738295,0.2602937478114928,2.1025474118514147,41.04451947894465,12.220684499003474,0.0007822094673112592,0.29031323677418497,1.1366956674488526,0.7671015236023164,3.5372864446869143,1.0629813802357129
220,0.8660657692119332,1.297379906299542,0.026701673031106855,1.0501210401406254,0.049542203543888996,26.165594372926318,52.7410683624365,0.08019351285237908,30.012332637813174,6.888089062772412e-07,41.75486096720661,0.24618355074785306,2.044497334976555,44.24659090018572,13.681447624308987,0.0007088128041124598,0.28806816436684374,0.9283932994467218,0.7937176784580124,4.037491907753762,1.1297937904153443
221,0.7499592135668438,1.153032341382816,0.028385890692207413,1.046470494867765,0.0558635691888074,26.23938467273652,58.69997384662535,0.07841987654271225,28.471625907213166,7.459158576917372e-07,38.77883022421613,0.2977880316528726,2.132742109349418,34.51972955598058,12.70878434497804,0.0007666653767997915,0.2583636218139023,1.0621460314840563,0.8559197114673096,4.14757799939283,0.9438223321519371
222,0.7103960153055794,1.184561504779559,0.02915166617406066,1.0426509085016333,0.0483056024012381,23.601693426955936,62.00540763648639,0.07994228961699673,31.13988088394165,1.0627664328383667e-07,48.97810074077136,0.29272292639453823,2.0868874141394618,39.27530715674144,13.448932836231231,0.00084893510317051,0.2756864518547041,1.1186011017176776,0.8992782230368914,4.201837062008748,0.951286757995832
223,0.710893504021201,1.2284042126162555,0.03393194121411133,1.0851779608528247,0.04736791033613938,27.490816583093817,53.67423815473233,0.08472214446195449,32.14287372846134,6.65107672111141e-07,48.100205858959384,0.25248013352863635,2.2105810744477075,38.43937043731053,12.741602445456175,0.0006946725742323019,0.27424709896171706,1.0671994947312302,0.7890637317295935,4.05096476413044,1.0251744396971076
224,0.8421499873747651,1.3251300865978553,0.029520395055881856,1.0483849510222176,0.050647582239706924,22.03237138803108,51.22752969827687,0.08939142885559583,24.788789042997585,4.868236913432908e-07,50.24226375323068,0.2947578160067037,1.8537502194420008,39.17299091170417,11.321943528161253,0.0007376293954304316,0.26943695925753436,1.118618303605805,0.8770136208265444,4.066968806092448,1.0193497934506954
225,0.7893776430472454,1.3773850516465016,0.03272090993765282,1.0666304735953824,0.05410230893946562,28.40325974220933,57.87837765620881,0.08616580884788885,24.548532073057245,2.512353444833607e-07,42.62266447727972,0.260050421249723,2.1540768380510156,36.082795729294496,11.080534006610563,0.0007942614776518076,0.29248845217474323,0.9867314883934974,0.8686182166951675,3.801724373577474,0.9710704909207253
226,0.7951279610480556,1.1695333106767272,0.028520863717765087,1.0502173614691703,0.051171412653138675,22.2777894546906,59.35752362996025,0.08606628892478094,29.537472790868524,3.061844786267561e-07,49.80669881844719,0.25711719519485016,1.9009174708200967,36.07559805670124,10.36180055426416,0.0008357502158571885,0.27621149116753896,0.9190431584515901,0.8094305898448871,3.9324549212374853,0.9274452099822454
227,0.7403755062539655,1.1365290886810142,0.02722479414027063,1.0013089757066638,0.04804384427390158,22.49731260770016,55.04380816662863,0.09061755135006079,27.81170219133033,4.034967941983547e-07,50.51761090108718,0.27520443950644013,2.033443437531062,37.116442387684295,13.31846358313827,0.0009190387250529952,0.25852367808732757,0.9513244757362939,0.8784982413802882,3.608222962549885,1.0699344557318677
228,0.8541278354811482,1.3544273524805441,0.028515407879761406,1.0982024854917363,0.051870768317860805,26.691755954559227,53.36142163403657,0.08319741811731857,23.948682096837416,6.776000474158273e-08,40.88899009552058,0.23528043695348994,1.9870615003842937,42.51759643764714,10.240059812235303,0.0008159059291023066,0.290915632461433,0.9963919565128804,0.85829565634255,4.426823351017752,0.9746261693947599
229,0.6966004196964016,1.1887786952348047,0.02574633313194689,1.040107169779238,0.055103781706603294,25.983844604566208,59.54411441604005,0.08711247310573011,29.36213478520901,3.0184183288218067e-07,43.75466669532083,0.2550634841070054,1.8165481411308626,42.480755752742056,10.652847081132542,0.0008555062605227683,0.2835991503409646,1.1152611537552268,0.8115773463198356,4.420876994913915,1.0907459755354338
230,0.7986301494256345,1.3712178613066988,0.02885307749717119,1.0040901090782874,0.05127865782515193,23.522062062677602,59.4265878635577,0.06820579498758866,24.75739654795529,2.7199074583481163e-07,43.96010774672016,0.28945948755383655,2.245648660751315,39.44124470136671,13.16249805448851,0.0008375252473995495,0.2608908314553893,0.8920601337533471,0.796175385306555,4.474792146121459,0.8515631078248831
231,0.6805852204082873,1.4380446207262363,0.0323287380220834,1.1273055206192106,0.05303688162110465,27.29867301705632,48.334661070353484,0.08187450740301806,26.788119508265925,5.352373611196513e-07,42.48641508096384,0.247062754112153,1.8099288053750535,35.33724067175114,11.565032337987251,0.0008792336322105882,0.2809040803072829,0.939392216347625,0.8865652061382304,3.839480203213567,0.9840420133461232
232,0.8685393300041746,1.2658828319569522,0.027793873632592312,1.0603163425212017,0.05073008794522053,28.104475049306885,59.23222486627371,0.08950921738284462,28.083551718233217,4.735919599083603e-07,43.76236544632178,0.2431183136802489,2.192923133779036,35.164353959519616,11.24321788836505,0.0007335298331980991,0.2804045549599196,1.0311049058373394,0.7945999872312134,3.614574942095107,0.9207287245253204
233,0.760069221142685,1.256773992006878,0.032575158394314546,1.1359333034176184,0.052310004516758477,21.664640883999578,54.39966447045414,0.07925392729708311,31.29294283432264,3.2096795300436e-07,47.952516969566844,0.293399727822639,2.0072996924742297,39.902286507128885,10.631639104209434,0.0006948011185540163,0.29874398614518616,1.019079006275885,0.7941993402455017,4.364259591499094,0.8664045287371605
234,0.9064235381863378,1.1713097285599754,0.03437007810556154,1.0440930970245543,0.056127662411401,21.56361811965592,49.14968337164498,0.06891622918635788,26.207703250304906,7.544789863006167e-07,40.33843392029024,0.24021769467798826,2.1270360680690814,40.72945769230387,10.411197902962225,0.0007483520441127407,0.2890004153301961,1.014206956754358,0.8918449583808148,4.3258734667958185,1.0721781397764008
235,0.8744760021911308,1.1381396195384472,0.02866928766950294,1.1218611895962434,0.04696346135772561,24.59821097603943,57.02013088471949,0.07069513113676687,29.66126362133284,3.950396829832031e-07,50.0983130888717,0.26907759024263544,1.7185368164111898,43.02154433493358,12.693863084519304,0.000907876396336291,0.29152364657153806,1.0199568667966252,0.8685206629614429,3.634110502264929,1.1222083741048647
236,0.8636851217016672,1.297887729053573,0.025867001637067302,1.06213526849968,0.04780256372745573,26.215398996570265,63.05339015450232,0.07552636758534716,31.640821169806284,6.842137419365485e-07,40.40030140146273,0.2842822515937812,2.0323331966675418,37.282137072749265,10.679028081738608,0.0007194968470658124,0.2940574891563652,0.9923253922078401,0.8373815475352793,4.283992477395869,0.9125754708222747
237,0.739639840622583,1.408113459278749,0.028279396027755744,1.022669880747216,0.054624251242538474,23.529125881489175,48.800557184450675,0.08315697313855347,25.97700658553582,1.4316068870880471e-07,41.69043402382766,0.2804258266678642,1.875745047662064,35.00107257149564,11.980372176351416,0.0007500305359193893,0.2620469040992605,1.002346518721175,0.8059733566561478,4.092378115952425,1.075321399203718
238,0.7926784892913576,1.441055130618914,0.02587466959166562,1.1100031802686081,0.04384802467693942,22.06646373805495,57.26329608185299,0.08830357882950675,25.96609260583258,5.06191103076575e-07,48.6000861952086,0.24448750170599773,1.9473767034335616,41.114904746749055,13.034621628750562,0.0008176234217029534,0.2615751509548914,1.0991404448106503,0.8727325081268235,4.267510161771375,1.0698992194650585
239,0.7893815606805928,1.3585922719875678,0.03448860212926498,1.1462302174703212,0.04529672605376296,26.03057939716451,61.06436246365781,0.06944315270252768,28.629498011502868,1.1549206903184449e-07,40.728133652664134,0.2585948962971768,2.0340015313951536,40.497539549963136,12.014348105166402,0.0009097424751244933,0.27792034918247194,1.0699288412541095,0.8039061718845292,4.293200406249642,1.0743671870182003
240,0.8406956897243402,1.3991753421095203,0.030651210262954365,1.1283459362884074,0.054988009021198596,21.97292330424342,54.14787049137635,0.0708961295455724,31.78452793005034,4.348911962790387e-07,41.22105729436058,0.297347911879528,1.7523296957577372,35.84904338375066,12.643787772298333,0.0008017815974933178,0.26702825998222113,1.0228839307786537,0.7855858333146947,3.771082733076817,1.0333181842422683
241,0.8919037171496429,1.3792395263818251,0.03128905005728007,1.111997070560753,0.04817563670947826,28.60733545152905,56.83579297013091,0.07418147061227855,24.102108081938777,1.1175558529589213e-07,40.929873546799676,0.2889841837598241,2.1887126986835685,45.1054341405853,12.51447684663925,0.0007513464775941226,0.292749109020457,1.1360410509651402,0.8562480693094252,3.486829647964968,0.9732945930345908
242,0.7397464711539916,1.4713115996355288,0.03280011052013464,1.0104890668195319,0.05164147895482792,28.638606873378833,55.392801095826705,0.08934659226240037,30.623577688586,4.7153739886599985e-07,44.2171133512949,0.24259374620790206,1.912681742068006,36.29640010789579,13.2445473018664,0.0008248167850863731,0.29713090221068106,0.9731062652575374,0.8569417404688162,4.399780223235146,0.8538631841068076
243,0.7574849464496222,1.2751296187837828,0.03385743099622123,1.130573328519021,0.04376762364123173,28.415943377620128,57.09391284714963,0.06972640577781003,29.59702689015221,8.553626300323565e-07,41.7445463232862,0.25563558613610154,1.8666156139816419,42.43008877064131,12.785805015513668,0.0008658438153539518,0.2964468509134879,0.9045484745766887,0.8578855889489005,4.174843587175952,0.9287863246951096
244,0.9140740355662231,1.2910144878157532,0.034039447281229956,1.1457660689655493,0.05600072143757946,24.6961401998507,51.366317037434115,0.08205828654452864,27.576100996802168,4.6820158184457204e-07,41.54509813997604,0.29772249910758497,2.1384344559423685,44.38371517455848,12.1135397733067,0.0007022392955938601,0.29380390227865416,0.8707753604825836,0.7779543859684428,4.532944156029982,1.01845143227792
245,0.8419993784879338,1.4251871402032512,0.03148101422116607,1.0665956932131597,0.05064499126918713,24.23862845254202,56.27364201201472,0.06805296873703934,28.069435208136635,2.3821782595742078e-08,39.73057130912367,0.29805583024321824,2.095631670383268,36.18601444994362,12.889929090906588,0.0007941879847010823,0.2610680824187908,1.1289057085429095,0.7719334159663678,3.4236914296219503,0.9269805185369785
246,0.7008463776618161,1.111521368846812,0.031379176888177984,1.0197943208486937,0.05095819766092982,23.06942371878315,62.270727240163914,0.07318054371907534,28.173499701269204,7.349872579716564e-07,42.45025390149792,0.29687089059429256,1.8883873712788455,38.654320765289235,11.749397817099858,0.0007805345892636333,0.28235746444846865,0.9178736834799492,0.8031720568424418,3.6747664375810176,0.9330835745550674
247,0.8630677582793613,1.3504140339905286,0.0341651037218163,1.1425195060940572,0.04557628170361759,22.824595269708592,61.7261913602258,0.07133503580620343,30.19395439477198,1.917597630569484e-07,40.18099495837063,0.2650787550322419,2.110435806306943,44.130024215348556,10.949343763376376,0.000703928945831517,0.29067208139730477,0.9853051675326062,0.8436413816370179,4.101041808407657,1.0782452489368686
248,0.9174941392085497,1.3577556807620463,0.02878690383748748,1.0262334738205956,0.04404318228434148,26.436656187618325,50.959209538236514,0.07466242735193179,27.524113757965882,5.27598538334692e-07,43.86799827212126,0.3069120523286711,1.8788546644876472,41.22422352614138,10.258483529971901,0.0006953052419985051,0.263952609657063,0.934402862121124,0.8229637711445631,4.089048882314967,0.8997763325971281
249,0.8188759417073566,1.1369109855597297,0.02903047244408796,1.1197145621509998,0.04962488028653271,26.24551266325697,50.43891969810308,0.084980593397523,32.068157309644654,6.509490718265054e-07,51.4870103693086,0.2970438353835601,2.160928215341893,39.75033089333676,12.26667477003951,0.0007393140819472559,0.2943552204444067,0.8540264138747211,0.8707547643481087,4.528047620155375,0.9495520974452651
250,0.8719880964024734,1.2724183419198736,0.03321251004021665,1.0943531208849446,0.04333649293231731,24.067480276750878,47.0675087048072,0.08598364786830942,31.115093925248683,9.961083482561572e-07,45.35566675295635,0.26119469866813516,2.0147363833431666,39.32195858383575,11.255302933719946,0.0008984620363060936,0.2727382586826661,1.1186986542448367,0.8374243487347172,4.416298561459779,1.0496824748100864
251,0.7926182802225266,1.3843616744317573,0.03202918444984483,1.1304062547873728,0.049412050014255894,25.222164502521068,59.35992598523263,0.08035438026700296,29.011032673618985,2.3545630927070604e-07,51.42733566806297,0.281013718571634,2.0903284220468983,42.94227149539893,13.035784870639175,0.0007030159789696275,0.27165265730320537,1.029592057643956,0.899161800388641,4.019767614010546,0.8507561602434668
252,0.9128476460119099,1.3195723081980688,0.026085142532489027,1.0517341532679012,0.05688229247438596,23.734191063178997,55.917204960858406,0.07584736466060803,28.945711923748842,4.864487575298478e-07,42.6921681407564,0.23721045581934153,1.8697864434743519,41.448442362280225,12.05200766270124,0.0007865093060117113,0.2807366594403265,0.9625026312877358,0.8306010343596236,4.087348106188932,1.0644805491120748
253,0.9113016287644801,1.1927621666682964,0.034283575791050805,1.147777820149263,0.054604010254567424,26.612623925957013,47.87779074700245,0.08672282532495883,28.934613056870027,2.4967882867839396e-07,41.51925759813248,0.2565217951006829,1.8927025804390787,38.79217511712117,12.11073381943702,0.0008696893596999919,0.27290439488903256,0.8584512693284335,0.8553524029653167,3.401981223160141,0.9914119225075554
254,0.8371683345096734,1.3448614869881568,0.0328176863072776,1.1416857138645284,0.04749407398657638,26.689794926645373,61.02037939582858,0.08824248798516351,30.496065321891,5.217048062087743e-07,48.83653799278253,0.2486348490036808,2.0079095132922555,40.549544820480975,10.739568809465508,0.000887362500660454,0.2749543360956897,0.9694691377330235,0.8402621361281188,4.109511213816761,0.9516544665301183
255,0.8464730428699937,1.2230768739130093,0.030371456574354888,1.0020026401154603,0.0435501881964198,21.876946536802677,56.9590861472787,0.08036789672161192,26.8276020810247,3.7118343366322847e-07,50.38296494985482,0.28834806491520615,1.8628755430881527,38.21595038770608,13.630642998971812,0.0007716783692564929,0.2778220858652325,1.070141238537273,0.7883159492471192,4.179068689414501,0.9202442263639957
256,0.8864544166368841,1.267268593389168,0.03429069320100736,1.0096167905191453,0.0505113172572047,24.659702398324125,51.55686589990563,0.0709859974679162,24.474949338872808,8.174656721496811e-07,40.612434818721226,0.2321067974039123,2.035369561423498,36.67013596741505,11.531184987956996,0.000874432715082309,0.28206314119958464,0.8947482337527888,0.7742277253566798,4.116123117964418,1.10273147534792
257,0.7934937150048381,1.3679809940262904,0.03262621835059323,1.0241744867257454,0.05233497360784865,28.57575573328867,58.077235392330145,0.08495277533239055,24.722044979093212,5.761988566287132e-07,40.23289758276456,0.2870619293107959,1.986964291187804,34.68758391415786,10.98853174037633,0.0007736374895836569,0.2615198932229823,0.949778289687028,0.8998931989511473,3.6637463444242355,1.0221525007831216
258,0.681061911145471,1.474627209985743,0.033088690174505685,1.0115390135144005,0.044961163761857624,25.666824203839017,49.36069681087318,0.07564724581061659,30.409612252340647,6.906391318322144e-07,46.8819718680268,0.23290144721503836,1.8274664474417626,35.435535547175505,12.228776158364406,0.0008591680698224661,0.276671881628606,1.0917976052765184,0.7665654174387989,3.5786540338145376,0.86893477469475
259,0.7776588203319887,1.1823561819877806,0.03382590416336104,1.0232866590382048,0.05454571825905999,21.761975314867556,50.67418972369201,0.07619516880492438,31.45219026083244,9.603707068623992e-07,47.096768056975975,0.2607574572566654,2.220765226977473,40.57118495190622,10.51490931769139,0.0007650044455665609,0.26101807734072857,1.0916405438060222,0.7881950568763954,3.813879432387605,1.0434615310497628
260,0.8144525468221094,1.4060559702580342,0.032275882027167836,1.139224951916151,0.050465323818912944,24.100974946771352,47.64624187297997,0.07122130281880867,25.516978985881455,1.031902221782327e-07,38.280175848951544,0.26439100173923535,1.7695491256873164,37.85779412118304,11.304387514591172,0.000779274222958408,0.2792321122439508,0.946800355562095,0.7888533682043413,4.194866761553086,0.8830366484723668
261,0.7628293159150215,1.1653138310377629,0.025729438815181308,1.1234384293003867,0.05375678004878847,27.681978618752723,57.39124259749577,0.08793750258357338,27.424997563500305,4.856567490537738e-07,44.79143167337386,0.23526582369135876,2.2111005997938804,44.23620648738976,13.744535341771208,0.0008854141213387072,0.29696026328732117,1.1432591800057452,0.8130351070721573,3.4857895290002174,1.0180300893142726
262,0.8663107310432048,1.4787268401378848,0.02790999889538481,1.050522838674094,0.05689708939701252,27.308630870117753,49.586873226556776,0.09124864191119833,24.058037241983737,8.035861946784628e-09,40.786904489530855,0.24511552662002453,1.8752640899513113,41.23627123321596,13.512248222374993,0.0007819290176387023,0.2645360030043409,0.9859480671046583,0.7768806955775113,4.451547744152376,0.9495366364938557
263,0.8183414570014723,1.4626224951078715,0.030008359546252653,1.0702751118594904,0.051782787133970595,27.76849567608411,48.42077057113472,0.0843541161584704,26.63908669059204,1.5171780931267086e-07,50.356180666406786,0.3042482039619523,1.7831542718335835,39.74530507442947,13.781409080057706,0.0008497456593730377,0.2732338645646053,0.9015056407539414,0.897960504542036,4.131616418714079,0.9663899562760094
264,0.7400085344392954,1.4717820543170277,0.03136923846501184,1.0012883678289992,0.05204541630709558,27.044393631979492,55.02975878508694,0.07105433121838065,26.935530737610016,4.793865570257139e-07,45.54971316698812,0.23749884776760258,1.9044625606010457,39.76189028242637,11.038788772362034,0.0006926608922587874,0.25871391942210004,1.0027606757137337,0.7578956769562056,3.557377441454298,0.9390757704115105
265,0.7716739886280587,1.2759539939768907,0.029190276444973833,1.0107494437243267,0.056045213219993964,27.631843345988397,53.34604341274936,0.08942100153578325,31.128659796539594,8.818706342834474e-07,41.63694732361967,0.27055250549396864,2.2824082013287468,40.2580640138826,13.18892154594337,0.0008096716797816565,0.2949058091021669,1.0036204689435981,0.867315281555877,3.5379538589444377,1.0290407884981498
266,0.6869412163279247,1.340977976877367,0.031126830836385583,1.1391355678083153,0.044949555779384906,28.247128444076836,61.437270817600194,0.08152714437925018,24.420081308345512,9.315598975200312e-07,45.74395304780117,0.2505465932260206,2.0350692758131115,39.55507981736605,10.547468173138611,0.0007991883567845284,0.25721927396659955,0.8756220015651344,0.8681232339067454,3.929650605013322,1.1402210582806385
267,0.8624164210903825,1.1750792564252504,0.030728157923703526,1.1248333056253226,0.04617233124209669,24.857865762495024,62.590264293056826,0.07748031162614982,27.08447866144496,3.0903029786898373e-07,48.84143293518539,0.271437660213377,1.9228544081336554,45.08275680810185,13.570458174937503,0.0008491435736492184,0.26324412627328586,1.0309092014544505,0.7922577207068512,4.2866830895891574,1.0301787359136068
268,0.8616937284825159,1.3353823971610375,0.031809219150297156,1.1452619586391055,0.04988355487136625,28.206403676006243,52.71258252352377,0.07295222543161244,32.171686033466514,6.67286221375886e-07,39.25112106865131,0.3008811641104247,2.1320597106975003,34.19121733421235,11.997838792947459,0.0009199653926324205,0.2733524708142588,1.1341226491419143,0.818957487189308,4.363071446921439,1.1093083456814756
269,0.8206767168547855,1.305279602722634,0.03250752570683707,1.04941156695796,0.04970483812607426,24.66139619596909,60.829149664138,0.09011762685610884,25.28596764155754,8.542513822134958e-07,42.95895060889116,0.26491811544241767,1.733087497159895,42.78223402435205,12.213383668638683,0.0007654701152574706,0.2744679253745984,1.1227829990911067,0.7839614043701986,3.939882506512142,1.0079597638106472
270,0.8853567149227826,1.4683608005013309,0.027827807003763916,1.0119596813435825,0.04514467794905352,21.6812050219774,52.84304897749701,0.07378976132996205,23.801330022935893,8.561912652023629e-07,50.09099062843374,0.2415461213123715,1.8539488542308036,45.76956935923155,13.000579423393301,0.0008073277058257941,0.27003333917509653,1.0161320745109155,0.8646601341867942,3.537241763848775,0.8851978933366877
271,0.6970318536708795,1.2034194770425026,0.033652062873224274,1.0090609121667375,0.05106393763358603,27.08082511117956,53.036738480263665,0.09036156554870554,27.300608720121154,8.291542835035545e-07,40.18511643074956,0.28714024401140953,1.8424157250143132,39.18522343706926,12.231513900798623,0.0008067165704313868,0.29822999310639714,1.0873409819164876,0.769222759928432,4.252523304586405,0.9037173733042376
272,0.7677740942098841,1.113838231709497,0.026577915039429363,1.1079021435878615,0.04773371860926266,28.4919221627023,55.705080738113814,0.08783982003005578,32.13815547273224,9.787349305797838e-07,44.84925298603637,0.27630710288481813,1.7822502894822014,41.78677287978411,11.484984990663252,0.000867199995962269,0.28064364429207705,1.0159875425588687,0.8681840473139407,4.404347748770757,1.0391589975186197
273,0.7035342979869592,1.2976482144611672,0.03346691100976035,1.1105708595709243,0.05139966230083253,21.719734282497953,62.82168081281186,0.06864559729262748,24.969539927347967,6.827639638959604e-08,46.62602800627419,0.26858230596008553,2.26085671507966,41.48461994190694,12.229079751764463,0.0006854439888124113,0.29791938244085264,0.9859942494340547,0.7940243676496604,3.999997281226626,1.1338002420213362
274,0.8613945583256242,1.1455238407002777,0.03047707991964573,1.0637747770884571,0.04486578931402343,26.255530407996886,49.405380214768094,0.08487786506264393,28.903260939923356,2.3258999523728972e-07,39.15160824777917,0.2790930339036,2.0618511307154073,37.82979290223171,11.127563162916477,0.0008591089156886726,0.2801568815839683,0.9851728241598505,0.8207739018334186,4.508772262296045,0.8543501102934012
275,0.8931517824461119,1.275117738380891,0.02579285962069183,1.1053464729367954,0.04490347721340861,24.842063429291112,53.794787139906404,0.09035649546691743,29.563985532851476,8.897970999120511e-07,50.067196616458894,0.2843965040677305,2.241917147561222,36.39061405637209,13.023716628567415,0.0008356369775175061,0.29736568197832536,1.0484105725042434,0.8561291280673109,4.033693749703007,1.0468669091827494
276,0.8161328732889894,1.174879500298112,0.02665230044525126,1.0814202451195927,0.05095835637518463,27.419833649661825,59.77728272004578,0.08678037151029669,29.274090611663613,3.482302615205167e-07,38.285563945508656,0.30155402250912694,2.130581307815958,45.163094012733566,12.75668335555952,0.0006824630570657793,0.26028370141768736,0.9038614081767838,0.8053195716595244,3.9982420175609708,0.9203793197415656
277,0.9192187412295162,1.116174635842285,0.02939634299066248,1.0590699798422674,0.05381811086609982,24.627769669541472,48.39032709917515,0.07620045464262884,29.518663417814462,8.620167336440741e-07,50.30326048182911,0.25090050419053156,2.234108218290772,45.07770286296509,11.855072228692945,0.0007827495776338175,0.2722177840507462,1.050081683521919,0.8970920193846144,4.247580272687012,1.0036241447303635
278,0.7508408422497143,1.472134460451467,0.031029886186833885,1.1280926546604158,0.05076487946797657,23.27262795689382,59.94995617595967,0.0913739983229845,26.84044653651316,7.832545350956869e-07,43.37569548379613,0.2943419910398798,1.8192786117746857,42.683394027827866,13.511007217851342,0.0007588768824535742,0.25667409099321603,1.1319627119912914,0.8367212404448164,3.6884470902824478,0.8625370808685753
279,0.7627121655898361,1.3265476647659133,0.030136654313064577,1.047271214157093,0.05172751171064385,27.038116901008145,53.425586101063104,0.08540838674647346,31.688470339275263,9.859265289115637e-08,41.09595779968466,0.2810928281929562,2.1353166046292027,44.52075876257356,11.340202615965092,0.0008769270460589181,0.29922342500964133,0.8922380358874361,0.8913976441338967,4.449242909655862,0.9414547801039334
280,0.8275015092879644,1.3451374434243204,0.026607345709361286,1.0561087390667716,0.04758880271355287,27.10201170597093,62.63740796949098,0.06920689134525508,30.77942941456613,5.99211495748743e-07,48.218269485050754,0.2872837248026266,2.1680797769482116,42.86995956334612,11.669651457830746,0.0009014396989022703,0.2675367965382099,1.1035615696033552,0.8438196220291126,3.4897194308480803,1.014450954433368
281,0.7162331813082771,1.4233043057590262,0.031452620608847244,1.1047277084421794,0.0560822991279011,28.232540884913483,59.25143846184643,0.09000671530710466,31.886480790613025,8.339234140548012e-07,39.37002494886354,0.24877841488563565,2.1775696567035405,37.593506404654846,12.753070421377318,0.000768051968835979,0.2827377819054032,1.1489024675230834,0.8705325033707774,3.8499393735839904,0.867769284469584
282,0.8465763741474356,1.29547301235617,0.03401910602289357,1.1187301658351496,0.05170129096627941,25.571435719629704,57.952716550534404,0.08305504211662056,25.669651869568384,8.393711502554572e-07,42.39131188312311,0.24442268751463753,1.9141125411656341,40.70307359003424,11.603279025365648,0.0006983414380816962,0.2812275727210911,1.07328702150617,0.8873993995480323,3.4267408284498777,0.9386237898841412
283,0.7302338919413007,1.283149111258006,0.026680905318530287,1.0650182756317803,0.052365043790149425,22.640896612350282,59.46066936458129,0.06965821478235298,27.76647201213131,6.312166243975261e-07,50.56682111946883,0.25826132400700264,1.7386244660312353,43.757634242214245,13.364856790279351,0.0007850866467586469,0.29103481749885696,1.1202585878278917,0.77409304636069,4.457048023663211,0.8530052519400827
284,0.7763584139667202,1.273672974861523,0.03254887722955719,1.1352446073760574,0.05664069709542245,26.166259529959724,61.73523543879057,0.08720513880678976,24.47119731180313,8.599441764117751e-07,42.598950829072486,0.2703571892505917,1.7464070248627217,42.525586150814135,12.274089863954034,0.0008191805299527994,0.2855483057617823,0.9911508048652128,0.7841586632571032,3.8218732419387087,0.9310204343759713
285,0.7308411235887348,1.1559922753675114,0.027985821463266194,1.0481348439316678,0.05313848487139544,28.08543713223709,50.81084005698798,0.08163430133526865,29.900260602179678,2.5296905866141425e-07,44.839932018011936,0.30202086665514316,2.1481292697832157,38.53882223215951,11.815862979048067,0.0007727745417658214,0.27534571737920177,1.0930547769196808,0.784608604263859,4.0868840888348394,0.9619698801063661
286,0.8407590298800901,1.3271167569921598,0.02563821230990115,1.117918394959182,0.051093091477976985,24.444614951562766,47.585642965790136,0.06943208800410965,31.060973100672992,5.895861529738918e-07,44.131076373024875,0.3005670042002828,1.9683355878245041,34.274237791134794,12.615644783694759,0.0008049353211380424,0.28360613128996603,1.0068621230868897,0.7845041863475488,3.8851911507927586,1.0792273895467988
287,0.8129410922975889,1.363711738491207,0.03267974067894005,1.1164036106403223,0.046800582998262896,23.641482082713335,51.89899317118453,0.07743297750399623,29.957802758846032,8.70090008021716e-07,39.866445856199974,0.2536525486638695,2.1034001645349494,40.43138160616195,13.027289179877656,0.0008220408021378765,0.29525717038673055,1.0787912255179448,0.8204839208280913,3.9292546491641365,0.9114020969700607
288,0.8746695733372641,1.4764987489506816,0.033592063602695156,1.0851396928246053,0.05562334795959569,21.581653047152614,52.00012223607067,0.06944369486887265,28.17266507979743,7.608958574892443e-08,45.47266902851474,0.23996978973829786,2.232838621624565,43.95838144924372,11.590277956146837,0.0008383382630453207,0.2847510106075981,1.0248943227432181,0.8833951079228795,4.186328948864512,0.9791353262770686
289,0.769224625247578,1.183183275070541,0.0258107284653306,1.039477419737887,0.05152005609562576,26.80055272619728,46.78160324347769,0.09083032345701932,31.478425739110524,6.379200815562344e-07,51.341997547545176,0.23384483911882326,1.8495407500624788,35.18788396136953,12.842910497634081,0.0008950268113896609,0.298021227044694,1.0361996615007452,0.8148788777322223,3.544079715593249,0.9080537577273652
290,0.7683226186047482,1.1940591446244178,0.03427610558898264,1.0315595626018617,0.043081734563355414,22.4227975594241,47.25838777249412,0.06868910890425749,24.86561364205036,7.82816739948572e-07,47.573682580828795,0.2355893652540642,2.0082282591490146,40.662848511095085,13.203646253274144,0.0008117558637958677,0.2983545829903385,1.1326204982977761,0.8521452622751797,4.282107733971286,1.0784654215001228
291,0.9166299012859996,1.3310691208266663,0.02699822793900871,1.0619946778272513,0.05127385125841761,23.46910492884451,50.3727176350508,0.08548659032314038,31.60277903069585,6.195612571842385e-07,43.456766318558614,0.30833284180283416,2.1246901480084497,45.725718122425256,13.587155054196275,0.0007908350439326739,0.2814697272804659,0.9694801255955133,0.8300065210813936,4.141623816067778,0.9389839468335235
292,0.7824751454259196,1.4283955192079125,0.032048738690434654,1.0234026576124056,0.0443210992791729,27.480217437154952,52.50902500744601,0.09029232409756996,26.440676350008502,1.0918073302463005e-07,50.36927322937973,0.26314068816932007,2.0728969589762163,37.8458820852104,12.440502569635845,0.0008545026049392781,0.2989969517472475,0.8660777645426617,0.8919820815156283,4.067721420207816,0.8947005657757374
293,0.9119907475973836,1.4098053840733475,0.02730145032505592,1.1046516899688499,0.055636311309707746,24.205857987610152,47.61665462293344,0.0688253292010761,24.066715352572288,9.701488438032342e-07,45.23519417875443,0.23173252653699322,1.7257036272669368,41.56627442202637,12.990281870862425,0.0008908959120500279,0.2606067042935676,0.9966896119983658,0.7946431158270748,4.487766817716948,1.1184768914720273
294,0.7190001425151197,1.4928909703888635,0.030250523297876263,1.133679148244855,0.04457646438663593,23.289089365511884,48.91551489157879,0.07755560479739215,29.01493452757971,3.3671653159219824e-07,41.85469815996295,0.29322061502238056,2.1589224628104553,42.033536041081256,12.522643504688846,0.0009134726812458153,0.29806777817669056,1.0499636929492109,0.8060340600093163,3.9518438194275403,1.0519117580268917
295,0.8757219824540147,1.252595320985243,0.03187271274501361,1.1079581004297152,0.050476302824983284,25.84063053610635,62.40319932372637,0.07382801849729452,31.051246242738,7.723910403894917e-07,40.03436388774616,0.25008274432228983,1.8470980970949784,40.214816605434244,11.447355238061899,0.0008120342670621326,0.2799993716107461,1.1472239283113,0.8279158014665916,4.48843769378773,1.1351896083887318
296,0.885950732536732,1.4191993755589278,0.03255177472542934,1.0586522021690934,0.05387864708975332,27.50325342926402,54.13633331875657,0.08488317014215052,25.77061210198426,1.400016730637714e-07,51.22157889979314,0.27471582474388834,2.193916494898721,45.42030858322234,12.691868536918276,0.0008642620004584941,0.26630448580076843,1.068392671837402,0.8826352782756167,3.6828921469456986,0.8868282153939865
297,0.8663633992419714,1.112933936776716,0.02668160247615871,1.0525750932487203,0.0455232974328145,28.385879923091636,55.565186136214,0.07473020308553445,23.984008784912795,5.514318009775819e-07,45.535891208909185,0.25805530445185276,2.0097675361559637,40.218660205233,10.923440293836679,0.000893289670532394,0.27490138771022665,0.9625185094648848,0.7796938953406153,3.6843827781854523,1.0435130163865025
298,0.7509444781229336,1.1836237714253264,0.030129241537462877,1.1118736383079753,0.046231329499442676,23.78296286844211,46.7528917708755,0.07956888274396327,31.23418443475802,9.067988058520553e-07,48.993115391458076,0.246200357106357,1.9003434191995483,34.9888632808228,12.182106945434201,0.0008397920931309753,0.26521020622468133,1.12380081751571,0.836516193303669,3.7059181394295937,0.9456967935457373
299,0.8419111040669288,1.2523403868463634,0.02701848121677813,1.070712432624033,0.04567089968328123,26.37053014265011,53.75698621166187,0.07433809195010674,25.087568818872672,1.1930844354318247e-07,40.090762022831804,0.25951464481602415,1.9326225666120944,43.35441057674923,11.415537435810723,0.0006864205143273589,0.26794315575946426,0.8703684560726784,0.8038568581337123,4.000051456287371,0.9329555440119931
300,0.7024976450229047,1.3361501619854625,0.032794569480099706,1.1210385714086324,0.04836081203396134,24.64379651424784,60.49337390668309,0.08179647704099435,26.29600025432417,8.602833438262703e-07,51.37432561172086,0.2953422017465284,2.0869527506629337,44.907169507360145,13.412723894333462,0.0007762142703995707,0.29511795282827985,1.058965195186278,0.8013557465916712,4.343567930494992,0.9332560366166767
301,0.6959049627315892,1.1619713242630039,0.02593085546420783,1.009984108269891,0.04534269013683408,22.10909470756419,54.243402184069026,0.0716552317430263,30.237388175406686,6.426880953255605e-07,41.71498729509578,0.3049000530095671,1.7555314354925189,36.93577409070968,11.527624825403999,0.0008955645430462251,0.2802186195111189,1.0569016133774862,0.851852953270034,4.4587672288699185,0.9336661767330324
302,0.8678239229704149,1.1226451814233087,0.027519056919527444,1.0617156253526498,0.0475267256922532,21.84966049892634,62.13173876878568,0.08529240916045423,27.35233052973573,2.991884650718357e-07,39.43713329464282,0.2965876223098817,1.857818494263789,45.35199465734218,11.198909535636746,0.0009166057367539525,0.2923183509591858,1.0623575175212574,0.8976695491891806,3.976497251719509,0.9550847214287875
303,0.7026094116014489,1.4418494144522556,0.02661762370368879,1.011632337731766,0.05121798010606896,21.77210403441436,49.22438514063176,0.07524812702399626,26.063677614535127,1.0214059750700554e-07,44.92021818139575,0.2587393895718356,1.9554329065472078,41.809796029208904,11.086268600926159,0.0008847932949251732,0.2594539532837938,0.9649506560023066,0.8553786409669537,4.145636129088447,1.0628431777860519
304,0.9071493901893888,1.2630443656804227,0.029429725526887766,1.143036227624727,0.04601045994140672,21.975681569687957,58.31260811069952,0.08816787208183727,25.947743701200572,5.845542323024743e-08,47.379978585317374,0.30092085754042797,2.2210477485182563,35.45431512300084,11.52445738690947,0.0008075723747846408,0.2584085047424019,0.9402857200606758,0.8077117938014098,3.6897369042998105,0.9946742132970277
305,0.8082004409316216,1.3488732456615673,0.03296511970828795,1.046138966995036,0.050869217662510756,22.370495099736917,56.37879871209699,0.07104580828852439,29.674141927127614,2.0568725453803205e-07,44.21533923952515,0.302899151110856,1.817008743214621,35.51087977382548,12.837959000979312,0.0008217658425291884,0.29446227705397277,0.895489041513717,0.8944439370375031,4.158103670461663,1.1327772195013432
306,0.7250906826869989,1.4410322646899993,0.031237340103129386,1.0854948709964063,0.056023332029878976,27.940083069440433,62.15141289592608,0.08999620198602683,27.34615027827361,5.689896116275961e-07,50.302406990909695,0.24244454283198957,1.7213417358606222,36.063363379678854,11.935169849328544,0.0007374002658412848,0.2797299291285661,0.9364754012699893,0.7904951920679208,3.7073774448894654,0.9127413358006842
307,0.9180456851532851,1.2492181257381785,0.028357676104674764,1.0072463420603186,0.04908565108845978,26.8546862548478,50.1332918250128,0.09076304910384728,29.880430971391135,7.993279845126658e-07,46.042414780741865,0.29667116524812737,1.8094747631350059,39.939705299108084,10.310556731603242,0.0008134222834789721,0.27040288719460165,1.0183052239198649,0.8826337392222424,3.8927787116937607,1.0149938757933459
308,0.9125473735484416,1.337220546171172,0.032958665276008825,1.1038356528783275,0.04564228309749049,28.091103714209154,52.637632593139685,0.08865257142733599,27.5170821582249,2.3081538893979435e-07,46.8681678753908,0.24690986395747724,2.1302557726090487,34.459265877917105,12.399789867275997,0.0008518284681196783,0.2645347738760751,0.8685948110368295,0.8453985312005907,4.517172574276556,1.1302588468582824
309,0.7342230387261605,1.4839268796540437,0.02712473393888411,1.0767842921164235,0.04493401095110725,27.132655442317578,62.01164859395766,0.07580223532747432,31.83958955362891,6.635124999438109e-07,48.304724111416924,0.29294442731557796,2.271862719434653,41.982810016394744,12.624715959870072,0.0007426952881061628,0.29626415133998485,1.080284077908677,0.8917369077710207,4.1616639996968185,0.9194528352954114
310,0.8336264858533948,1.3211512267571768,0.02711637637778777,1.0461955715193743,0.0570891729196251,28.64297949346209,55.599359351373806,0.07708027141694367,29.845913689744407,3.621367739209502e-08,50.835292438326185,0.265134882008337,1.7476498288804585,38.86665292246048,12.91261369839456,0.0006849707478635854,0.2948002236850985,0.9597795213498361,0.8250162541442262,3.78530545740241,1.028155408561053
311,0.7642636653063283,1.2318553654805084,0.030277035815100183,1.0602620143950459,0.05563142431889585,23.799351366260883,48.762946621387485,0.08442589934790733,30.23123998714465,9.357182280643452e-07,43.36080627824029,0.26595332694477203,2.139434290206025,39.188511243873684,13.790399749084763,0.0007949219948758203,0.26284791481268227,1.086952487958157,0.7712020256137422,3.817780765951397,0.9010454128722822
312,0.8661910357213233,1.428775719414803,0.032324158194980385,1.0643428654724274,0.0540369077372912,28.029633823535686,52.11490008220384,0.076228977498682,30.93210726787147,8.526164186120888e-07,42.74345643712835,0.2784550378835029,2.0675468836519633,34.23216519523,12.362261070847024,0.0008936799982311611,0.29129843010028283,1.0926989968850682,0.8861745722128058,4.144552928280456,1.0899911053418898
313,0.910832161220908,1.4285128859430543,0.030750524495204216,1.057571186981528,0.051069363287495534,27.480996696433333,62.61004868725917,0.07072205384788235,29.35562433355524,5.11619679349615e-07,41.9151469467034,0.2468049763657455,2.1965155456183028,36.401675017345646,13.476483614123985,0.0008385093564514654,0.26186645260364266,1.0799036680523282,0.8300649532400876,4.061305510310621,1.102055924840103
314,0.9159849897474259,1.2526211162912593,0.03186889034473937,1.0153349955623536,0.050296241339422953,25.21872975837686,47.825272889756604,0.07838398038666072,30.080860438996858,4.152038865722351e-08,42.41110740643416,0.2837321950062924,1.76404636916625,43.18411657162761,11.940084416316143,0.0009089278576254506,0.28494854507313727,1.010112942347552,0.8849020651299285,4.066759257072484,0.9381639362538085
315,0.8233864814083026,1.1916121837346239,0.02941806792430623,1.0606127340780176,0.05736995549662736,25.262986032470863,51.490865227390024,0.07345301146485687,30.603943277021322,6.398552318280012e-07,38.48826167896009,0.26501287620209996,1.7457548708589838,43.152082155098896,13.594441914433439,0.0008799578739655914,0.26533797811703375,0.9047353351572869,0.8733361071350527,4.578997419356261,0.8637047745639337
316,0.6871293218028178,1.4123372773865195,0.031202184904931086,1.1493223521582687,0.05136205835119346,25.030682799604286,56.41487237599124,0.08686321631765026,31.331792367653502,8.877530763171714e-07,47.01837603403722,0.2518299600395821,1.7751881757524761,41.70852583547081,12.48069703162816,0.0007212746357796536,0.2753327615403215,1.0476542458863967,0.82844312488619,4.183886911180147,1.0230662716818812
317,0.6900056183617128,1.38709135760498,0.028460129626224445,1.081808382508398,0.051456649926702326,22.081261346020803,58.927320599261165,0.08066551825232723,25.42487595314667,2.2249613212625284e-07,46.413605360800474,0.2966980193420596,2.2036083619747893,39.66839374312974,11.178220612031131,0.0007786527379843927,0.28043244136586887,1.0796467696206373,0.7599338583412371,4.060883755695976,1.0494410587061296
318,0.6952446664150594,1.483690750362615,0.034127533992359134,1.1321675710320596,0.05651084797302797,22.407337382599522,61.84369677393374,0.07569546809572816,26.89157713933154,5.701027982935824e-08,50.5590549878524,0.28359262723500467,2.255438235320967,45.96050963889327,12.819566671014082,0.0008258373065862062,0.28152201108070823,0.8994505930841166,0.8224824778716149,4.1003417784123135,0.9806710190587793
319,0.89004179121991,1.2857502269529297,0.02596965264402631,1.0323339224488544,0.05076176371068302,26.78590857096549,61.60637075941189,0.07812629328844059,29.558658865021076,1.1290768928465821e-07,43.79106106483017,0.25707175360184925,2.2973678982205588,35.76867223967552,12.439265314016854,0.000855200049548942,0.2554277395897179,1.0015513736536747,0.8794961288456893,3.7501061605677113,1.040617567453356
320,0.8228241744686624,1.474274165640572,0.03327023245322044,1.0369887427430156,0.04654295131085397,26.545237456397633,62.6601401862435,0.07224823779947227,31.761721336686254,8.168138221565595e-07,41.962734263120026,0.2738575760472277,1.912232454880229,36.557974669931106,11.81888144760813,0.0007265993639272457,0.2639012837582623,1.0156971917176574,0.8548030930982994,3.540241455609924,1.0391602302670144
321,0.906626731650251,1.424913745779157,0.03257762658667527,1.032049594282785,0.04359012249464094,23.940879490422322,54.07662208314311,0.07333680670469572,25.40304457778839,2.18001267674638e-07,40.630930171184666,0.2317496269201797,1.7300986455100718,35.03600575782492,12.457710879900372,0.0007010120094676631,0.26029344338186006,0.963383586892554,0.8415126481629945,4.364336560247257,1.0705781993757797
322,0.7984265484916058,1.160811532537893,0.026904734910544518,1.1472184047989404,0.04706849743565494,24.24207976925821,60.077803668453065,0.07262536213429373,24.16585415760418,6.470496030580707e-07,51.053901169870194,0.3062993618177555,2.103720054599718,37.58845905407381,10.890611318630702,0.000868487968013218,0.2745463497942934,1.0226355812451782,0.8997011360122313,3.783961568391847,1.096789883586265
323,0.7708314637372731,1.2633031362465656,0.03346612527587036,1.0292962202834033,0.056176439978388476,24.349569818886376,60.45222315899747,0.08479696604243728,30.45177411237335,3.101849875848828e-07,43.20049188285801,0.29561210458409015,1.8733136698906505,43.32393685956007,13.523759847798818,0.0008563986372080753,0.29172975428909725,0.9679283206869655,0.8599540052388672,3.4764623884676644,1.0151750670903283
324,0.8800774354402591,1.3394266737238725,0.027858871944854206,1.0912086335585196,0.04380335460645949,21.407710289675087,52.324540317268344,0.06844227060670238,29.087545574940567,6.536381971354349e-07,44.55116287753881,0.24973823099767514,1.7810032378622485,40.53809579269331,13.612253044098207,0.0008718875847037498,0.26756924238031443,0.9313948878824058,0.8458180500122885,4.362207803122129,0.9144796077884062
325,0.8816939535663217,1.4487748283316728,0.03221720292709312,1.0090694424062316,0.05665382017972667,21.70215108344131,59.256284229410866,0.06862173129617598,29.463033959866358,1.0427131875906259e-07,50.64359704487544,0.2358066133040379,2.02387760434526,42.681543920940065,13.627998882815753,0.0008132878301247344,0.25910317875159616,0.9484919383568593,0.8783344891572523,3.6236046037460636,0.9236587330236868
326,0.7962829634346867,1.2547516515041464,0.032907015294990745,1.1435959149550776,0.05150935858611386,25.749245004504996,54.70047131325585,0.07134191162195318,29.82588056412812,9.944805297530645e-08,42.329212660692576,0.24723208595569968,2.0645131133769317,45.64852096155439,12.869093345510123,0.0009131030683992021,0.26648763819166366,1.1071369815124477,0.8309764470938663,4.0568680010025355,0.902857200548387
327,0.8999369497385481,1.1432622179371013,0.02624697847793848,1.0380776089048411,0.05162313855613819,26.027915594833722,61.654710145079875,0.06926756273951451,25.99497574203297,2.9040276208568614e-07,41.79076312307582,0.26782145497926674,2.2384038838230333,43.5870540183211,12.589750391566984,0.0007972106593969735,0.29161061680252504,1.0113951889231054,0.7715933915021799,3.5517276168905627,1.0893243966145696
328,0.8229194972556783,1.1698429184479333,0.03215915315575578,1.0610515429315515,0.04254175628093537,24.850405384555405,49.783919767742994,0.08382758231168609,26.365863060410515,1.489858622914508e-07,39.382061718409155,0.2972454337095918,1.9816137249486443,40.22217952890358,13.232255435111886,0.0008161224214717275,0.26700571172354065,1.0331290943445177,0.7868252071239616,4.126113048455046,0.851928117878526
329,0.8989067818407935,1.1130252773723355,0.029800858957316104,1.0423473049959595,0.05069370774621574,24.6534006565158,62.87930597623039,0.09153979679120511,29.93101442391674,6.043222820871219e-08,43.76301507201781,0.3097489096270385,2.2755106882821203,39.674578805291205,13.709762127066572,0.000862859706101491,0.27576800677592656,1.007752614014936,0.868412075522236,3.750812337438816,1.017134159156358
330,0.8724038382071474,1.1285038816902724,0.03207658119798031,1.0595258321044865,0.04634982221372907,27.472709703766157,53.73302859581705,0.06841062746017691,32.06086099442313,8.565635298019008e-07,44.852594796448265,0.2746094853084357,2.2392598007145184,44.87695258295003,10.477364901432338,0.0008972151118608675,0.2733450194057236,1.0576127921459761,0.8199627336080643,4.222618886403246,0.9748755969043643
331,0.8389338875575072,1.3679473161603672,0.03139543677990976,1.0733365633383307,0.04481957899673711,22.265100009054546,49.726993021270204,0.08055863069217176,27.58210105365282,8.134471587650471e-08,50.31809174529486,0.2708277459845761,1.9751321017360954,34.38881765954673,13.522325154725067,0.000702661759251698,0.26082084024817564,1.049941904461924,0.796648253286986,4.0879742667486445,1.042813019252805
332,0.7514656299247436,1.2197563536404263,0.03264503212612666,1.0401999138186904,0.05693178057218341,26.589182700658583,57.30509491174283,0.08852859868068684,30.282368346790363,1.2102325769142007e-07,46.12846393675815,0.2637723693070268,2.049588296839043,41.49974171278139,12.01680730413783,0.0007035965669411544,0.2850856976665777,1.0335425993918963,0.7959358358344112,3.4952756821665614,1.1261440468761712
333,0.8464963563300627,1.3107825015416463,0.03012580119799117,1.023704768992339,0.04531541386293358,27.229447126083027,47.43894196527965,0.07684354372874058,31.8335565249339,1.993133170199862e-07,40.379956042157716,0.24709315435072984,1.8260556900415246,41.782969832545504,11.081852423734217,0.0007936624490668308,0.2945526816265676,0.8854324947019878,0.7826429203764154,3.624617201843133,1.0128854227954471
334,0.7930230886914721,1.1863703869212536,0.030925169671991565,1.0882294256528915,0.044755138296998134,24.752088392927316,56.16057268296724,0.08221048561705682,26.07626412372822,3.098432346037172e-07,40.27310621148403,0.25762138974253834,1.7497415985363323,37.717740099155925,10.803911217386805,0.0008551253764885966,0.2654839566853352,0.8783757139658641,0.8155447958957407,3.7578437150436343,0.8706909685491732
335,0.8550844798042785,1.483227303548864,0.029351759629665235,1.0268857449591917,0.04737133139766674,28.048789310811834,61.64512411053604,0.08735126108661682,26.03819454575318,6.522319296266886e-07,45.24057359619329,0.24751640640741968,2.1571213875598874,42.07222802051785,13.677883922714196,0.0006887331564913581,0.2996173197870667,1.0597293341632665,0.7830544306054488,4.372789316425568,1.1009498001757598
336,0.7725781997188589,1.4214691784156115,0.030239535823657966,1.1291276171372098,0.05614490038203168,22.45452462001862,53.97812340769873,0.09063833922365172,26.276096638450436,1.5168578916528273e-07,50.01440418853607,0.2298121071533014,2.2371000409364363,36.132075151349916,11.683022075286756,0.0008873089977781164,0.2553407909921426,1.0863069023046628,0.7693901835842791,4.16856334337724,0.9628121065528205
337,0.7829072945598898,1.4424349929229074,0.031130704116671626,1.028525300679998,0.04506245973177344,24.221553909923053,53.81718600151581,0.07560376995812819,27.93357721254196,3.122540884936551e-07,39.58822728800628,0.29241061545451646,2.0780389346194994,44.60649622733138,12.44242416709679,0.0007035700718643978,0.2688726416144399,0.8866127675607417,0.8617278997803867,3.4917391488407272,0.9701717439670111
338,0.7023690430719225,1.388840765956699,0.02742135615131568,1.0788733450583805,0.04643832536509535,23.83415851113863,55.313579088191204,0.08049897372205889,24.106418136941684,5.197141445270449e-07,42.54940692493984,0.24757162087691195,1.7236036766094405,41.05394875767919,11.54689105830261,0.0008120490995068056,0.2653406480198886,0.9026641932086739,0.7608181516984414,3.7270562765345465,0.9145747371407723
339,0.806573745857963,1.1326798726449727,0.03387752126180207,1.139724175506462,0.053247749464476114,27.978061467748255,60.38852189253627,0.08007382996369784,29.335659895133237,2.525873547881002e-07,48.125369820338435,0.2666005626691705,2.0901988276434844,36.6536287351403,13.558463995156336,0.00077777902656073,0.2971829694411068,0.9434251596871058,0.8478227707155843,4.397781516650439,0.9765206768296453
340,0.8561470114659873,1.1670801216927307,0.03207381204624922,1.1117398784390589,0.04610451631646542,23.373199426940335,57.833285349494886,0.0791852541439764,28.016525723087657,7.655945081053346e-07,40.256219548094585,0.26484210881743153,1.9113528820185144,43.308880251782014,12.61794850254909,0.0006833506642038308,0.28022041316153523,0.9306419696282072,0.7991023102376974,3.454381854212759,0.9775048826676258
341,0.7859158871327103,1.1399372198416005,0.03288172268201292,1.0785356566272737,0.05275931771876044,23.191763408469548,59.49135279148525,0.06934773385808272,26.23971779373513,2.375433200579039e-07,46.39565190780836,0.27237112939240216,1.9571421464497587,42.5025648792211,12.750538414172953,0.0008668668363749477,0.29474636143899324,1.1312189191266016,0.7591759260214315,4.385906323357435,1.1195813871092506
342,0.7631256837262607,1.373656849695034,0.02803148332920284,1.0114787192016323,0.04902259421515348,21.36915709411623,48.96754127691429,0.09005355749743829,31.403064245802266,7.469225067294701e-07,39.06740949093417,0.25171037274200225,2.219242859979134,41.6433301770385,13.442080307332866,0.0008431752871041626,0.2551866009556653,1.0198617613740488,0.8411870360620605,4.290128040882618,0.9830579748688789
343,0.8337970328320493,1.3496976905529543,0.027944799626021394,1.1129458726032657,0.046008495611614506,23.71039042704578,47.789195021426444,0.09146282827262561,31.390697291243235,2.4832030397633155e-07,50.2681095227156,0.27929362493707577,2.071146203051942,45.514508782933405,11.42075783384931,0.0008127428856257315,0.2991820481395485,1.0244450220645063,0.7920570869398671,4.2201715937633875,1.1321246505436526
344,0.8053522962773861,1.3489609948831844,0.028215736624574907,1.0625576782427286,0.053459095480557633,26.824163873440355,56.01135710429821,0.08006924555321283,29.453047272093638,6.347624380319454e-07,44.07842271182838,0.23146353067316353,1.8814461462781993,43.66528305815454,12.788099117233303,0.0007424601914696491,0.2647268852524609,1.1323391817357316,0.8501484325505365,3.714033600190231,0.8508844105024815
345,0.7648032789364921,1.3431075721941703,0.033381193521431964,1.0512741452704675,0.05155174049209497,28.071970350330172,61.68708863805431,0.08846918442114325,29.202758882317507,6.025360792811838e-07,47.91328567867649,0.2626674383918355,2.149851784911081,34.28560132974107,13.560474168076228,0.0008521254960083071,0.25552400448329887,1.0628642070592444,0.8392630718599811,4.139469572729465,1.044829090904713
346,0.7097634649648591,1.1206667847410356,0.027400861848662555,1.0121475447317398,0.04574480658416482,26.68204634935355,52.255681178789786,0.08177855410655097,25.95651341923752,8.681630156052012e-07,39.19183046468196,0.2741517635528049,2.0259723662842726,43.37781586398458,13.368520729508235,0.0008580948374319643,0.26009017177643146,1.0794959570289495,0.8244887706164457,3.711075658836795,1.0785680524066878
347,0.8717928953622976,1.2947132644754409,0.033022756360624766,1.1234385306972863,0.054084024970502624,26.363509874712527,56.16607029637649,0.08010780079856711,27.75488781707605,3.8403077916041073e-07,42.37763750640335,0.2443841218986615,1.7633268967493914,35.458338270299734,13.45778172418047,0.000897426496414596,0.27655898759271036,1.1265213844673412,0.8742837519319256,3.9641996007872002,1.1329940292611398
348,0.7597087008104166,1.3346890960412068,0.034159313303045065,1.0349928307116032,0.055009166720201515,24.039240997594167,52.83795686039962,0.08811066266423251,26.387036659074965,3.9812691033238885e-07,44.25591034632336,0.25156128649612736,1.7100418143899634,45.7620922813631,10.243568914005072,0.0007917898147750908,0.2810106940471308,1.0020155982627044,0.8159945864443089,3.4363676286547924,1.0466855850390677
349,0.6943334110658811,1.2398173193761701,0.026285759276985066,1.0697090415841528,0.05703357591065461,22.931116595089616,54.90502354590869,0.08018761157537842,32.03356249511368,8.181635160470602e-07,45.52353515087594,0.2673932456995893,2.2833761652880575,45.960680783436125,13.355696627747381,0.0008712214978446699,0.29219770765083136,1.1449131073570367,0.8696244907853797,3.490402512432757,0.8672546192976609
350,0.8967427030560706,1.4370913318092562,0.030736792245737502,1.1250546382316733,0.05663533109014917,25.370573504381884,60.2638004958544,0.07961685523573994,26.90870464122081,3.9569858057882845e-07,41.40849041590758,0.24010477100284133,2.2737186783369,36.4150705751507,13.405508334979462,0.0007250082318927996,0.2623930403123021,0.9756902972853316,0.8696655530685925,3.66572640781035,0.8668270799031847
351,0.9034797623301577,1.4775301526511557,0.02926513304547103,1.0723553193037842,0.0530953765947554,26.789930597332738,57.397675579933605,0.08337690416375186,28.271055046072394,2.9910860371627234e-07,41.22801369608198,0.29338693372184615,2.06858803585188,42.24652988218633,11.13284255125033,0.0009174494883066672,0.28326722797083204,0.8502563744255001,0.845639488100691,3.6172009144591426,0.9462279250329458
352,0.7779714845619232,1.120777279337307,0.025857671713342127,1.0703996128351554,0.05333541295241548,25.133588678542356,49.73548199411338,0.0691846297271976,28.927274533870758,6.05798111408139e-07,40.574018409268064,0.27348737762503306,2.139277141052148,45.813502456819386,13.335723587614307,0.0007046483405022654,0.25800505607318974,0.9371010817965719,0.872655602557484,4.489815987293044,1.1369518382309587
353,0.7303362722455687,1.3118246231666595,0.02735767323513531,1.0672822413814211,0.05387630318492151,27.62633848479748,54.06282301725124,0.08184003027515156,28.804331073297988,9.477863787278508e-07,42.14005437756249,0.28953408129740554,2.1245017706781413,39.78272215532328,10.608727990891365,0.0008581936227828611,0.2949761731363088,1.0310488964885698,0.8126794020839387,4.49997397861941,0.9415714064306755
354,0.9167528461321712,1.4530275037262108,0.0292568319765927,1.0006451979313595,0.05045538483888853,21.36342275559293,54.925434671011764,0.0835012485364083,30.965768209788806,7.619743046985982e-09,42.97256084974462,0.2597784454166335,2.0541877447120784,37.4096837032226,12.774467682050973,0.0008267202594749539,0.27435867280622256,0.9889572121484873,0.7578590546581707,3.628714490001014,1.1440597423029377
355,0.7577507271355306,1.239002482543887,0.03008761623234691,1.1057500715858555,0.05670412284333676,22.205432066442935,56.42753195016128,0.0761045680345978,24.551957818680094,3.492065298161438e-07,47.06551285543922,0.24456425138974883,2.0553092252304084,44.945311453113675,11.515198324334891,0.0008483490783616262,0.2899170764052735,0.9976550694007327,0.8939631703003725,3.672954829530241,1.0807938548266056
356,0.9183731565686744,1.1973173359757383,0.031271026179271175,1.0776062598259195,0.04823601441667469,25.062566288330533,54.10856217685713,0.08428847841171559,31.712481648428497,3.870992682779487e-07,38.29838416225297,0.2973679687841646,2.1090835173752134,38.87728989753354,10.341305371523923,0.0009031715975170299,0.2825615321373656,1.0097764891567953,0.8628352989658898,4.073363633324396,1.1304888622175866
357,0.8787532865320448,1.1766339471595473,0.026483147389278098,1.1324903545089264,0.056364787338982626,25.39251516890951,52.80402688718755,0.08608230835607177,30.007932658175,8.80233375374573e-07,51.169885950247384,0.28614893652474815,2.011615067322448,38.62206688123781,12.627141004246498,0.000791619749416856,0.2608894977826001,1.1349149995597305,0.755995209505651,4.574764732786766,1.1400430485666841
358,0.8264869519161935,1.286446869057528,0.026758354240974648,1.125747547646764,0.05452639101803282,21.65304943747276,58.744954309498866,0.06920225988169408,28.062085625269305,3.5004775299109857e-07,43.06337993146071,0.28843439261258774,1.8537352045243518,35.25160209467285,10.320697551188339,0.0008672031841142597,0.2879365115756177,0.9303858662081157,0.806910925407284,4.198903893730304,0.868411526885626
359,0.8765049311515646,1.3195200585465894,0.02947002465162434,1.0007196858803893,0.055826296330847965,22.025958185358874,60.11945205216414,0.0852745374680291,29.667233474718262,3.9611585892962373e-07,44.702686474116526,0.28864574218874367,2.182565028161993,35.58433080705264,13.43332885507356,0.0007934626549368492,0.2828576069069898,1.0594288851641172,0.8352246415570385,3.750933556311712,1.0230475988318501
360,0.7845005481292857,1.2734182721599634,0.0310028708309719,1.1355218918321945,0.04494014343026449,21.917445307104128,53.77162576087432,0.07874315442275327,29.881856418228327,4.009963124303052e-07,45.04286465685902,0.26332652169194515,1.7335763281460572,39.89944513302619,13.535927399978764,0.0007932150820126158,0.2871502052062662,0.9487709918666162,0.7561741694128086,4.53488565137172,1.0621744719561077
361,0.712564466854635,1.4818376674157816,0.033273508691193374,1.0251252562931361,0.0521899944160374,27.064657107756563,52.79919119534373,0.0778672198662033,31.60630758716462,6.245274002831142e-07,49.36492408476768,0.30688893088852737,2.16882377865926,40.887523099193764,11.75264477715698,0.0008824077025228657,0.2661309953939476,0.8528105248455423,0.8845917205797783,3.4409245212959703,1.1411455422621255
362,0.6967420732029236,1.1078810533277987,0.02705123373525524,1.1222937613314503,0.05394874294014169,21.86185233893851,58.997124109884936,0.07366115602250672,30.634678490427806,1.8299478576116445e-07,42.46773236972778,0.2345415538513961,2.271005871846093,34.96205122561143,12.697591063192922,0.0008644055580423194,0.2746183290356467,1.0692629777073361,0.859197734866103,4.258693662580939,0.9552621086383635
363,0.7821767460074142,1.1814883146734378,0.027977021548166586,1.0416098787621213,0.04501968502021463,26.58662771896495,54.454165280943506,0.09103373645548891,28.000487276452805,7.931234671202621e-07,47.60913232449734,0.2588288364767674,1.9205738255756468,34.28751652491681,12.39133129770914,0.0007800292071681779,0.2619187695787094,0.869216104585567,0.8917476353381241,3.512777054286906,0.9020420474780906
364,0.9176914087436913,1.4807809214627219,0.03387440907976591,1.0646631664896058,0.046741849995095536,23.05207093414464,63.02152040106112,0.0817509002267469,26.499285725395968,7.185465697844531e-07,48.56472601751564,0.2367146347962372,2.0626186078913316,45.87575796469797,12.011080522311476,0.0006902159749492148,0.2877710843426967,1.0279115297460686,0.790221065567073,3.656473838664089,0.9726866859066606
365,0.7375301198836081,1.4212957217682562,0.02558682183342796,1.0499923888720466,0.04847904485265109,25.697686107751505,61.506909731337075,0.08620346348433974,24.266299246832425,8.1562387605605e-07,46.77457636228583,0.30496438810099474,2.020168055340212,36.05589152447698,10.98528703743175,0.0009067430282904788,0.2571999738345797,0.8891562312082103,0.8623692885903073,4.577301494565815,0.8510064557335931
366,0.8290006419093013,1.423678194575631,0.030806846756787826,1.0793774807493104,0.05373558814782485,23.06284125663748,52.19288024379908,0.08738556573503149,27.604825182030925,2.4040954078513643e-07,48.75670460672439,0.2315389209827278,1.9468765525050686,36.95585048220161,13.04384785998721,0.0007837583983167132,0.2883014200010303,1.0026959405955176,0.8184005721384837,4.47798482620101,0.9420618729945693
367,0.8515489605727525,1.3403377649480712,0.03066123427238972,1.0562785373262902,0.046407003862814086,23.340113893736003,47.13634869332967,0.08762618278808369,24.817954233638805,7.828415882098611e-07,51.555621083618334,0.23077326594548,1.9182176320365905,36.016147757516755,11.647874862688308,0.0007499177617273365,0.26199530428245016,0.8832848606300344,0.7802171773432832,4.315057155790463,1.0764163158709323
368,0.8995664915728254,1.1081447123897816,0.031111455877287267,1.0732856782557798,0.04716882251990313,26.725333443254673,55.544590608662816,0.07306358885288002,28.732727589495948,7.029751370131097e-07,51.105923055187205,0.26055594961649514,2.0668041936129535,43.43995542215904,13.132249408033207,0.0007442439344261626,0.2634237263534478,0.8736842873366583,0.8335737312125385,4.335515079312593,0.9142719947214746
369,0.6882762071298701,1.1971202053331556,0.028671393642928627,1.0823496033481115,0.04324505143946194,27.062721927106313,49.67627255995874,0.09184243195543607,24.2672434943048,8.03776296195405e-07,50.004170381306075,0.23047181970086864,1.8381865135920314,42.57537214326474,13.784932687305606,0.0008264715583665735,0.29488990041518054,1.0539193279006205,0.8311528335164725,4.263836988094648,1.05332851170525
370,0.7421530969700232,1.2435176392238823,0.03336253063715294,1.038292141738799,0.045756376556763685,25.32656612599256,60.20073451810593,0.07707634933718406,25.499492561548724,9.838827323027762e-07,42.46318110217269,0.243155454480692,2.0335512556798383,37.54311852684886,10.729709400267454,0.0008463344878022312,0.29098523156795447,1.1069051157435401,0.8016077414369449,3.5298743050919854,1.119587402379044
371,0.863221597428535,1.2980890155723657,0.02592159361458448,1.0394716395811476,0.05489744212848125,24.791767472907356,47.114577834426655,0.07967691911529168,26.05279528306956,4.363750244107611e-07,42.53997908546575,0.24114860355744788,1.8230067785452797,38.76874912901406,11.626308795708663,0.0008768833578667369,0.28018235394903257,1.0286747392681697,0.8523909543843273,3.7961362414287767,0.9910514028723784
372,0.7562390717047132,1.2606409144292787,0.029436162590395745,1.04573381868814,0.0512701061480118,27.228102819794795,52.46747608236189,0.07026966905815311,25.267020407396227,8.811251612109813e-07,50.34603090945451,0.26719678890905585,1.7725137283604302,43.43242241231894,12.377256768175883,0.0008469690048166075,0.28210622826460596,0.9890977356792657,0.861193428147121,4.588155310556944,1.1438675888052412
373,0.7099966989281447,1.1187106410811845,0.026932257717260127,1.0323525121056747,0.056573588046293616,23.99230747542686,56.408837249414546,0.09113258582017944,28.644576913128752,3.34793966148602e-07,49.27619736658246,0.2623344973837192,1.791647856539676,42.79940366031285,12.851762742883796,0.000780921351546288,0.27861204630867215,1.0642689811297534,0.8722403605714095,3.796321226866616,1.1321592540436143
374,0.8969175566025216,1.3904172196742424,0.027860663271624363,1.011517182729018,0.048234009809879116,26.496978458886595,48.166930882022186,0.08665974878424708,28.364044909035695,7.118160754765392e-07,45.959225936796614,0.25569218588148857,2.1995075461264983,36.19530930527523,10.787462190437482,0.0008908284775781957,0.2890790407394983,1.1184646499199635,0.8586967506429362,3.4479115060058585,1.0343971682111521
375,0.706927612940791,1.2322251739784296,0.02682341716607584,1.0996486160814338,0.054234078657363884,23.175703515984182,50.62991405367938,0.0768750027400919,29.339613363111233,7.368287566642088e-07,41.339948245261176,0.23927508769104683,1.8777580835404801,37.773423837771084,13.698846587405079,0.0008335819731317601,0.2684611278800889,1.105987258688835,0.8609366924613938,4.218666632469288,1.0493365086217057
376,0.8326277412582603,1.1389037971281208,0.029699909263661613,1.05355281373625,0.04373402956484129,26.42993489928225,63.04800302776874,0.08609066144799322,29.272059408720658,8.292711219326015e-07,39.8989139805557,0.26443913950338055,1.7469498780010357,36.47805812826677,11.05498626823007,0.0006881080207433393,0.268322591271672,0.8541764533096289,0.795115226802175,4.274487037599235,1.1286624082336165
377,0.9024529340946817,1.314603538286296,0.033133751636710534,1.0674451028331844,0.050871879388849545,28.300706238726995,50.05165390760125,0.07079675615476129,27.96019707855937,8.282038379560197e-07,44.589835922622676,0.2350009975938532,1.8024709533450245,40.17190054840954,10.8144411072781,0.0006906098899591087,0.2716821847229626,0.9111263593810547,0.8968064445830114,3.892461384985753,0.9714600639644552
378,0.7473728756091628,1.1407455272512523,0.0322423279327555,1.0768622585990892,0.05742189943311602,28.344878036958864,51.03313219781978,0.0915695454855442,30.24061497941267,9.547980170012077e-07,40.84044295428948,0.3068543146953379,1.775076787345372,36.575865588730686,10.389066216733111,0.0008965638283093493,0.278795215751288,0.9078780307927492,0.8594673876624533,3.7285439566838945,0.9158954662790257
379,0.6868881379244938,1.3420006336425632,0.0319082552763929,1.0491373868061666,0.042610829551278165,23.763117662846714,55.774112617928076,0.08610678764754719,30.472532431175495,7.086173651560607e-07,40.475949834637646,0.2668980098384509,1.9911311591434377,42.80461980132533,12.4105110612075,0.0007963315449498939,0.2798983729835607,0.858713945622622,0.8169174663196673,4.345612675024268,1.0626342213155302
380,0.7267819251819776,1.1759810024385635,0.032453449559206274,1.07026779720739,0.04671302318229715,24.424949544961656,58.6620246646585,0.08479003393767143,29.347607908608282,8.632431631024406e-07,47.49003783130468,0.30140546389265216,2.1113715187707953,34.41811266829377,11.926421480276819,0.0008669677292568559,0.2921627440221889,0.9108263320319252,0.7615747943460642,4.2609046444795755,1.0589005476693372
381,0.6995618215049859,1.4474790289070856,0.029040001993678198,1.086605470896314,0.04451383048510246,26.227791398558846,58.2062785133707,0.07889612395891077,28.21602313668117,5.937764889654329e-07,47.43627662004435,0.2663442120584875,1.798420659905508,42.460095472669366,12.57012305570249,0.0007940326739102329,0.262158223072189,0.886611156828925,0.8326026463555575,3.6372644605371356,0.8602124453724997
382,0.7547555547307822,1.2699095445232247,0.032729528483651675,1.0661966712346418,0.04607160552094948,23.010210534438663,50.94843931843232,0.08681464340976718,31.610433639055966,5.868149039605214e-07,45.05525025882841,0.24768924582857357,2.197917315880368,40.886415694160355,10.564716077433014,0.0008211985870286014,0.2733872674847881,0.9891042375625007,0.806050530888387,3.620024179130006,1.061602732698457
383,0.9166705878792925,1.1174204269724242,0.031024704803834895,1.067868554057685,0.05183378980614312,26.411230458749014,46.884234844295186,0.08830326055323054,25.43153447257838,8.181171466705862e-07,50.30839859932117,0.3012167270438406,2.1115379943879096,42.396973245261215,13.78426702037493,0.0006868919087016096,0.2929650131023731,1.0355835867033025,0.8928246673850515,4.498697585687373,0.8771735365467543
384,0.8237033251593522,1.2778913552866387,0.02798826994989858,1.0261075114291465,0.04382800117406857,22.036005588548722,54.560071896976986,0.07351130827532805,25.36837787091593,7.549858200312037e-07,38.730052627857845,0.3056981243242854,1.8661124615635867,34.17130187882552,10.81645619112173,0.0008165023148960681,0.2901001790042959,0.9899436650814835,0.8597990266094688,4.521716772366311,1.0208112982937176
385,0.845498435062214,1.3064335678201682,0.025512438408843704,1.1185428989564807,0.04943690235142906,22.16187647019493,59.37469737305618,0.07018319068379787,28.67766290207577,6.506216783799833e-07,45.3865407467005,0.2307854992990374,2.2599363815707494,36.22040818546428,12.262559931860721,0.0008838210803149986,0.27052070341244366,0.986481230115881,0.8462203134770282,4.221217766540422,0.9643733350874711
386,0.8547910670169226,1.247040049091771,0.02839586426266642,1.0950551548398013,0.04540549184825663,26.749303143002532,47.72264711214032,0.0682139731540755,25.157137696784883,6.65901741927718e-07,45.394149753346596,0.26145118237948334,1.7703042368772681,45.31857271537002,10.989246469060092,0.0007914389398934715,0.26448023692847666,0.9893192290339592,0.8087904177118526,3.813948345146363,0.9879567709914462
387,0.706671606008229,1.1869181763660712,0.026461809030185707,1.0295867415416018,0.05025530827831578,23.423941855058782,62.80113164969251,0.07220169846961765,28.536048565601874,9.307804354158964e-07,47.23509521868993,0.24682766798576858,2.296854022077438,35.811409207436974,12.144546257775806,0.0008945679889742098,0.2784406829864512,1.1375265214303776,0.8688671327620843,4.154373605195995,1.0283201662679355
388,0.8829405371854456,1.211578621658212,0.028073149642318995,1.0302448898887928,0.05397707060811401,22.326701530184973,62.278986551580324,0.0875494040995655,25.78801521279676,4.4036346528160084e-07,48.535137178700644,0.24235852404030886,1.8495453977193768,38.92316586399653,13.269947440696251,0.0007456756059220107,0.28799482673240756,1.0792194840110736,0.865648211893097,3.452768094368304,0.9970117621665315
389,0.7562441385456811,1.2112559477651403,0.03281517952799288,1.087786176170559,0.045669902119788,26.632722838506986,58.64816408273811,0.09044797084001147,32.05921178102315,4.996220562234597e-07,50.44750814362091,0.2956234083532534,2.1768795655899207,35.54011748861861,12.014036118294609,0.0008130576720550072,0.29123456966736394,0.9511050589896578,0.7969875939131653,3.651587652833533,1.055419281618145
390,0.8117787751474788,1.4175662254187755,0.02607953569478948,1.1425993715933864,0.05128473398727039,22.373933036415487,62.33973552017091,0.0913759176534909,29.64077216720157,6.630409215512234e-08,49.03656453619175,0.2938689364312603,1.946073592294429,41.71969649949241,11.097591813021667,0.0008231765052346899,0.29808336696458104,1.0312913882175831,0.8542941184082934,3.5489849390504378,1.0605257162902721
391,0.7804122455514495,1.37907269074411,0.029800806207580403,1.1271015062912944,0.05666410255601873,24.80231363631069,60.498787056460316,0.07852040092504538,31.574400981722913,2.2850477517445565e-07,39.45164467669706,0.3015723102932489,1.9743920321367021,39.620059308612134,12.448763233152123,0.0006813281479911982,0.2879882848252731,1.1248344158068746,0.8891674270956001,4.33465984643418,0.8918015946259704
392,0.7248999682842329,1.4512812157041473,0.033119606526871063,1.0205097261274911,0.04933370017647161,23.561084058785802,52.40704120874452,0.08636099418710917,24.407856348117168,9.746729635390906e-07,44.15416879418219,0.2644027571830446,2.0953324459953393,45.398774924055296,11.943547678674385,0.0008536574134527068,0.28486269691498195,1.1207507124935296,0.8714877511816963,4.045596899374768,1.039170829622723
393,0.8627557067319936,1.4848232406176578,0.03104282123951254,1.0081655519631956,0.04534459651986264,22.15279831097651,61.214370764620085,0.09001446187604265,26.038934510158786,1.2585770581854194e-07,50.35716643954773,0.27533358086230836,2.2515538847087107,40.88854510159946,12.49512768119,0.0008385616754463256,0.2977810137485406,0.974248259260887,0.8332512984821011,3.9128639047446296,0.9625823524507898
394,0.8424874226339759,1.1602656362201431,0.03205555330766488,1.020094025084652,0.0511856120340869,25.804548840780626,55.10587130748551,0.06904787637526617,26.37016929233089,1.4726805328168e-07,41.58191011331084,0.24677741430472977,1.848427298691465,43.97664867900325,11.213168459638084,0.0008844735742429297,0.2604131692036153,0.8953996323096916,0.8579991366439959,3.6065342443490658,1.0916210460477485
395,0.6955724053885327,1.4698701847970452,0.0284889239339471,1.0986693123669127,0.04755222067808997,25.619651344002378,58.984341593603936,0.07091475109098533,30.379952980701677,4.842363395299599e-07,44.1500165221824,0.299860921544879,2.256502799132285,36.010532316590535,12.808195055250666,0.00091331178288975,0.2638220364614547,1.1243011156864533,0.8742629945999537,4.485021699181341,1.0470560027494733
396,0.715572618318807,1.2635297213194572,0.029596070397164297,1.0742223495996905,0.042858456695494526,21.685538612426633,62.017273392860325,0.06838385897738432,25.190641832941914,8.196268648225555e-07,48.88099325444144,0.26430801613190275,1.725007330737018,38.55132038994171,12.312394387139726,0.0006990067649365553,0.29114400912390265,1.0349448873192832,0.8634996844858178,4.570376489152849,0.9722193868034472
397,0.8250393400329399,1.412368171661643,0.026709961948247575,1.1357821211553358,0.05215926859862305,26.083595656545526,52.08026776059185,0.07049542907595718,26.686184935231946,5.470445417894653e-07,49.344308793457394,0.2816301824634222,1.839351085489446,36.043603855023726,11.020211302301986,0.0008160523832708161,0.2617254164038762,0.9813877751556965,0.8745016346040285,3.6122556005989783,0.9778473572948821
398,0.7620904825698295,1.4219208991768757,0.029355619556599242,1.0458643452631906,0.0448922431986185,27.05368945877059,54.96821772094583,0.0766919712081262,30.2144925916391,9.23149864412661e-07,50.96100605369492,0.23425311879538965,2.1966975904016257,40.32367743029429,11.843970214476586,0.0008493749878289019,0.2895854925397795,1.0837606407842877,0.8306968584866907,3.9357812624239243,0.8858943688405343
399,0.8127688707465136,1.2651900026107046,0.03231651174045565,1.052298963412118,0.05503006515819894,28.669448840693374,53.52890266604039,0.07872308556871184,27.30723193725875,1.333449354650794e-07,49.95049192572518,0.2429874557402602,1.9630009613404618,38.0210670874199,12.814982631415539,0.0007864360971032484,0.2641012861668856,0.9275980386533993,0.8128245139298584,3.8247409569673705,0.988876907417499
400,0.69228381123399,1.4835192382718856,0.025780719430727992,1.0875218569930905,0.054659560035506996,25.561871481288946,57.5391288685288,0.07136716876771038,28.867312663881318,9.31465101944042e-07,50.126669119900626,0.2668235796782664,2.230515533511129,34.18054479572566,13.137497496193289,0.0007789884620390645,0.29038903517826453,1.1225477118763252,0.8431389063886385,4.226740263574801,0.8907813309520825
401,0.8655438658186742,1.108345324320672,0.03070799602832129,1.07222336411992,0.04945691963809591,23.76231229330685,54.38390317275417,0.07807709008883303,28.63862127051205,3.4353714878696105e-07,46.81824266896701,0.2627784715309115,2.114586590571018,43.337934722345004,11.385259018378235,0.0007643090307457671,0.29936193876143097,1.0694764079560295,0.8641354152910639,3.9680228467312952,1.1309063492324125
402,0.7753644549168339,1.2718178736814252,0.031106193381727574,1.0769317280088282,0.05391312378694705,25.51107209194275,58.18636951781392,0.08863462534274914,29.48604686265926,3.0512271418388325e-07,47.78631687688875,0.26874795804057217,1.70700405565666,44.548544085141565,10.399269897531044,0.0008683893681429821,0.25933156088019776,0.8615278315543454,0.8321121863768777,3.7843084060138517,1.0621062732829927
403,0.7527920928147418,1.1359831516640064,0.03158435355705861,1.0766108937771868,0.047809947303775885,26.395758255698897,57.5540427881962,0.07177513572335723,29.27307617590072,1.3580767671164162e-07,42.01962531061402,0.2658226223134344,1.7758361308492976,34.09185552932699,11.995956709137984,0.0008642313269776171,0.2784365751575408,0.9151917775648255,0.8936048912950045,3.4473365724416207,1.0404156602849748
404,0.7870793356790259,1.2865130502980973,0.03397170405569854,1.0984247938643719,0.04869647479485381,26.665637709882958,51.91378687407267,0.07783047089944109,24.998015121389432,6.875560934252682e-07,47.89531547034332,0.24732318131386466,1.72585323630726,43.54914886732216,11.096791324979177,0.0007742475024307372,0.2988166342361135,0.8681458674776622,0.7580201893542319,3.7965902754107748,1.007430699872932
405,0.7890500598308328,1.1084613098545832,0.033923364309209905,1.0338835390841212,0.047368170614389,22.215745231747142,50.16148576017539,0.08982053279901807,23.89428106472324,1.3702901948924085e-07,45.99503649041543,0.30785269290268086,2.044338891272587,34.74959230486181,10.777961865662258,0.0007404906370633883,0.2643301983162966,0.9621105319794893,0.775978536513182,4.510155006104157,1.1269657594219085
406,0.6955319846960267,1.2026652509471767,0.033692771168533614,1.0930797312184322,0.04490872882269709,24.196818272069713,63.23748678466057,0.08461955562178204,31.241891295617396,2.928034640316175e-07,47.56147757451564,0.29464415825837414,2.023079244015415,34.09671738491926,13.621294887353189,0.0007269435622664588,0.26858930326430197,0.925543848160268,0.8989693238586461,3.8587103747578744,0.8999665070839006
407,0.895587912411398,1.389262242356919,0.03406117169290888,1.121703814413219,0.048590554240501356,22.936084854206936,52.3339547211836,0.07326413046967753,29.171512662618607,7.78412413989582e-08,47.464655047607245,0.30467816742656345,1.86507781480519,45.294417858205904,10.591198311001447,0.0008513451517340527,0.2899279899751649,0.8655086603812125,0.8923456059579845,4.1288894917114805,1.0662510471154567
408,0.8975738025988486,1.3677216160723469,0.02769031211284926,1.0474565103040467,0.05486410856803418,28.345768391282252,56.388060349969585,0.07049261116636522,32.16534390605098,3.118655231955161e-07,47.452718202588706,0.2668585140265982,2.18589487885913,34.09182328601678,12.80160988715481,0.0009066183691494075,0.27997283557406316,1.003384839202332,0.8008174568394891,3.9114566230265337,0.9563270754402002
409,0.7696554199067452,1.3343746710234452,0.030642324276578266,1.055017692230556,0.050199193631483355,27.536719547650833,52.76722763136878,0.08919592299131905,24.239505597447256,5.131987176524976e-07,44.95863063437041,0.25347692983319053,2.098444720753187,37.48549843676855,11.717269974858105,0.0009099660251660461,0.2802137691739218,0.9033398812395611,0.8063099293720642,3.511811806787776,1.0294994812963727
410,0.6936933029274683,1.3792481752953893,0.03250939244658892,1.036435575204076,0.052249928608797194,27.928650768500795,51.6750237548904,0.08753829398393949,28.79970218830908,7.716433097250861e-07,39.80639790238101,0.24266428122947037,1.729169355302137,44.20065504322823,12.913183731011646,0.0009130764560297797,0.26642513696445547,1.01334261768639,0.843288247742628,4.07585822416721,1.1095105934099199
411,0.8574753472592582,1.1191393456384437,0.029805160954283715,1.098935073049775,0.04731659978329867,26.691966279345085,60.243829167605156,0.07005903709722565,27.1310715195399,6.923806541544494e-07,45.564311359969075,0.2930819929088132,1.862407998078744,34.17105400597569,12.978674379995443,0.000775606049031582,0.2975201536244765,0.8543030008748944,0.8167240586797397,3.970113268717033,0.970933786800349
412,0.7313573490661169,1.2371535183998403,0.026406357945117923,1.0539358931752534,0.04756474888000936,26.473229178598256,48.75655728085598,0.0899046827507567,25.510936008770013,3.7694262794830223e-07,50.306877578636275,0.30836248742443145,2.2827246954809164,42.86293693482624,12.97170336388157,0.0007722410948351569,0.28899614215361613,0.8830171044283438,0.8454244010586268,3.6536466366383715,0.9734381629035839
413,0.7073267590832647,1.1153635458944497,0.026899534051412398,1.0661489793036767,0.05394477390518068,23.027082196166816,48.67592190766513,0.06969196882866906,27.6106289892037,4.0142523221829117e-07,45.041110669188456,0.274547805386379,1.8695485660462057,37.045473301864476,13.713930025076003,0.000688311925618828,0.2837251704658164,0.9079680542537324,0.8603532707716641,3.8958491885400126,1.085347212490192
414,0.912257668767439,1.2519746788601918,0.029202629108634855,1.132709200210251,0.053856808845025556,28.501541154229155,53.8806139524044,0.08870832794572785,32.008568306471446,5.822893873830877e-07,39.83359426856538,0.2508635816417936,1.9967881961999883,39.39294591073793,11.999296961295506,0.0008424807499827033,0.267305414179789,0.9974944411093875,0.7569066538277393,4.274532076173024,1.0255528320805491
415,0.7276844900357773,1.427078910024554,0.030420175715847122,1.09293973122714,0.04645908465897807,25.968845189577944,48.79814025406566,0.07689227779120347,25.91645992571109,9.616721067001327e-07,50.13603254296574,0.28484571156977645,1.8091942353403347,35.870024122016545,11.312095404430943,0.0007301292140040009,0.26494222199335943,1.0080539665867452,0.8430068767959896,4.065345136965053,1.0963155639682318
416,0.7705264790576631,1.1220030215678078,0.02744206714574866,1.0404282005631815,0.043515997693595126,21.653950350367527,47.73944198674728,0.07065440797704996,28.023046466890793,4.361608269343895e-07,49.95343586075937,0.2895014688275129,1.9133777444528837,35.29460976091063,12.257627076993401,0.0009108805288061105,0.2715191570806107,1.1393083110022133,0.8212340047859173,3.707984474718713,1.0373610878382
417,0.8819008360690654,1.1446186698733825,0.03371941986861378,1.0591130678907061,0.04841535645976765,26.465203493487515,60.317971144679426,0.07066778744548914,27.419940524996488,7.356033289994227e-07,44.35851421273455,0.30851178078994246,2.0872449262390407,35.73161697434001,10.586195407717298,0.0007829987596065162,0.28058829649733436,0.9842468850719648,0.8776916450273722,4.134690776235464,1.1293471042572192
418,0.9017464188377956,1.3139167378052594,0.029037256351427537,1.0271097294785037,0.0530367364109972,25.96661286792059,55.48639470266784,0.08994208873467387,27.18128326554501,5.010970332225882e-07,45.226027961623814,0.2551356448209572,1.9656773515132164,39.28765212478673,12.188745542892777,0.000786515359307386,0.27042746755309977,0.9092473304199652,0.879377612706267,4.019053968095333,1.1073906445453525
419,0.9078121437292372,1.2195016538660328,0.030899219206802907,1.1421050198078688,0.04555637882580706,23.225356737094696,56.09865031094561,0.07029446453438251,24.600535994099452,1.1633275130898568e-07,50.96066873916035,0.30424917786646133,2.2803402733788953,38.932118744531095,10.698736165984352,0.0008406004296665539,0.27184443104962774,0.9850839093457772,0.7746859599456993,3.5543755704307283,0.8983849150843952
420,0.8912975466229474,1.3926858169367369,0.03161156247662627,1.0678401031388207,0.054051113574738456,23.825418455975846,48.806933135104735,0.07761402761221735,29.67782683492462,6.866663396843328e-07,51.54904789694031,0.27967046958845443,1.748830363821479,39.178995332989956,13.271857280617025,0.0008895980423628198,0.296999813166234,0.8902049563575034,0.8545587244414148,4.10801366941102,0.9326639397811073
421,0.7204153670942879,1.1621924189955861,0.03006941512453106,1.120825471117454,0.05580499777826136,27.956320495849155,61.62162435927786,0.07343750187382755,30.489841007930806,9.98054709723176e-07,42.94800562032274,0.2686656457990622,1.846856785683569,38.85312591194239,12.464451649756938,0.0007009660000976549,0.2954951280393963,0.9989201887764768,0.7576229105229458,3.664663405746252,1.1240461907094403
422,0.8810731723853547,1.47123278004277,0.03008558037979175,1.10689685481529,0.04562119126963732,23.86865733443448,56.840991518446025,0.0900076864063385,26.458681270585476,8.881077952387983e-08,42.04609387706025,0.2368648886100497,2.11558537350985,34.73340188592803,12.160451030787645,0.0007930364942460687,0.28996446581028373,0.9381648838213349,0.8176751403811975,4.196719865322021,1.0976015881569494
423,0.7386028968309556,1.4802820621894297,0.029729834391322648,1.1108811579019293,0.04997555440337768,23.63568657863989,56.075906406617996,0.0830278727982502,31.904333610234193,4.873678238455713e-07,49.66401264502465,0.30969986356878754,2.174595666146188,37.93350997422832,11.602799374461632,0.000891066623703006,0.2561199184042365,0.9862727264688402,0.8880309149483053,3.447830627979113,1.039369916326238
424,0.7969010446487802,1.2731218624104514,0.03222027578933757,1.1210924798639847,0.052490285850722185,21.859431380643848,60.551639304316204,0.08801144302241314,27.99627807322972,8.341043752834635e-07,40.90069275450793,0.2652695872957607,1.996422689490612,38.56271999024519,12.780625476469767,0.0009127812041031064,0.2616393920562287,0.9950239462911765,0.844331412760712,3.475462627285458,1.1017389494019743
425,0.7069578714950823,1.1543703589810683,0.026540668210125278,1.0311584820132795,0.05597549504726717,23.51077615082271,53.31384890574759,0.08014345257268866,30.870764150046988,9.474500501907447e-07,43.4112892230183,0.2537886716866668,1.8067657465735625,36.69639549192166,12.499714585996516,0.0007764384196348483,0.29241930031969043,0.977549599332462,0.8862125130624402,4.165058377961533,1.0505526025543381
426,0.765391509141609,1.4301866185972838,0.03291822101730534,1.1489174897647212,0.056698209945079264,25.88929175285982,58.02511958064891,0.07005690593146872,25.60975603409492,8.762154548681231e-07,49.07772382271178,0.2934547790268647,1.758482314455644,40.34983866132493,13.68073464666842,0.0008900320598640183,0.2998387852803199,1.0427878725597721,0.8621374422459729,3.5463046029144527,0.972287690334452
427,0.868670065403314,1.2028937018526282,0.02933133965651035,1.0126024076610645,0.04894393164683019,23.200902108783268,57.841441653597194,0.09014932641855898,30.255991205771142,5.104194660528953e-07,46.83007513139888,0.26948735629446285,1.969861140018445,45.217606832245394,12.05764246414276,0.0007846416794745174,0.25716013316157227,0.9209547543759834,0.8775116437705947,3.4786062608682844,0.9111773467127411
428,0.8897764671363751,1.4507108242537925,0.029633220980219643,1.1001005070313319,0.045746169394996934,25.34964025371789,54.57963950442107,0.08509012251946974,30.490574911862684,2.0866992458637912e-07,51.045861815671934,0.29310985138547735,1.9367096938052866,45.83805633812648,11.602180797977072,0.0008505844858504607,0.2618402265084699,1.1471632982046678,0.8959443079981197,4.586662287646309,1.084220506241882
429,0.6970443641548109,1.2227789530137965,0.025722945665654504,1.0765435898953217,0.05178580376577365,28.585091731796933,51.460149257707606,0.08233917626936361,32.12666304955224,6.715597691472575e-07,49.64307753014646,0.3066388335772821,1.7226982468490908,41.30486248491941,12.027258666945988,0.0008023279174644735,0.28410616021831403,0.8841287626334408,0.8423073118491855,3.5769387676229565,0.9959523053215638
430,0.8131924102967869,1.4254181566043627,0.026823533765779655,1.148965359398726,0.0549724430375061,21.451493967910896,60.94273792847342,0.08015674698129584,32.187880978426094,4.3131220467490327e-07,38.438355359770554,0.29352851454348733,1.993001076829873,35.292099600388475,10.728971173454799,0.0008338584522139729,0.28749887592835766,0.8919994609824575,0.7642751471603114,3.657507766021196,0.8828817523296784
431,0.7748207856972553,1.3162369102205482,0.02741154277129548,1.131224833225038,0.05672390469474641,24.064728345244085,49.56026502303163,0.08775671226626065,25.688152966305335,7.384417886070095e-07,49.33264851203411,0.2354481789942835,1.723405721233863,36.682135953102765,10.424645740179969,0.0007180355743757047,0.2984393857409288,1.0172041985986244,0.7640946778668842,3.4389891270484365,1.112595621953179
432,0.7644837891398144,1.1968685699206976,0.029508963587464764,1.0946241449484986,0.04642531046557877,21.843882769635282,48.73389160112192,0.08968400573624159,26.858970531474384,4.425094294075297e-07,41.14148582653964,0.24122951070280746,2.159999827589181,36.49700521287738,10.552260321346319,0.0007581781639260599,0.25990245075747315,0.9393041782674036,0.832843694201181,3.572963822454236,1.0221938765668168
433,0.8201479173774242,1.2896042238992629,0.02796556620069325,1.1108470386370224,0.0552339550800846,23.633298880317216,47.51167384198057,0.09121005415993974,30.560553196877184,8.934663860287668e-07,46.91619353432011,0.23186385360665632,1.9851625270800584,34.553434750669894,10.822513371607577,0.0006945043254993749,0.27577138746519364,0.9841145286283817,0.7780502056789181,4.455872740904766,0.9521212490218429
434,0.8952951931562498,1.2474904249473744,0.03440173430687295,1.0003829690634347,0.05087699938953874,28.106721835024196,58.668683188351395,0.08386349501413912,32.04687751878018,1.3481925188838993e-07,40.10535345182346,0.2530053363881741,2.192053349180948,37.56911536282699,12.799060021706898,0.000838994053697232,0.2809366266002907,0.8574924435736937,0.7803701942603524,4.527438570772615,0.8626555395561868
435,0.7479647103221222,1.1371652406059765,0.028814595751571272,1.0239038647302543,0.04946508322276901,28.078260989984983,57.49615051656578,0.09090767901137184,24.696099940858403,5.81996746688038e-07,49.090488850089486,0.28006606103257947,2.003359127563675,35.22158037302975,11.379614796302528,0.0009119708431520737,0.27680883834362635,0.8782614263050903,0.8479457384452807,3.476593302067391,0.8927702196722945
436,0.7354505724433069,1.1356336996543792,0.027192948760028455,1.0259106338967656,0.04986083979201253,23.322970223330938,62.25315301076938,0.07819363953108652,27.8765211800744,7.223162604941569e-07,43.09490954837576,0.2966181661376691,1.9825530597369903,36.56622467328267,11.174217893731575,0.0008487163993904847,0.29854431401260295,1.0012374863229754,0.8775116021875669,3.834122801455558,0.9265300387991788
437,0.8372616043707738,1.1971274559196674,0.02622425487970721,1.0687156946418601,0.04250168759782449,24.247988361474114,57.010404205475425,0.07359941187390927,23.938017754766904,5.169961695634499e-07,49.973902492283194,0.28648319057522753,2.1572335744010114,43.22503465721934,11.25162466906649,0.0008892470903665202,0.27530573604886627,1.1364184500233665,0.7869224837365172,3.487280212295494,0.9998340675430263
438,0.8026986380468913,1.4670558382659453,0.03074582513103986,1.088823163475121,0.050334025625062874,21.26500198540761,63.00467709214467,0.07666856462497507,26.93128237468735,7.886207556177635e-07,49.882127520213096,0.2377564273188149,1.7771061856576373,42.355977887127466,12.910322753966751,0.0007078065497582066,0.2619586262930999,1.024256827865179,0.845955719305294,3.63736924773951,1.110791680511449
439,0.7610832025450457,1.2502733257802168,0.02802993041986641,1.1070804150693152,0.0507025427037289,26.748662575004598,56.69089466707773,0.07002557985702969,29.129590766384037,1.5962938965538098e-07,40.841937476151415,0.2746803870088483,2.0137762099282774,38.053484233842454,12.60371675104114,0.0007512558689409966,0.25919846236064403,0.9492511097212913,0.8131259286489989,4.041667072780816,0.918471670674973
440,0.8678184294848404,1.478241635309935,0.026396042591806897,1.1419830611260868,0.04637816069053997,24.167173719838516,58.1420381355646,0.07491032136631721,26.249906265863263,4.568973473874571e-08,47.94801177922887,0.26439677450375265,2.1949795906149996,45.91428251849688,13.50279571483064,0.0007964420105872325,0.28884754348245767,0.9460420135524403,0.8819461437970738,3.5307633216078598,1.0032577045331148
441,0.8006018821535758,1.4722914588699059,0.03296185340688867,1.124323772281792,0.055532570913459076,26.91418207904358,54.67642638221699,0.07194272406747745,25.86152049799004,3.929309913942197e-07,45.86076483285135,0.3074058156727992,1.7171833071122662,44.902645057263506,11.549286843510055,0.0008001946224292035,0.2869385537259728,0.8629779029999557,0.7939688830621855,4.299274757817324,0.915635622419095
442,0.7007578433028291,1.172590767632892,0.02562594988735125,1.1338998081501204,0.0506634782308073,26.512289849207576,47.56677219386304,0.0870797238833552,27.534456758897868,2.212278542340652e-07,48.9692916635565,0.2545002090190812,1.7197387638827313,35.6970920009004,10.75352720198462,0.0007613356098134703,0.26726374216496646,0.8636475981357897,0.7740170027490623,4.574230695459054,1.1428712913564147
443,0.899035790819714,1.4112823536487205,0.027063976926952574,1.103825399242407,0.046939808391762004,22.05040187672853,47.72655554745789,0.07283750699301272,29.756888180255036,1.3639161726120186e-07,48.32049808285024,0.3082997560435865,1.992657077933168,41.709617483780995,13.334781163153586,0.000743395381644647,0.29540584407765047,1.0369677078049768,0.8212000098242531,4.021614668032074,0.8932110267661305
444,0.8446781653131616,1.4457267575615262,0.030962611203388987,1.059813016337007,0.04861914585057008,21.968282779826964,59.280128524976334,0.07499635490663736,23.94559131768002,8.992430315742058e-07,40.6854981179057,0.2645728674750785,1.7592479143924158,45.38522838571144,12.959170904047259,0.0008663828135615433,0.277629845857566,1.0637785316523556,0.8104568157331518,4.412782463742347,0.8983875128536077
445,0.7622977941192587,1.1515938428282997,0.029237983680821204,1.1294097959252045,0.053307595380283374,28.51510487302618,62.76383712815304,0.0907116059073582,29.506104627340957,1.6442427662579383e-07,42.80244943491332,0.3006292535865189,2.1047250698337345,36.48787088169943,11.374333879256746,0.0008256554903375673,0.26955972628464725,0.8838629572799802,0.802813734765224,4.339931957136667,1.0886831980716523
446,0.8354956539396198,1.4556910864968429,0.026058578956144437,1.011780106294696,0.051429702637762975,23.034228546318758,54.88621673314259,0.09173330060495384,25.682760489403865,1.2675873638708034e-07,47.94164706077229,0.3007641971476899,1.7918533997662016,34.09552894876835,11.471307185847635,0.0007029023451741727,0.2726497043418056,0.9263530623057459,0.857331909583962,3.9330705746248893,1.1480883486697222
447,0.6886934283883374,1.154838197697596,0.026073258145624195,1.0988778429324941,0.04886563793572851,22.643328198026516,53.532320165680154,0.07352738196171242,28.958663316529424,4.918649869876412e-07,38.68680759656766,0.23469465206204945,1.807717563055087,40.439047810187326,13.361118343184035,0.0007005922786156019,0.2735336703666123,0.9798103846986359,0.8497566062794178,3.8390175572502994,0.9943340047538813
448,0.8056859165355422,1.4263870082693713,0.03293772612184344,1.0956029735291475,0.05735217886205394,24.258361079253568,46.95345665542133,0.08887408085939158,30.06533870103239,4.25012196985547e-07,42.29850185447072,0.2748434353401268,1.7074073061408286,34.02439979502822,12.810883108819686,0.0007953334534585375,0.28353904859536566,0.8970657060879996,0.8925184534682715,3.576500586943294,0.8923378904849403
449,0.7832745595428404,1.2954123425492448,0.03020631444939836,1.0982700830806142,0.055307706721292586,28.61540148354828,54.13549965591608,0.07900732859088622,25.766824688222307,6.986203875199011e-07,45.18507146848868,0.2660711163141311,1.9044727952360556,39.646476516823576,12.437606062466804,0.0008779158426920193,0.2816977877912503,1.072535026911936,0.8134390551887443,4.094625558371543,1.1230789148392464
450,0.794161428009133,1.167852477825057,0.03242738340864138,1.0862160117518134,0.04704123510062168,22.763850641762424,50.88228032694164,0.08774908236952811,29.201986227302182,5.225004499805612e-07,40.8106775875929,0.29323850646462735,1.996115192084408,37.49754153825045,12.614327715650933,0.0008455966223920407,0.2624984712026738,1.1093911380492356,0.8125833427900165,3.6706786811633996,0.9375438676234367
451,0.9054873590129364,1.2834495814883442,0.03134674865136503,1.076253277013539,0.05741853759180815,26.704428242616412,60.44860710371882,0.07627365134988635,31.522098594511,7.842896088307815e-07,48.29902607788726,0.2974632533307343,1.9770153038576566,42.017153188933285,13.323723388903515,0.000751150962937199,0.2938476498130968,1.088472333906414,0.8734580902528082,4.204786478045201,0.9672125751187719
452,0.823978973648387,1.4571938382433467,0.03232641885436607,1.0842764845520463,0.04610447658295487,27.86130577517562,55.31792411131575,0.07322627545872974,26.73615326200237,3.8599843695320713e-07,46.15587067213286,0.23100408396632527,1.8364523443399563,34.96606317840644,13.627150543592835,0.0007769007200872398,0.2743915639971601,1.0620389223275777,0.8438997030340591,4.0934545077373485,1.0179218617941141
453,0.7509466853837471,1.362142014833915,0.02880539516356232,1.1221149094245948,0.04715815544206397,25.026915944103596,47.505425621577466,0.06939725431179117,28.945150367447877,5.500485640111075e-08,51.08821220152017,0.24851258856650743,2.021135338075314,38.177159518416104,10.24438524650386,0.0008807062148191133,0.284955281941357,0.850554737766181,0.8102411035195224,4.2974898701213355,1.0284344517111847
454,0.8193644826353731,1.1591878700834033,0.02626115873024353,1.1406952758717301,0.0473158145975705,23.176116815351694,52.091582274786866,0.08249557693492737,27.38235250862248,4.5299646933001324e-07,42.64967990676382,0.2531293386549791,2.0915095485081894,37.5496625777821,12.214370535973156,0.0008296219826871499,0.27717855006896125,1.1046148504003948,0.8964195515822718,3.9814532422338553,0.9822638352431072
455,0.9027388836754717,1.2806387658252225,0.03089874470273986,1.1118115609603465,0.044825667192991685,26.6108543381415,59.78008951111238,0.07713142257605585,29.583587793640874,7.811548596466903e-07,42.386343424024005,0.2829865757089032,1.8493277799493317,41.45575633792042,10.917645226782366,0.0008191084661851749,0.2659224519277474,0.904862086512879,0.8957799337783781,3.4909119760040235,1.0075425462214938
456,0.816426581774786,1.4124331765381866,0.02752915991234295,1.1494920008869405,0.057314739293513446,25.00761937353778,56.84905606598338,0.07693276702268431,26.318358168645823,5.669543298426767e-07,41.161972459947215,0.2724328823263536,1.9966407323592645,37.758886867064234,10.531267985332113,0.0008204565541579708,0.2978546594927073,1.1025221800463818,0.7743477281136504,3.754257566725182,0.9898541889398579
457,0.8294560126934836,1.2981125031710232,0.03157544223365319,1.00453036397376,0.05091881246088198,26.35537094072669,62.03207446177859,0.07389697015030726,24.22334076304641,5.541570656163059e-07,45.58630766118247,0.2806758324584466,1.784329629986061,37.59321451144651,13.560247078390756,0.0008892212578300977,0.2858469102625145,1.090435348022288,0.8097799262242462,4.50219826276944,0.8669136189202602
458,0.7153804627493314,1.130279749055852,0.027047505500017093,1.1227006527456558,0.055429217796094096,26.39750013804148,56.75230527747214,0.08626807173960638,29.67483423838871,9.446739436449417e-07,50.38963021619223,0.24435347959924864,2.113808538032853,43.434782496074355,12.834730259626717,0.0008795979046916402,0.2870457422103025,1.0969123747821001,0.8546395410712203,3.987360969718084,0.9522811244662042
459,0.888782466637549,1.1291228690701447,0.029855803598055442,1.024482542335664,0.0438565875460047,23.310463475159104,54.16530735161375,0.08893068139018423,29.171499668697667,1.5244598383898632e-07,51.591468100485926,0.24190543450690272,2.0885021599992304,40.98416934323988,11.201452928350767,0.0009184281864156598,0.2776287811324412,1.022078239813166,0.8587258943504432,3.4283652504035205,0.9265468510999728
460,0.818360916631686,1.223663882703635,0.027556133302041912,1.0822163018448272,0.04744051071527268,26.972937794570875,57.79871588724303,0.08333634675683232,23.93781096052656,3.96527682377533e-07,38.547072618753894,0.28011742865636796,1.7430024410142728,45.11358512101604,10.591897475590757,0.0008590297930437479,0.287318227092424,0.9840583964973825,0.8032103557406804,4.2958934699585365,1.055902896651241
461,0.6885929367528153,1.2956932637321594,0.02812442913225795,1.039028319321904,0.05379915844551713,25.710390493305944,60.034757789023914,0.0793417843183656,27.77461263263758,4.394610459253185e-07,45.15626126817952,0.23133354135337217,1.7412901719419762,35.586793899331816,12.307873754950991,0.0008745845494870268,0.26937565369210936,0.9795095432331242,0.7883634379503534,4.127234771868662,0.864594119920593
462,0.7156377536904175,1.4211232921055508,0.02866588331122016,1.1482672507518865,0.0518097300598251,23.43507152587986,57.22640129095665,0.09107503163452464,24.07734788956533,9.268044018334561e-07,48.5725857105613,0.3047369766878291,2.1771462968686452,45.84937113412009,10.823569473790073,0.0008494758317936631,0.2590199354805433,0.9902886249146587,0.8901947808252254,4.4573515948403175,1.0325822104837188
463,0.7806042383230156,1.438748777352369,0.029205728920582187,1.0030530436603209,0.045820198954835044,25.381831326480796,54.35420659329087,0.09117649850751461,27.23860538461646,4.978271325044267e-07,42.18423694776833,0.249249106433268,1.727038915203234,35.79041566113281,13.624342731836714,0.0007703614701135177,0.2650583301498306,1.0154976016509742,0.824125197769462,4.249142402599339,1.142266518080567
464,0.738421801135332,1.3229403974393885,0.02848571419036217,1.12985972805907,0.045844652476977936,26.280759340723055,51.8779823531138,0.08843880839756346,24.273026665975603,7.577723800834855e-07,47.33011731970556,0.30074081402516994,1.710735716716887,38.197579880010544,10.584438466587741,0.0008583162225952949,0.2956843246208795,1.0337132011925028,0.7586886374952634,4.213286257731911,1.0476134528731946
465,0.8482622388597473,1.3161495136082697,0.033961466527317456,1.0083887374425629,0.054418043499746514,25.690057376201317,61.36821705157606,0.08413460629408452,23.855099552780203,8.042189932971856e-07,46.958416221064034,0.24065077471559176,2.064252984366791,40.6959030170203,13.39582292703284,0.0008810218731837413,0.29821317308696765,1.11072591211447,0.8103868117391199,4.198987421728075,0.8585623339098168
466,0.8709694179522858,1.3580221904198346,0.034415478880842315,1.0397993156269563,0.04334422760985081,22.565484592725,62.53052385845166,0.08687824563396025,26.33873357841896,9.54501196258486e-07,51.45354002993003,0.29272901067327856,2.0520031704214388,36.9879495784731,12.466751433146435,0.0007211239223642584,0.25945259845101004,0.8894566734913992,0.7587418492535236,3.62953170753742,1.0623991274755216
467,0.8496151489475798,1.4272906306570563,0.027722218725658818,1.0079402395069716,0.05078770990910299,26.589363004906836,52.24669975907281,0.08444939399907954,31.79184581320864,1.3073544490938416e-07,45.629574841196764,0.2750050184934153,1.7365394807952008,45.13115769787476,10.275655686597304,0.0008962709820739451,0.27158828716912636,1.1170068713806611,0.8480761592795878,4.51413919812068,1.0294955392502811
468,0.7024019540856736,1.2480528804970659,0.028890687036789424,1.0841030445333626,0.04321332939631667,26.303988004751698,63.1591583972028,0.07648833555540553,29.808135073029007,8.679084695369807e-07,42.19316511120296,0.2827962283503137,1.9184688484427164,44.964050349491316,10.921781225221531,0.0008335284578112966,0.2557859900247084,0.9925532012565397,0.7793485149505204,3.6907787212897505,1.0467781180688933
469,0.7083029016222909,1.2310932603978224,0.029700008207798386,1.006367677724027,0.04557018326715302,26.12966572640208,58.63716941104546,0.08188292078233136,26.4936398234218,3.9903365539557907e-07,45.009406538226656,0.2800792360011364,2.187828941304697,38.8000929348636,11.38875877539916,0.0007337225679953767,0.28785997861053725,1.1235802396782393,0.8517512892676019,4.199808897727322,0.8977769379876832
470,0.7607413858043951,1.3205926173693416,0.032894706644868495,1.1143290821943885,0.043703582743597445,24.948201186924788,52.91165468006274,0.09053593323018448,24.145149855295646,3.9891315051648735e-07,48.73133649047356,0.2599370941700176,1.8139164143556237,34.250985547999214,10.901975668636572,0.000795569478781529,0.2682995550277969,0.9854810898458222,0.820404247133334,4.572600838298093,0.8502609712680987
471,0.6916559548947543,1.3642584570801297,0.03445627452658391,1.0033769109392383,0.0555958634868115,21.91358810621579,48.76480033573003,0.0736383479583409,24.189855568797576,4.850276782591526e-07,46.66231101498363,0.24019262615759607,2.1349431642285563,45.76516773489814,11.795315819742436,0.0006826793681775801,0.2626489246279537,1.0440735945145525,0.8980718887364966,3.6264957500207253,0.870849267125413
472,0.7875676777659232,1.3874235751623334,0.032021005897097006,1.0394608538209722,0.04752255445546576,25.98601135022973,48.76892885335815,0.08749231882553847,27.438205612263282,8.90566745716208e-08,41.36174915585527,0.23486488391223345,1.9955352632531602,38.72405085255522,11.40705156474759,0.000881787097605622,0.2584048650484527,1.0006031701325242,0.8283838707378834,4.427876461193244,0.9378386464917111
473,0.7307813532819447,1.362401523416672,0.027632413102887676,1.00397283972034,0.043671312084711006,22.05773718625711,55.30593197767429,0.08195671853171475,30.56406207771081,8.062189900801293e-07,38.80633749202782,0.2557609668781844,1.9120476949209684,36.06283784826433,12.994463560914902,0.0007884067489672465,0.2588323232778894,1.0698678591667383,0.8573496223643714,3.8190819738251736,1.057058772653334
474,0.6954650461135379,1.1448822742912685,0.03090568241344061,1.0134747630621148,0.05159530214179094,24.889240175480662,60.717767731428644,0.06816379372769196,24.598408074413186,1.9899324420036622e-07,42.13650515159399,0.3101587995865191,1.7157119811915,42.77696827726579,10.64618896956406,0.0007287864173606562,0.2601897236178347,0.9658162392449349,0.8009215059848412,3.535524248934739,1.0982172009403381
475,0.8897797885774775,1.2631563182611465,0.026829900731506453,1.0057747167898579,0.045369667164294275,26.76408921567985,61.79880027758938,0.07742656242387941,28.722027047760687,7.095575986334811e-07,44.82506049306325,0.28302645035324375,1.9818283962930439,41.48554620807965,10.627785533692759,0.0008670102229745348,0.2798151938610466,0.9109079459992889,0.8186679317920958,4.332680683713467,0.9852070825732556
476,0.831563843616572,1.1504423527767753,0.02837828083390102,1.07221805425077,0.05108188838657217,21.48476154790657,49.14737675895286,0.08778489088025145,26.639843658204956,6.848726925316099e-07,42.80431616676285,0.23561748296604515,1.7996573768281174,34.32376986072598,11.585125845670742,0.0007270743496530697,0.2904087928938273,0.8660324892245254,0.8588725248006691,4.205713563775556,0.997443501643422
477,0.7932919665954062,1.1756111927107598,0.02846349689389938,1.116606320666259,0.04540201160695026,25.932791147582325,59.072238315934534,0.09032235768265974,24.20768122345598,5.400496856978991e-07,39.53698823220528,0.30130776847939306,2.271999514088312,34.670685321487575,10.557205612576391,0.0007898381850541496,0.2898719345543506,1.0348084949566247,0.803533825376262,4.116209388743029,1.0893887229206212
478,0.9011596947053163,1.1589464630051054,0.033087183747938946,1.0971865504752776,0.05054455784884324,24.55582724006146,55.1782744207357,0.07900940050954407,29.433801858782036,9.120314068636638e-07,41.44791061436476,0.22966721498769224,1.715454828277972,44.94035951592081,13.543797718132183,0.0008900357602109859,0.2812112905084947,1.025563568571855,0.8139544483113417,3.805383629105215,1.1299668584869118
479,0.8072812942156843,1.2123316488794535,0.031415037448369626,1.0137489853883908,0.05275532817449923,23.29308763769329,58.20288695026995,0.0795662662310015,31.03394187361832,7.56621382449274e-07,51.5240166121889,0.2765344389885704,2.1957287708042874,41.904565510595454,12.8522502729861,0.0008949055982608266,0.26908170334477444,1.0888522791401904,0.8894390490109612,4.586817334197014,0.8937454146414548
480,0.7474947636365603,1.2706247605930403,0.02892764253543249,1.1406203704189628,0.04287693026086376,27.973659873595516,48.15024009287836,0.09050108074839691,31.538886329708003,4.822778192403324e-07,40.60171232525695,0.2450097759289341,1.8556473820100747,44.18700809520027,12.146697086006897,0.0008899579062413803,0.28895933924657885,1.1403111642492072,0.8511197607300015,3.604053250811619,1.0140816974134161
481,0.8574281235901016,1.2445827281218682,0.03449799721602116,1.0325894145538963,0.05639945603093345,24.924503436206802,60.68878441339452,0.08078844885854862,28.425149038499264,7.071735016639983e-07,45.324968307318436,0.26582608803898344,1.7712505846215676,42.07270863244087,13.656156291297576,0.0009062302102734886,0.25711382969931434,0.9810136479346642,0.8416426853162596,3.518496662935096,1.0631898838497853
482,0.7840071207969388,1.1556330225673948,0.027413830251876194,1.002751449595527,0.04595160813637943,26.503946096213017,54.89086476189319,0.07361082315104205,25.92312334966246,4.733222039240752e-07,48.149496811214824,0.3087482934362421,1.999240562137896,39.319281058629514,11.56494370803654,0.000877169741506275,0.2809266977402943,1.1247428776291202,0.834784514942661,3.638703100766507,0.8815345889988647
483,0.8091300032244265,1.179359319434333,0.03178679424602044,1.1174508917904025,0.05416101592054285,24.296795252340804,55.83895512036919,0.07343997345573959,28.158985242260734,8.172574782056703e-07,46.8793458581057,0.2835400187956091,2.273683021375442,37.44116488478296,12.538454663701302,0.0008923170875470895,0.26994857078533396,0.8651348040829415,0.798206658983056,3.7478018499772707,0.9361727112863375
484,0.8060927371458321,1.3243237583386398,0.02896633418306606,1.048299637852543,0.05035412443583459,26.725464282237898,47.28608311582495,0.08781764257971551,24.91244804199316,9.064023551754857e-07,44.901091888253625,0.2752046744720541,2.2884944705918886,44.76661924644967,11.802314823551987,0.0007285479980890139,0.28180874735754163,0.862055383629992,0.7653319940991238,3.6715530607283338,0.9753250544393307
485,0.8464892284225899,1.1435759047670635,0.03319368430586644,1.0674666542406561,0.04540876763589193,27.7333689482413,58.14950172316911,0.08863620845434722,31.90723233645406,8.196025908826416e-07,42.88060823841299,0.30943312413001334,2.1518178100235485,43.828383068919095,11.513362974105453,0.0008232141986859681,0.2830049758288313,0.9331520796685965,0.8247984083676918,3.7259103539066554,0.9363847405464535
486,0.8370216063790287,1.1127663905504956,0.032323712124871944,1.0727560061022205,0.0443847636904578,24.872589980481504,52.944713235811506,0.0889753755190721,29.4526470258133,2.245828540733692e-07,50.61142336039193,0.29962786987259077,2.0259744734831813,34.91263098961906,12.587593023927326,0.0007815303956300002,0.2832140540008042,0.8794636445080201,0.7722442676769371,3.579863103000815,1.0146175292324455
487,0.8531529301798815,1.240452036303476,0.026339717156465756,1.0247268561609557,0.047287105002636914,26.294241495164894,52.3300492562539,0.08506244734153814,31.362383182862544,3.166016419045162e-07,44.04588863592471,0.26440768017930216,1.955423831008982,41.39581882484093,13.17847236123242,0.0008177258937348761,0.2727752989108097,1.0250412772973008,0.8864649812435982,3.651719496796499,0.9781322068290245
488,0.8491092394422101,1.2969393288175517,0.0257477266882139,1.0461894400123029,0.0483161112936901,25.159361440930333,53.74588187224569,0.084761549501334,29.030033571134176,6.790929418463625e-07,40.74642499418364,0.3045953827169362,2.058456093470642,37.32566177495643,13.446383682043084,0.0008329870266095893,0.2979788673106474,0.9940851876957463,0.8568910518657255,3.929955196566568,0.9423012785717267
489,0.8484830658429142,1.202798212289816,0.03005798980324602,1.0792969891891644,0.050419212476164876,22.75825259905458,61.229073643967304,0.08247263852840309,27.53071423328453,7.570746070877056e-07,42.008032448777335,0.28265831867527075,1.925878012314261,39.04278170909828,11.487735178623163,0.0008082245935573947,0.28720858182953424,0.9330901567275519,0.8198657371728341,4.098682267520381,0.9496536187575445
490,0.7388306343783229,1.4851318048045437,0.031159281521367137,1.118505944617388,0.04506136866635339,25.41660389128733,49.92942454266584,0.08083238580338536,28.129974427802814,2.278926655548733e-07,40.98163012911639,0.3043511686525222,2.2118576084006456,38.844746157683055,10.697448406690299,0.0007560389521633247,0.2791034258691761,0.9968206359610547,0.8515673871569814,3.58609076361963,1.0369702258040951
491,0.8393212782376757,1.3426914320674446,0.02858211049394316,1.142294252056577,0.04398165797121188,26.926692560332324,53.53609390988884,0.08927055109244215,25.010106250835705,9.175854823121595e-07,39.47650513064126,0.2636466347738798,1.7674545376994353,45.07043356160898,11.305446141317432,0.0008150684456149341,0.29744210328697834,1.008583277648232,0.7581080449819383,4.3466345131108195,0.8591206004870496
492,0.7583055204691693,1.1911997428550158,0.027826623175683875,1.0397654709729913,0.054162644162505116,24.50337581317252,51.89454311229192,0.07484803751548184,29.72390682058155,7.431745674059811e-07,45.14125697529865,0.28900582319071433,2.2190662237863594,39.78376249689512,11.001141268066737,0.000893373040006818,0.29460328412709735,0.9937761371166642,0.7888763796934798,3.6503430781436754,0.9471988586644732
493,0.8113477393348629,1.4926057331105467,0.03339119640325962,1.0396163092360244,0.04422942800345578,24.512782215723174,56.69960585515764,0.0889921368076536,25.433344479241743,1.5214718405757222e-07,45.44187399984774,0.2498206133408646,2.169313329749672,44.00622256445103,13.623677928586481,0.0008202742848391274,0.27946442016935985,0.9083664434322111,0.7873294940869039,4.277666413437833,0.93735471872643
494,0.8213293894519814,1.180583266951537,0.029026891956619286,1.1491083272824467,0.049492029785354025,23.16480230449075,62.69727195349918,0.08943475363780955,30.075839392320063,8.107783026296301e-07,39.42899450792455,0.24357193795865073,1.7054255579272826,35.81339894194307,13.168724139165374,0.0008177943328118417,0.27455087506328957,0.9572012083117817,0.7717336201675773,3.9415389413347595,0.9297796925588996
495,0.8797783286982693,1.3962151079960878,0.03238291646497714,1.1422011246301373,0.057059567481453695,25.892732175537603,55.17306623959513,0.07589242233111457,26.256941819297314,5.556166232282318e-07,45.20087448212416,0.2957195305039914,2.1844209120211273,37.68646321009488,10.695241473359923,0.0007147631795020153,0.26485141819600977,1.0587990271460952,0.7666517558168949,4.406501700919138,1.0665921470677924
496,0.913213023861363,1.2405394415416935,0.03111673696845716,1.0649943623100195,0.04449423967085883,25.08678800780772,58.24515010863303,0.07459544739604321,30.090292544956455,8.719162093909112e-07,48.42667935626682,0.253506912938208,2.2649243326742368,39.46292811567323,12.335810268626568,0.0008873825211656058,0.26787100770031286,0.9388253054896307,0.8907729068225987,4.1456538072954965,1.0894717759449217
497,0.8371065013518666,1.1551650929345338,0.025712707902103817,1.0512883558663417,0.05087054967647601,26.360581562844402,59.92615155616201,0.07658984342611913,31.82444044186492,5.817166584720983e-07,43.22017695482863,0.24438791959201064,2.1443209203497697,41.7224774784127,11.765030559594924,0.0007822152992584904,0.25787155224982616,0.9004761716028569,0.8771930092275911,3.7784607202260903,0.8832432906840356
498,0.7382980053721091,1.1968675595442984,0.03268467707953563,1.1040775343349707,0.04348565952749971,27.348984591991563,61.83823960396699,0.0910047851458821,24.440249279251333,5.133249778314416e-07,48.19363498249003,0.2468564159904587,2.2296535823696706,36.3240843617599,12.09012597357185,0.0008677526503744997,0.2829348888626504,1.002599746254089,0.8482688813464688,4.427183703266124,0.9963410693831853
499,0.6907475409422114,1.4603198080949664,0.02849301462571015,1.0368809085716966,0.05329550087142887,25.77806547362171,54.51376564156069,0.08589360810273006,27.52562374656929,4.3189321214701966e-07,41.029934809437826,0.27656412543249176,1.939059208284808,36.587982429008214,12.23799123243031,0.000709947450738258,0.2816959078899108,0.9931068141905655,0.8742034664943308,3.7950198903736037,1.1275282381212295
500,0.8029303163659657,1.2608594868737582,0.03240126940405183,1.0794978130914834,0.04281512073939013,27.960394834977944,53.791341583006805,0.07171788808491636,28.424952637831325,3.569074120455826e-07,48.86948417871834,0.24308980319508433,2.2584393903294964,39.104596823459296,11.576032169988595,0.0007774682996924563,0.27155646502808245,1.1236883465355452,0.8751891057127014,4.4532114673025385,1.0677687934030087
501,0.7981503988150465,1.2700434707526442,0.03439140757799022,1.0679600187664036,0.05317929132110649,27.35201715176039,61.05866901814002,0.08419108778002662,26.82440491183509,4.4774718801241707e-07,49.48503336380686,0.26904317885855017,2.24985122951846,34.251620651024,13.341990897400674,0.000828248593088803,0.2919477699991531,0.943428418046524,0.8529279316745921,4.326022789660652,1.1354446869624581
502,0.9193433496261422,1.2680006199898257,0.028800789526966103,1.1386956065761278,0.05747217424415418,27.59973412762348,61.1268405160708,0.08858146751343589,28.41748353571568,6.858475161540071e-07,47.69711328631101,0.28986620601798824,2.0341974329741626,34.84188314238584,13.070526591407637,0.0007994515583098566,0.25633155543001424,1.0345095050264606,0.8191241886030615,4.2160183733200425,0.8718260902730011
503,0.770534321828346,1.4592083389275443,0.03052776242676827,1.0169514764912209,0.05517267981659123,27.98299483775809,62.42111959803054,0.08986391844555318,25.352524964424532,7.921681449069575e-07,49.28476219698304,0.25982893520166717,1.7012541077598935,37.06160834292444,13.739052178770228,0.0006989055092966378,0.2987513088047249,0.8980631879111689,0.763108017631539,3.6645895931740347,0.8881457500490224
504,0.7423459642317203,1.194419556801726,0.027350574337076276,1.07172759893294,0.05072493595717332,21.67987281091829,57.96827109053105,0.0715886351368906,31.23704814468262,6.897122457284777e-08,49.418879002889376,0.28701582980968326,2.2555390085773284,35.16062428738157,10.4857592228186,0.0008606140493609175,0.28182023699086184,0.9595901765769737,0.764809556482952,3.4653882939872096,0.9978303089180007
505,0.7739222729491656,1.1627562954796988,0.026073710045846195,1.01723603642215,0.05069988877601893,23.881771079722057,61.7417114826885,0.07566119935910895,24.17159735943742,2.6841887720337173e-07,42.609478660645735,0.2825525658390038,1.9450739820874463,34.99585535126421,10.518945742601865,0.0008036429192290384,0.29126635386697386,1.0470561437784327,0.8368666053675301,4.075919974931722,1.0732895431951277
506,0.8938347201687422,1.4309011940482472,0.03366798883442283,1.1165181150082306,0.046714270812132024,24.307281025402542,59.18884062335077,0.07075573726724199,24.121287618007646,8.446219563977018e-07,43.63003450439595,0.2901083844218206,2.112000809620661,44.21558830427982,13.777740717055595,0.0007430649926188009,0.27638486442732557,1.0142242687785559,0.871987796224706,4.519251698839416,0.9334713280234348
507,0.8107669462023812,1.4821499853209035,0.0267133153764678,1.1029897232894603,0.05180165597828774,26.312813097394358,59.699590939220116,0.0905795343315819,25.793917548832017,6.481489858328922e-07,51.65979092163164,0.29595178841913033,2.0246678683267225,45.75026686958631,10.39459011736543,0.0008646451554173813,0.26563293715981345,0.8600198172034542,0.8470115367436658,4.476500172164611,0.8957959946459311
508,0.7690902546933668,1.404835626170047,0.029817852903042046,1.0876223944691041,0.05265329370636234,24.53069850133718,62.62591473162116,0.08390828041131394,27.301415836338986,9.52032795249085e-07,39.134558873738776,0.2951068642513322,1.7344617883368012,34.0681700087307,10.950975878312098,0.0006880864683359881,0.258799387829149,0.9178376977847233,0.8100317840363291,4.427618273165922,1.1182688890988992
509,0.853536017266948,1.2666704822772765,0.03084198118465751,1.1174564450754012,0.04759325845671595,27.039080424760336,53.2825596284142,0.07091426053433122,28.00187659357155,9.532351602619768e-07,47.76791699959637,0.28280562300316353,1.7895869660633064,39.33885467034307,11.108475449371435,0.0007812566608200872,0.2853937186211662,0.8721239470321449,0.8604447617785771,4.362720137242185,1.0080513383236611
510,0.7418271276662045,1.2103349110055373,0.03259612627893433,1.083341947880512,0.044100200066058096,27.489391915670023,54.524411073226545,0.07868260374747287,31.571324366051673,3.570223956539309e-08,48.121646580287724,0.24203793355960995,2.2178697314976286,38.517713200026655,11.591929638484006,0.0007718377701506523,0.26680897945060383,1.0483689488153118,0.8700243652847338,4.444629739326134,1.0381863192954641
511,0.8902414418175063,1.4385045233560805,0.031888163585510665,1.0887237078140493,0.04880669331435687,23.822569639925916,63.14665968783971,0.06919632526026032,30.858558097137376,7.2293878871717e-08,42.11641313813826,0.23906642353761956,1.8618333288213413,40.42870693627183,11.079129543744253,0.0007099033365858052,0.2757011588486116,1.0238195708910873,0.8877222565596853,3.6115551111268926,1.0558959606847216
512,0.7126813875639618,1.4076171452887025,0.02597061761580692,1.0822830287768999,0.05466580057358378,23.385197760103235,48.6415979535238,0.08144947981136767,26.0085178710045,4.6922224043589786e-07,50.62537116669257,0.25177761308096647,2.202960820016248,40.80086234719859,13.718973510343721,0.0008084196250795038,0.2795915530286541,0.8841296281819765,0.863911625490232,4.534030217449046,0.8505548687478603
513,0.8022773258824772,1.1292793708216704,0.025545716464190498,1.0093077845915235,0.05690932911478595,23.12308443892806,51.25202713191145,0.08550625399056343,25.858475364501434,6.39757403695154e-07,47.89134697556606,0.28336536444357446,1.862866142176942,35.12686447228012,12.622216524256988,0.0007376484130303737,0.29898195073488365,1.0598817515684789,0.8409143867836164,3.8493082269340317,0.995684239683677
514,0.7093266893082352,1.2866182712100473,0.02671910351169057,1.0295105646649714,0.05724576926588414,21.628314840012063,48.147032066324606,0.07384842541224135,30.40941228253422,6.223747579299012e-07,51.07778041293839,0.2851974681651247,1.7947686438420805,35.304453158596885,12.891544233270235,0.0008111873343984754,0.2940250969498921,1.0935758811096352,0.8279803629749725,4.11787730474942,1.0761390903304537
515,0.727581557989522,1.1314745226081846,0.025658215744407693,1.0296518291324197,0.0455714311142225,22.57601219574484,55.50274996492191,0.08706008153910408,28.119538100476202,2.8283272255523526e-07,49.51748553706537,0.25336833304315803,1.9222234889588001,36.252378831875234,11.16494313463108,0.0006857276534566359,0.28793228283389843,0.8611032354666867,0.8187475006790995,4.07436223638797,0.9658108522436611
516,0.8830648500610618,1.2586110476968615,0.02812722926544112,1.1348919458826632,0.04918547400735301,28.294898244242365,57.89613886769153,0.08201481948255125,26.50380241419719,4.78223252543674e-07,38.66810696037377,0.3101208996897059,2.2809149150025223,37.922759495302834,11.459789750653426,0.0008219642152756272,0.2891194359022173,0.9769383351313086,0.8374622221437056,3.578443479560109,0.8510119224437588
517,0.7336050558183582,1.3019764495173893,0.031238887842295504,1.057150409177276,0.0522870369418164,28.540755792795615,55.934606477217244,0.07896175583614497,28.05679486673714,1.5924556523545674e-07,43.63304417996674,0.25876784976746947,1.7680143724450195,37.126911942389086,12.62880150738259,0.0007901509998667869,0.28915257303461267,0.9205267288015333,0.7612220452367366,3.6369098343994453,0.961609771791492
518,0.7059404115162721,1.3542390451619866,0.029719361004274594,1.0621461741787004,0.04807373488245774,27.886466371593013,58.85734467287999,0.08619339045887103,30.177322085162196,2.6212581907628316e-07,42.364153963534825,0.2404201084803979,1.8544544662906575,36.88510211233164,12.736545128973782,0.0007572166934570459,0.28122445517006367,1.0347884040219708,0.7599892505392892,4.335848440064719,1.0054699122265924
519,0.7222833183257295,1.3642873841700067,0.028862463491436573,1.0078015013285349,0.043169606583351554,25.354921317485065,56.32979303048177,0.08547516041028802,25.493434750413567,5.55886661982927e-07,44.89402526400075,0.25556967176229894,2.151501572959381,41.64938036233985,13.736182325347125,0.0007541274961824528,0.28748740238522774,1.0337834569320237,0.774849635230471,3.6646179555015417,1.1485214902938958
520,0.8415548839674825,1.24526392694429,0.026773231248810744,1.0370095619699489,0.05282776987145313,23.579941158175373,54.32145810422346,0.09185783886779604,31.81471763274905,9.831545327945211e-07,41.44705528961304,0.2444810487311646,1.8787097576100258,38.09454389137122,11.730501135076244,0.0009160379234765565,0.2823372448409419,0.8997547768936254,0.8400637302934298,4.4689783761373,0.9074723017361392
521,0.7300573765904732,1.2860945551959886,0.030941955990620263,1.0928432247560778,0.05226461527216419,27.88258284734036,54.8073409974404,0.07345401170754787,25.946705036505335,2.085519659697701e-07,45.76026344953851,0.29488886804462217,2.031535763409855,34.39049778679236,10.275379634724263,0.00069313212745813,0.2745279012114116,1.0270264870180559,0.8151856483926739,4.416658510377979,1.0979557324722713
522,0.7434237387019224,1.3654066540058662,0.028786618542279728,1.0571509952869071,0.05408716932820839,21.561598674750414,50.56643050126841,0.07931046338397564,31.060314620747594,6.867926510558921e-07,48.84074960959668,0.30281719962155895,2.162762150221599,39.72095509409328,11.083589273744698,0.0007072015065331896,0.2715171816582506,0.927846250360072,0.8843595450598764,4.0377817829949425,1.135465776553707
523,0.7307838453013596,1.29440888136128,0.03300714472374614,1.0776041586167686,0.056784065137474596,22.64461813170731,56.77178597445381,0.09151408404471963,24.677277626711216,6.011874425809649e-07,41.646850944630565,0.31039148049293336,1.7119066404764636,34.05532921381881,12.321390927504858,0.0007160563013438944,0.2757482037847107,1.1317755020209812,0.8452571755605426,3.7631480251818816,0.9425876117377975
524,0.768311478351778,1.2437201025768259,0.03226659645782097,1.0779915371582773,0.05585468481828454,22.99633921001723,59.725705420698525,0.0746251291825319,28.13654810600862,6.240504796348966e-07,44.897299377762536,0.27139315591020774,1.9412057174695223,42.3704806371314,11.884891146996363,0.000731640923010027,0.29936025549852957,1.107026467121835,0.7664256315827237,3.7590506121050486,1.0395242328798218
525,0.814482222823477,1.180648762918175,0.028519538264768773,1.0308039717967075,0.043275753363430515,28.097625133555525,53.370291568966664,0.06955646319835286,27.653248780589596,4.861332924366214e-07,48.5057163657805,0.2719812941895284,2.1037573431772363,35.725727780801385,12.388445615409935,0.000792874539357209,0.2908513805086572,1.1419925545763754,0.8397786940571361,3.8279245819130048,0.9040613854845869
526,0.6930345458793885,1.1290100697054128,0.028192166148976606,1.1011650378974458,0.05251737547167047,22.473798442073473,48.67787060861373,0.08425996499787246,24.293569197950326,8.740404207367633e-07,46.50770751882351,0.2659912296472482,2.1421691489310635,36.64181387363416,12.455589634241479,0.0009115672514405789,0.2605567547323567,0.9854207203560611,0.8148785850745929,4.516159144795721,1.1470323889720377
527,0.8205035373589197,1.203466002945289,0.03134100418721498,1.0115475083887675,0.04682032469565682,24.087112858487558,61.7177658983434,0.07873234915584627,29.84869978668036,8.712669294264868e-07,43.04073084972221,0.26344852400706004,1.8354388107757222,36.55084487434711,12.371607755435146,0.0009048281478531246,0.2778481607837829,0.8711361031581192,0.8078884367565933,4.030144474703973,1.133739407361224
528,0.9087734075555133,1.2559131836132262,0.027506857840711198,1.143412675317386,0.05249457647699233,21.812587752093027,53.158043154385794,0.07973190557029687,27.465047395928828,3.644257709212317e-08,40.7484460188761,0.257313687096289,1.7526277256683689,39.318853987272966,11.508074283485389,0.0006847213262344406,0.2911383035579277,0.9307657902715487,0.8784378222869321,3.563367424553189,0.9589864069862972
529,0.8881219966348617,1.2164855163495005,0.028661801726006287,1.056417992056836,0.04313046610284412,21.492177393825976,60.69209287200486,0.09198626675260548,26.092185961632183,9.404417285820047e-07,44.22185263863094,0.2924220663373058,1.870712868988143,40.632265166129905,11.568565438799084,0.0007065467926684209,0.27294247408089223,1.061385270712534,0.794194070146567,4.136286500348713,1.0786190058241212
530,0.7598610465528262,1.396330962263567,0.02561652982828055,1.1238217374263235,0.042869195249797494,21.769728379580187,54.42332407715233,0.0769048038487585,31.387759858533517,6.406305132804991e-07,46.34619342378476,0.24432857122172652,1.879559962731533,42.92396479533384,10.772205709472665,0.0008462988172678359,0.2743512653470942,0.9052670107303927,0.8884190453258047,3.6180201843855735,0.9014006686448225
531,0.8941641119626514,1.3997681004908324,0.03281184962652505,1.0191904161785796,0.044807862663666584,23.01442581428913,57.809063789584464,0.08153801070725586,28.208117020327958,2.77482950323088e-07,42.32257657241954,0.24615621786308944,2.2730265137286403,37.83135698479524,11.838417177181492,0.0006821157131580097,0.2814016000934695,0.8640627372980267,0.8760984902620849,4.044912223423881,0.9020228384190325
532,0.6998318735678767,1.359764956658797,0.031197829406268196,1.0045547980414373,0.047334724020191836,24.24554424151105,52.27690193113439,0.07574531483142923,23.88269084034322,6.591553362460844e-07,49.4388703674757,0.23316083292375134,2.133485485439947,39.90370733669911,12.801395832922887,0.0008953878826089768,0.29223415144499554,1.0753244126145327,0.819074489182151,3.83922858614891,1.0640676630397161
533,0.8615970156079287,1.2009137098491471,0.02909984738843042,1.111975141582611,0.05074898536772091,26.375424931771793,47.54322642713149,0.07005990033095891,31.228551879560698,3.502802722786751e-07,39.255544076353864,0.23533355005484452,2.032679200669321,35.96303572694363,10.952817692659913,0.0008082666593977936,0.2595272582748498,0.9025663684559572,0.8562922199294905,3.420017030564531,1.0275155077338647
534,0.8831714344824595,1.1129091597582612,0.02850474971686183,1.0370196885473226,0.04847656635334764,21.653347620885313,48.74557056732817,0.08592613186581366,26.05963921192244,9.45470923471338e-07,48.52251979653406,0.2563687609703581,1.8773358188167675,43.709063144311436,10.493481064163138,0.0007850462482524012,0.28386319963244033,1.0997679348745386,0.8847413668415077,3.9004141027832167,1.1209058955984839
535,0.8717367826293037,1.4679658146265862,0.03139931758341303,1.0841375552595596,0.04293620341651892,24.600719899589837,58.74372974523934,0.08613526064810591,30.17201698409418,8.196348440630576e-07,45.57531953852332,0.30215645057091167,2.1267607354103197,43.44860913680152,12.767527686995116,0.0007849774996897944,0.28899330943356966,1.004047712905831,0.8598810930908031,4.474039213533008,1.0200897333329153
536,0.7774707545902215,1.3198198523597375,0.027182879768427134,1.0849002993061225,0.04942279796642996,23.301501056650753,47.55350614945582,0.07221973916344966,23.913304469399247,4.903315550638916e-07,47.346800973933725,0.26393397445467964,1.89705046727091,38.42596767273685,13.12174846756365,0.0008152530218874027,0.2820388515782428,0.8947335245165103,0.7749832365439993,4.148033335841118,0.8709700943700052
537,0.9052103512933888,1.1924086650126953,0.026862390896273614,1.0072024735622525,0.05682938681968005,25.631948441539812,61.064041210726266,0.06839387207467287,30.26271322977107,6.110299142441408e-07,45.85881926450235,0.23475304923093834,2.269311312962899,34.886290960159585,10.561044950401504,0.0008296930787261955,0.29416283497693346,0.9841377091310914,0.7836880288175514,3.5886289169957606,1.0799940607196818
538,0.7105038247184495,1.2758830413072124,0.029733437447165806,1.0173132035164913,0.04573390219984588,25.160226972869022,52.87174232634861,0.07519088770461868,27.836956520674434,8.721610134085493e-07,41.15199518960542,0.28074099671626906,1.8818060997376735,34.35957638862276,11.911221322053757,0.0008528105482948764,0.2990113777252088,1.1439013970276946,0.8311297632105726,3.9994698912858646,1.1340017556524729
539,0.6919082331324078,1.216133258650037,0.02779010173350461,1.0101249369594079,0.04765468599224286,22.982945140707297,54.85054967873066,0.08333562563440558,30.809109546933172,9.57902516455432e-07,48.794823421214225,0.29175712841915763,1.9112173181379049,42.45417524729644,11.07130521935427,0.0009158346464828573,0.2881733480572492,0.9896214630754109,0.7615053861556548,3.8572087165739872,1.0813591124289168
540,0.8937709240606859,1.1559311368285459,0.027816555645360404,1.0333215375462848,0.05440112951166943,24.704905951290364,60.71878807376691,0.08589251044097825,28.644151800274802,5.812243650198894e-07,43.69959655255343,0.2986167245932972,2.057566741119583,41.223360247926166,10.73230467092955,0.0008300248552010548,0.2983477914029624,0.8665026531572635,0.830949240202405,3.705839735526965,1.0676881152341153
541,0.801006464371529,1.2265960155527824,0.03173917645112291,1.0922611544837826,0.04620566618377214,27.32613795135896,56.77666312633307,0.07659548088270232,28.864393486810815,6.180365072952897e-07,42.20192567277911,0.28341253455910675,1.8069900633521603,35.025036231397635,12.703282077957587,0.000805900591176958,0.2920555900972409,0.9297216295555749,0.8421984067694657,4.284115288327549,0.978864839294349
542,0.9016010522505211,1.2464135976006134,0.032945166341537414,1.1473219394469056,0.05147870775703427,24.674734031853152,50.959097268524054,0.07956711793943853,28.33166688334728,4.918497409997676e-07,51.15804481763905,0.23731825929729075,2.01281453522605,38.98411996946391,10.801787255483875,0.0008607095086047456,0.2624683566513451,0.8526152990641233,0.8090979492212984,4.336796861153811,0.8793372789426538
543,0.9182917124407035,1.2970178734246078,0.03415698758885636,1.0657251029998012,0.0509715374971752,21.6391905033794,56.07817477819116,0.07696605827507182,28.44862604853138,4.709112697207528e-07,39.75779626298997,0.24842101000942873,1.9657436145125908,37.34113477663608,12.79619309290719,0.0007639349297014708,0.2665348072501278,0.9434116993410564,0.8973683076404204,3.5440706330565437,0.9675115700907226
544,0.8842527223916078,1.113541968424754,0.027449379823749516,1.133571836290023,0.049633742769817114,26.618220169870455,61.9028195008993,0.08838021301855024,30.231324318567967,2.654808465106857e-07,50.95248476882089,0.2916524478799935,1.8112919521110007,42.87205826598617,11.634380440645671,0.0007331849963524892,0.2742515876836881,1.0212054937281458,0.7576191295514896,4.443783362714569,1.0800578684878757
545,0.7194735329262835,1.195907187537664,0.031048816690888086,1.0425999409812343,0.051897299426206314,27.802965907288375,58.529854342061945,0.076399275573262,30.27841694080482,4.5016329738793193e-07,44.118498756929526,0.23347719869267455,2.13553780359826,42.58174753258738,11.201851949592522,0.0008689754368917206,0.29975625040126563,1.1226444689184039,0.8917054712131629,4.362975797251236,0.9227834446673399
546,0.8942329864217239,1.4501199257544348,0.028655560014585454,1.1140434629040092,0.04358836419806857,22.44818092979568,50.58897108858514,0.07924180379979094,25.950353698955407,2.0533928075475572e-07,38.3368409066215,0.23628603097431888,1.9187127436850775,39.975928402518875,10.950528324817627,0.0007164441615685888,0.26170078667212704,1.04064920905768,0.8755507690954508,4.483638071690563,1.0373946194196297
547,0.7787856545324544,1.2439071852576167,0.029069290331026697,1.0583066605863143,0.05326114412730256,27.523422029261813,59.377983291318486,0.0721761271026288,27.224008177861105,6.155012488396279e-07,40.88179164536278,0.22973969186259355,1.9467391998291985,37.11599671086983,13.583316351642528,0.0007950183751537763,0.26021545080485425,1.1073736794851234,0.7723728920517668,3.7130697965915114,0.9910294213883805
548,0.730902506288429,1.29602759774884,0.03138048695476527,1.0133258137602297,0.04404813312425064,27.480297689376275,61.6733548866997,0.07520476763728719,30.384258571355975,2.0905369000455697e-09,41.00568780635538,0.30248582140874797,2.0277541761661038,38.45275149315792,12.66598575066281,0.0008654204646731152,0.2845471221366162,1.0513873479035547,0.8647214117830598,3.7978240730489063,0.9581238931599305
549,0.6803542794464057,1.4664672883501995,0.02712747199454094,1.08143866601333,0.05597039918896048,23.270181437315113,48.27408108831877,0.09149146262391909,30.78853942532754,6.358253821457203e-07,48.575272963565936,0.27968816592522106,1.891027406294419,41.12845007081154,13.504316000254518,0.0007104715586237825,0.27238521206742305,1.1487694781808835,0.8969116466729409,3.5008828939245817,0.8875437280654306
550,0.8347465727208963,1.1877166092805997,0.02726780235305539,1.1231397116947972,0.055065262317260125,23.26288595232345,63.21506995307107,0.08351716411556705,27.288166391705687,8.481997991075131e-07,41.79581945883701,0.3070609672216239,2.2219008253175443,45.872367616944146,12.772552027796973,0.0007492160280233936,0.2915560801356413,0.9362621468115023,0.8166693816343239,4.228465220028459,0.8749074376753762
551,0.8975964159579541,1.4750274563470842,0.03394743975303831,1.128597304588943,0.050822874818434685,23.0291209235666,47.73525015527974,0.06935478478982597,27.723294316702805,6.015472368088356e-07,38.888032834155695,0.28522489007713986,2.1214665412710603,41.79817944928814,11.727507194754384,0.0007980988197353225,0.29583335738535543,0.9483925788712662,0.8193181554235159,4.313516072839374,0.9445941354475684
552,0.7409636055182403,1.4314682670870114,0.027550153983207672,1.091885278136655,0.05629926772340309,22.547989929068372,62.918948121162025,0.08954633188200754,28.468921428559547,7.308846206058844e-07,47.39559529972321,0.23062680123482626,1.9903286570682663,45.527500749463385,11.793631043799433,0.0007565962621281082,0.28474901970071675,0.945748811441676,0.8590189455006318,3.7134201654656858,0.9380563169783732
553,0.7837802480269435,1.4562091847852325,0.027379566530058193,1.1154525783463884,0.052868714250044635,24.739664684526247,57.186322066598656,0.07003522395174357,29.123872046394098,4.315182586132937e-08,42.98878111173602,0.29418111172809164,2.1830196343537196,41.77618828577189,13.19902897629514,0.0008381950547916027,0.28587022238951043,1.0176871055965242,0.8581227315387777,3.5694348809198013,1.0657235729152414
554,0.7197029559636985,1.2118516514573443,0.02724791745368447,1.099416945576547,0.049639913476388624,22.190721871686588,60.85206052098011,0.0818900988424016,27.779730301357617,1.0723279851363088e-07,40.582945690162184,0.24236424727842526,1.815320957067206,42.44522851725162,11.318697027838578,0.0007656472192555568,0.2832671357324685,1.0593686936885718,0.791818575245994,3.731674533604277,0.9576514676106653
555,0.680428383733814,1.1571034980285615,0.029927659408515314,1.0565725875576901,0.04401552561346379,27.298447609657327,47.69648868185931,0.08034497497273174,29.176424476559557,2.5600947020573203e-07,49.907213061119045,0.30589663987472926,1.751140782526217,34.47005864443801,10.378238005237234,0.0008529644120680213,0.2607342468979162,0.9086199468609815,0.7962483690206362,4.290194392189065,1.1117766971884766
556,0.7409407940422802,1.1443594156108108,0.030361914535936025,1.0501941835516873,0.05046392188601092,27.213208584123766,59.18923641232896,0.08040939521608524,31.5035066142425,1.3344315132561702e-07,47.014240810341256,0.27511614936354767,1.911177266217482,39.45604681070388,13.061475800147306,0.0007304547517868694,0.28180826327604647,0.909759287388682,0.8209838446917589,3.6098345681854904,0.9003078238234075
557,0.7526411489985829,1.4455424240993622,0.03303074244057775,1.1319815441140115,0.05233860843717664,26.42842924329479,60.34983553744605,0.07178476728819035,24.56300241341059,4.873647567489132e-07,39.386884036158484,0.28262034322191243,1.743164604398077,38.85750248664965,13.727089424567604,0.0007223266955588474,0.2881052134318721,0.9952561874984133,0.8689784077375484,4.104946976282583,1.0442242496898593
558,0.8340360824941834,1.1370510963208622,0.02874991631536276,1.1486903050576194,0.05748013040750428,28.11727686236039,55.469010490352545,0.09080463345168423,28.883841080217604,4.820129335326848e-07,47.876954685075134,0.27607207528974503,2.2081259798657378,40.53562636783823,10.20371287000182,0.000685851148422422,0.26668234101837535,0.9460716529246914,0.838737924927148,4.518040992595488,0.997166489445104
559,0.7667404195256182,1.1830194768604385,0.02733680631930382,1.1324662202733635,0.05345231968503807,26.52809785697163,60.28965332238793,0.09157585166320546,24.986767502493613,8.325656616418584e-07,42.13341213023686,0.29527149259555674,1.7942020870399837,42.62575728302089,10.618180473337453,0.0006884023017008021,0.2654616643940799,1.0068038611373882,0.8285327019940506,3.929539168489343,0.9717399458892736
560,0.9171087218896341,1.4384259234686139,0.0329851262609489,1.0367923343487002,0.042553072361859054,27.885270074072782,53.575545602879,0.089416573561656,26.49369388918642,9.741790433083067e-07,50.36723746549299,0.27396979160738577,1.8763587418042553,37.53434026980178,10.606780461545405,0.0008212987162738911,0.29851891020750476,1.0330707683332594,0.7977871362959843,4.437130770702338,0.9761533101149223
561,0.7264905584048372,1.3334713551397666,0.030993092269082402,1.039755913994985,0.04921453470862705,26.91772166834265,53.76983805911419,0.08291861210749096,26.33844896089366,8.106339262809913e-07,40.41074587325069,0.24410408030078196,2.2217269527742456,41.637197359629724,10.434817664017578,0.0008766735011792112,0.2804031816803521,1.0567744132779024,0.8823208445249179,4.253866739724162,0.9833928753269088
562,0.9046798843801191,1.38030194234644,0.03058886897542813,1.1434414221279274,0.05546810247791565,23.017679599160747,47.512605914909564,0.07926516762616681,25.93067737747058,2.615733381107917e-07,48.03140934617247,0.24916946627334155,1.9371990370844796,35.443756507154504,11.213640587054291,0.0008089337067592791,0.28738149945254904,0.9950523158189444,0.8071461057540978,4.599429708270788,0.9311632155116208
563,0.83468855156679,1.356174614582687,0.02979426754723285,1.034185175845451,0.04307838456677651,24.080001256147053,53.09444082778588,0.09112540182450317,26.50224179806315,9.852729424313018e-07,47.614185142365656,0.2600320281366597,1.8623948286209588,36.46853140427735,11.066796403084885,0.0008893892608911814,0.2882430469280211,1.0405280113814364,0.807669216741725,4.2057081022645715,1.1249935105756355
564,0.6832436268214845,1.3491035803632292,0.026667126904499825,1.1454712085671683,0.050328173206108176,27.931953571685998,50.963729825367395,0.08390168762900994,30.953200624864714,4.87648034438104e-09,43.631210330782636,0.2681304338615362,1.7876819954040408,34.999936879097106,13.591279424609644,0.0009055255721719501,0.27707584265124924,0.8696225603609741,0.8857262192208069,3.6630279436543534,0.8724198766319374
565,0.7248235658975949,1.173276961156907,0.026912249598106845,1.0586812095943248,0.04798695578461405,23.18989782323675,49.08326237338606,0.07699079176981509,25.96387117922933,4.362901586648541e-07,48.58165743972465,0.2696225533713243,2.1133264954687485,44.14944490738277,11.437185356315528,0.0008576903729740619,0.2654947212478647,0.8977962539041846,0.7913023930398434,4.5917146383759695,1.1479706990626317
566,0.8120248051289086,1.3972816892780162,0.02918858642263968,1.0824570919678826,0.042641902079876566,25.919012597651395,49.12035517383419,0.07888390217397245,28.21943171617164,7.195934993708584e-07,44.77086825975874,0.2590284455825539,2.2421465285690134,39.974769775886465,12.380173130823223,0.000880361578096527,0.2785703012866372,0.8610457331924822,0.8619677620784292,4.198596257495937,0.8837109003118891
567,0.6991528342556287,1.4152069848995712,0.030626524784550704,1.121108007297554,0.05490054070338818,23.46931436438361,61.682925301163785,0.08056870322427227,26.40456888951473,9.408042104913698e-07,38.84133318153248,0.28705409909222585,1.7246639848097718,44.723265578812615,11.54766666583833,0.0006808901954162888,0.2795982638776701,0.9333558591140074,0.8115001427738503,4.0237656792959005,1.011480608012667
568,0.7844901046009428,1.3684234130634185,0.026232607648932482,1.043925028863078,0.0427021930889194,28.343604694938907,51.77143021352467,0.07858575903629836,26.46179404880125,5.727221968993407e-07,40.11947194365022,0.2965763697909812,1.9492293156826486,44.44574435145289,10.539820567061707,0.0009132091812231037,0.2785998716814009,0.9281613965333547,0.8598203494091463,4.589248525231926,1.031904220194905
569,0.7435365878332344,1.4028957892465335,0.03434502536509965,1.1212327361505479,0.04925308491865003,26.321813641395668,60.106112120879644,0.07349288629770154,28.881153984471958,2.2609150791246555e-07,48.77051300601501,0.27550274358055254,1.8311797532275316,43.278256267846864,12.50186883116224,0.0007588983672039201,0.2818187338834931,1.131118035349038,0.8180219556207476,3.980549617105189,1.113771659766999
570,0.8458930931885882,1.204311519547917,0.028279691149881825,1.0298756031152665,0.04465229611604416,28.426437336293365,55.61522877903813,0.0881809939612976,28.255563669506454,5.289860826733456e-07,41.044017489052756,0.2842550701506637,1.744793022095872,37.57611198971834,12.585111148716782,0.0007526761286709251,0.2854443850593579,1.0908702772200465,0.8895608723931792,4.349754822176109,0.8804384581599694
571,0.8117913312086373,1.1982705462819125,0.02756217681955518,1.1380984455751681,0.05488186083979345,21.863819944981387,59.62803384303704,0.07517685938508326,27.79216978107882,6.452061092472288e-07,40.2126987738936,0.2646301762013812,1.9790679802136921,42.737932225032516,12.278705157174809,0.0006986758520387288,0.25740748751465253,0.8733543183021996,0.7919209601185859,4.475452341763234,1.032202358975082
572,0.7904748162915709,1.406280023894988,0.033975869095563896,1.1296084066971408,0.04355859537619443,24.979541137498835,53.45269728938433,0.08528358035430665,29.991938238802142,9.633287379763055e-07,42.605857254484164,0.285511168753379,2.1961262228164493,44.91542229030819,11.474290664187572,0.0007540478982397685,0.2877981769042508,1.110709700052962,0.7972758433121486,3.8699788098089427,1.1120311750329561
573,0.780393439768978,1.1946494025793895,0.03178280255537582,1.0623974353489187,0.0436431379566458,21.42164475539357,59.93168772520823,0.08298357110761594,27.249045724047335,5.56201021370252e-07,48.68844274995937,0.27658546852142835,2.2449520708883806,35.37148886425773,13.672516585331701,0.0007674364863233218,0.2860029806923523,1.0350016064019025,0.7696381283805173,4.004025841895798,0.9800541673544009
574,0.717648835035088,1.1452977882457192,0.030656656254248592,1.048796888636534,0.05024170742731932,26.010131100461443,58.6190995198731,0.07325692131920644,27.831714495864972,1.8518328485373324e-07,49.089322994949555,0.30715703111973147,2.261523728876571,38.976610373536346,10.404839014226637,0.000839773644169551,0.27491160715382656,0.8591855435298388,0.8230287975302374,4.374988254533572,0.8908164743073844
575,0.914435930440861,1.3680492181740118,0.028082743174554014,1.0190579375006552,0.0432040007625949,26.619969888838522,50.40445516591522,0.08019130845764959,25.037322666140152,9.301643021294171e-07,38.741055706636466,0.26143940939244303,1.9110093821781304,35.11127719737264,12.519490386973045,0.0008975126893758741,0.2655978440344118,0.8668132355081147,0.7772349571222659,3.789427709036778,1.0864179795487627
576,0.8294853064776171,1.3576219926049833,0.0342476112937625,1.138909641341806,0.054351971446469784,24.97501107158223,52.97322673622389,0.07107207987820244,24.93240741991088,3.061835594206991e-07,43.9547532563645,0.2334288077496307,1.7015437128649087,41.923597914661705,11.924019374892064,0.0008029583270358257,0.29185823079239787,1.1165616708547352,0.842148034390305,3.4498933875314295,0.8737579070935381
577,0.7743742331754887,1.3869941046083303,0.02793002232449045,1.1182427352902402,0.04992750167795032,26.393912046878874,47.08863603397694,0.0891999922422021,28.9294181957493,5.656856618795927e-07,49.49243813404342,0.24286561702513018,1.8822196899356465,40.22077850694804,10.26552031646254,0.0007769464752420971,0.29511751038402423,1.0724277775176683,0.8415211224829152,4.40256985422314,1.0610817609266616
578,0.8331685151555417,1.3192442300685379,0.026413832511100497,1.0736832570768942,0.055648761111424465,26.47125306103506,53.12277374323856,0.08841106410093597,28.406932571321814,9.955772325353495e-09,51.20725927612781,0.2664364266841323,2.1993345522050287,44.92683578121168,10.691845864484483,0.0008672752724943764,0.28299640592563496,1.1144446471162992,0.8019137740362546,3.5619905720840968,1.0682367153624885
579,0.6878987413360752,1.3788740041705694,0.03307266202931299,1.0352859436766753,0.04577734277162591,22.116719824939295,60.185920115230196,0.0759044038504673,25.050189709908594,6.023994693021322e-07,38.379689188939096,0.2569316347784274,1.7825963794702757,42.027675391572586,13.075872677511908,0.0007227928137028267,0.2613017788197411,1.0754299855580616,0.8825978538402289,4.373297195466508,0.9567553515979932
580,0.7106283194129004,1.1143805236540674,0.025840701113047197,1.0269778673296277,0.04478654593879332,25.874317477299837,47.582116251113085,0.08741691828723017,29.06056410641745,9.196305231295515e-07,50.135253183766544,0.26971399304317756,2.0226098575009583,45.126821546761796,10.772007512875016,0.0007581186070053213,0.2557161435375206,1.1301891818599015,0.8044182057610709,3.7824665308749807,1.135021629302097
581,0.6864323474190425,1.2152992186953357,0.03332753291878534,1.067478764207267,0.05588026798113817,22.11544795836019,48.106671751713066,0.06926735003549232,25.139979996242047,1.702526848672168e-07,49.902684232251765,0.2637651269538351,2.2908116566622247,40.433948408879914,11.247514724454607,0.0008300453106602671,0.28540832718363646,1.0850119687529258,0.8117865896804005,4.422137864457788,1.0022206853358744
582,0.7045836759604119,1.4475347442007331,0.02912555422806861,1.0978371167598988,0.05484538418940376,25.29094641672794,55.983640294097405,0.08926480088772736,28.788267643862955,5.280410965948717e-07,39.88053814410352,0.25296631800385994,2.254156125751759,36.470017914845585,13.06333686318329,0.0006978192078919407,0.27115914975356603,1.0735813306652073,0.8008564992950132,4.27122833552234,1.0226074377667633
583,0.9102375290979984,1.2997792043921244,0.02565166660344048,1.010476252638902,0.05126504704405998,24.585621494117987,60.12968944944263,0.08565385235699226,30.616334525732178,5.972257749187397e-07,49.527867898871165,0.26973050708881824,1.8574690867103096,38.412673068500986,10.272193940505716,0.0007812784385147401,0.2818708416107246,1.1012068333575245,0.7929369448984281,3.8132581547940343,0.9701461000019014
584,0.7108100561739091,1.3989931954372519,0.02898482600763065,1.1372874013524936,0.04442836138329985,25.57854937495414,48.15901891037706,0.08972928115526313,24.20372805033139,7.358193357244304e-07,38.39083078103565,0.2641410550532666,1.8262427120293023,36.360368183355526,12.457910337846718,0.0008074034776902821,0.2805975396940143,1.0573874548990863,0.7966891525958599,3.9481930567641834,0.9803594296614592
585,0.864370319463125,1.261174841705064,0.0268053381114338,1.0472473346930358,0.051111517522436395,27.516617959665496,48.0310773860879,0.07756630891285865,23.959018268633997,2.3486767439208344e-07,41.93449339291044,0.2997735151095013,1.8922375426578886,41.950364015516655,11.12420921406572,0.0008275306806411355,0.2591948011679603,0.909081452088081,0.8326610570828046,4.450826222369011,1.1122814019659313
586,0.8975298864094168,1.1488132432920555,0.027114704475280377,1.004596348891782,0.04485526653251576,25.181741145169415,47.03589593840293,0.07821356848854844,29.630295178290105,1.814073064219598e-07,39.486562257166376,0.23237586395704538,2.232211750605216,45.67436413916916,11.97030854239538,0.000815090140605683,0.2784434033560121,0.8943670089426793,0.7886278886818736,4.27783572633307,1.0368435585853168
587,0.8169511641986192,1.4163343513309743,0.029776396899662987,1.0013424496976473,0.05101049649768235,23.859317995122137,55.97378328545224,0.07584693916345532,25.25459969970741,3.38007201148191e-07,38.582440370282754,0.2371619103988479,2.2452031653333555,42.94754493736884,13.282352153139934,0.0007264570633086659,0.2753948866356647,0.9112994008356358,0.8082823856403796,4.427948942515544,0.9155445348107683
588,0.6845814668778927,1.3994526112414014,0.028646249406156326,1.010789282392392,0.05230919558228932,26.54951394106024,53.2184839474413,0.07726147700558887,24.822842457201354,6.979786843412881e-07,45.39856975404126,0.25354087525240315,2.099990474332497,45.8930507285864,13.165950014103307,0.0007239005364820432,0.2554478249072756,0.850726152084834,0.8373830513266427,3.9221490410465782,0.9289673058813837
589,0.758134640787645,1.3671750320901679,0.03301546148873105,1.0543603647617183,0.04464532029941555,26.09657404898377,50.63212971191215,0.08316386267838295,30.74882677227971,9.716189873414368e-07,48.91328933091034,0.23484738829751944,2.1664909023460095,41.54705153100486,13.089382818886913,0.0007547130843599541,0.2657233845380772,1.1056353528677425,0.8922491292093816,4.582638997771401,1.1028889415533516
590,0.7839850503830987,1.3137114068313023,0.031282479307106315,1.139667709516395,0.04444608247325082,28.369058577893494,53.42176164184067,0.08725989719781412,25.22471429441124,6.226342405254792e-08,44.93532195514468,0.2512764111712782,2.228091827313493,41.661676238261116,12.002655319068673,0.0007262574596635373,0.2595936101384754,1.075575022699733,0.8632124094105778,3.9116103481093574,0.9291058992384789
591,0.7724234900195183,1.3488239721335848,0.028592969055300982,1.0469915718693419,0.049777798450388454,23.544348289882354,46.812843696523615,0.07418934940470492,26.198855951089357,9.802622827379499e-07,41.13694443809474,0.2430391388863123,1.830938713843842,34.95522599306162,12.977518135964443,0.0008563615343379138,0.25859783777176504,1.0812909491145075,0.8607915751342674,3.499836871566888,0.8962312648647355
592,0.7034615605483825,1.3378098245861951,0.028791888505537606,1.0886594995580026,0.046496369043996726,24.77750399652125,53.46008665640273,0.0713138027037447,23.941954490494748,2.7790653898724614e-07,47.83683296746973,0.3104605814739587,1.7083669178988832,39.77669438631393,12.493720247077185,0.0008868701982548794,0.2684195428707437,0.9651637311194114,0.8396928558562065,3.559604578324016,0.9839962599769627
593,0.8175946891240965,1.1128312786101313,0.03139081272320463,1.0099833428500824,0.045141279191077875,28.71765310365971,62.03108961213429,0.07264197446251978,27.90602601561897,6.918746302942821e-07,45.78528322184353,0.2506943320811847,1.8723207727883517,42.514157138572536,11.185421503247074,0.0007131606648522456,0.2813758129807697,0.9961491266402521,0.8127810141349034,4.372187852025444,0.91250303275364
594,0.8649604236594611,1.4231741404893028,0.027076781908871483,1.0290938112838053,0.053626751906987465,21.39946389100173,50.135049209271585,0.07408240044788265,28.323662881431627,3.2358103972070284e-08,41.91721637710945,0.25374609536550324,1.9606290276875213,44.48292443623846,11.873114039955158,0.0007997469878308386,0.29688047005630736,1.132310102935062,0.8963776910392746,4.085533925824636,0.8922885859077949
595,0.7361241059027059,1.1947658795735316,0.034009024416556836,1.1289261202127465,0.046855619440112475,26.157105044015672,51.583775484076455,0.07290975559982936,28.436453781478345,9.343887042197972e-07,50.8984193859742,0.28717886988368846,2.1499627301676387,37.14208315857215,11.58124148229128,0.0008075989240880747,0.28141291834483817,0.9641344836596366,0.800502731647741,3.68182688441318,1.0588830994859757
596,0.7772141029045716,1.4524183981560992,0.02719994586687799,1.0174632263558314,0.054960740417102,22.732690025850424,55.926371271113325,0.09029703276072527,28.592308873315293,3.690609097420627e-08,49.27499290700014,0.29415013003502904,1.9124938939253469,45.51232532692439,11.988296816843576,0.0007497447296046985,0.2803277679559102,0.8616224772023029,0.7896781174421911,4.174530873430244,0.9625119805824579
597,0.762757752671633,1.1452420990254117,0.030529702836379412,1.143523139843331,0.04911903733992382,26.908773327605736,47.560593751746794,0.08349378148078274,29.99507839277595,2.5397030474190396e-07,50.40385611294858,0.26653073307338787,2.2760000198431403,42.989758344499485,12.954837231645874,0.0008269984528135674,0.29290665117066705,1.0801916726452447,0.8391658005600717,4.4226363106835285,1.0361989577559223
598,0.691865514392729,1.3304676916055687,0.029495184228111298,1.0794919407596673,0.04964370321608312,25.093082798537047,57.17596424610858,0.07655557356915077,30.726887776790033,1.0326217486131217e-07,39.17677752551738,0.2777865004883801,1.8057158357451393,41.194168183663884,12.940750967096466,0.0008411939358284244,0.2830276608290453,1.110283626820492,0.8747510711942297,3.881754959495852,1.1279208295120464
599,0.7056195260089794,1.2698216372898825,0.0272452310560584,1.0559375987460446,0.05379602658689937,27.72185586727852,48.33580383804978,0.08565537551742738,25.80085871582779,6.408699439575405e-07,38.7737699415098,0.2738439633758773,1.8251479880795851,45.226279181047296,11.677923095616991,0.0007318120785281073,0.2837313807451404,1.0702229232022022,0.8709192244104259,3.9672093860677706,1.0583645394015435
600,0.8967260618620854,1.2860697927749263,0.03430554155479716,1.147389926272322,0.04824098784807731,21.649909867816028,49.47395043941936,0.07637765985496422,31.67916700949204,6.192762193782688e-07,51.68772680122919,0.2444594712066104,1.827234101585266,35.93082205829129,10.914481762398378,0.0007750073159642236,0.28554396769310103,0.955255049397607,0.8958806601324905,4.3259787516446115,1.1153870710400904
601,0.7042828358565095,1.2130442396267016,0.02663520838410497,1.1248650363829191,0.05449427606005145,25.170283339106255,60.19966862642973,0.07419703690272024,30.79972267237246,6.984813285066004e-08,42.942164862208394,0.2709170187002437,2.219594904244179,38.408102814175884,12.813133625822129,0.0007697338840867833,0.27709558549526403,0.949125530919327,0.8447321075281755,3.40406751600399,1.0204780303778542
602,0.7692099266267379,1.4286185843314254,0.02890278546645785,1.1345693657577491,0.05669825586606595,23.537722319518465,55.86552030140252,0.06892277255268223,26.971171428764897,7.608216821442846e-07,50.08375121631594,0.30239239299859194,1.9553336896222282,34.447711244687255,11.584819316362118,0.000849021123243657,0.2695290249434036,1.0841669167382162,0.8360041810532511,4.026500900218095,0.8971299727947915
603,0.8734396883920168,1.22528468507039,0.03214742674582198,1.0872945747892588,0.05048243593623056,27.261155883339484,55.26403154248049,0.07379424760143788,28.945577647067665,8.855534065778186e-07,48.66971513986708,0.22951261313293653,1.7078909172378482,44.48807964897428,11.970639839963361,0.0008869787037521336,0.29069016666277747,1.13242531853333,0.8759920092508782,4.364995160522599,1.120895574463627
604,0.8661118723463698,1.2210055274275806,0.03251201526745359,1.0120343059736043,0.0530753164450842,26.876210381140925,52.42535896774598,0.07320443670590776,31.586594235208825,2.8685783885025126e-07,38.38693412297256,0.23049775147139115,2.1608353759397643,37.954901301577806,10.809204742327516,0.0007369009954762438,0.29098342674418154,1.0430460555993482,0.8068642483056733,4.438282272182809,1.100232267542455
605,0.7791148479319903,1.1133718544626554,0.03264306974101564,1.1381403361598892,0.055333755692811605,23.387244711101545,60.483368404887415,0.08336153429695686,28.974448952290835,1.7763739466568705e-07,45.12825582259687,0.26208202104835054,2.1576746983058572,36.803176545812995,11.87468561373529,0.0008732023259388852,0.29831431634391203,1.0420824210084303,0.7738914232572186,4.393007195185152,1.0884845466633888
606,0.8479296761871321,1.115728745384943,0.03396695931595192,1.1406557021116315,0.04535147621714978,28.063050935932875,53.73205400873123,0.06981561620928907,25.761771692977337,6.431917157418903e-07,51.33667726223008,0.3074831697325513,1.9844085705586412,38.15887846782837,12.592650793852929,0.0007417628872474779,0.2715994954571677,1.025680128794761,0.8612063300969055,4.08200889338634,0.8531374400550031
607,0.8231804971150753,1.4808393746717228,0.025775875004485513,1.0627649141208761,0.04276951447027452,24.225662729403915,50.377630189272324,0.06995718828481526,30.21741825225265,3.352735854498234e-08,49.04588672158911,0.28510660468840293,2.2202480892785297,34.49172595335445,11.151709707182057,0.0008048107278341774,0.27656977548013334,0.8566843900609422,0.82424462125696,3.81104020927267,1.118379683328409
608,0.7429528607134093,1.1243659105684518,0.027085481540131184,1.0453641713036246,0.04650358706121769,25.499187654737703,51.129907264852115,0.07173510188572423,25.247371195074663,1.4242100415741842e-07,50.87581040185982,0.2893969445596969,2.1992194991679543,34.67870544832477,11.774929748774388,0.0008169533427683966,0.2764142264265229,0.8735460418822513,0.7937966332835246,4.029219658867584,1.065931463263301
609,0.7743771673416628,1.3305838344489624,0.032065021708426227,1.1377190020823285,0.05336153389760411,23.76182913771483,49.24072906079945,0.07431151787426664,29.13893883387926,1.1503870066133292e-07,50.71248048351928,0.23999503435471675,1.8448036627514923,36.31813504316829,11.16690426371244,0.0007942151831804037,0.2989065977634385,1.1064607207698207,0.8198187772322659,3.8776445168369644,1.0507968472158526
610,0.8319968575915146,1.4011624750070064,0.02882866441299511,1.0264576073304812,0.05639786243167708,21.3510049103879,46.9966088914058,0.07818533897755207,28.024555378110346,6.79349668540542e-08,46.20310163744545,0.25087478722794926,1.8533920786194045,41.04179663641606,12.99313433901325,0.0007691723895819504,0.2894226469143045,1.0673303591165997,0.7600245400351611,3.4858996276431666,1.0491441318098584
611,0.6837774207372292,1.1343510237750993,0.028032772137729235,1.0512391831984231,0.055392018225943855,27.152135552183086,54.58592990865688,0.07231531810023985,24.196796346642344,7.116726355082381e-07,42.760306945228784,0.2383213549295623,2.2095010832966846,45.815009626156225,12.282994803924318,0.0006874493024020005,0.2684916009583077,0.94773299340601,0.8545381253630056,4.3624775520440515,0.8845736248496652
612,0.8853297982789448,1.260172758669933,0.025697230875707345,1.0526266613632107,0.04439624106420594,24.608022982859485,51.13025966009834,0.08387389311413739,28.1635267612963,8.368994914947844e-07,42.49730093199656,0.2661004568479443,1.7806262619001865,45.15958762124178,12.407742710986547,0.000716570209612042,0.2863840618751319,0.8793570160801353,0.7675271460907506,3.5643466714535768,0.8526889774486563
613,0.7557391717131873,1.4885197806224515,0.027013714809841036,1.1352829340234598,0.0492068913422973,28.034774733286817,51.50226217773455,0.08908039521757022,23.860585368724745,2.496432686344083e-07,48.7289872915097,0.23604042957909066,1.8973764997682396,37.798194760258134,11.324613141815952,0.0008962492231533427,0.2805138976502306,0.8633157853573217,0.7588440901452163,3.7696329990163306,0.9336804584869853
614,0.8681234783341762,1.3649131315529353,0.028155756914667873,1.010831691442551,0.05144180501058452,27.703818623471925,49.35710387555961,0.0745556907483914,27.340108025902875,5.302056888437932e-07,51.59429938136482,0.30679129322461157,2.165900419821531,41.85867289602167,10.370945613505198,0.0008653226122509712,0.29316767759239826,0.9967662433519251,0.8549388355754166,3.644744958382107,0.8637065884999316
615,0.6944941024919205,1.4754663892119073,0.03366430964439727,1.1190250395273869,0.044784070624916836,22.9533146457649,50.5397528216645,0.06979431335569555,31.137074930145086,3.086179713000209e-07,43.69658630343724,0.2813821166906351,1.7174000997611438,38.526600059383846,10.528317997080677,0.0007906561960258703,0.2885286418823563,1.1219139099312427,0.8481918518306147,3.5904574588127565,0.8979775715122462
616,0.7021618118189726,1.1841676936741214,0.029733883315900538,1.1184057179606357,0.05192930864548315,24.35418974156786,49.665839950561406,0.09000702998553073,26.5623397893655,2.3340027482890533e-07,42.8707467915852,0.30892783812748464,1.7916421622717336,41.6700801866068,10.815677112435745,0.0007702027693647629,0.26304451856412464,0.8743941692169842,0.8826794972052036,3.8785942108768467,0.9395668954887346
617,0.9077336058735006,1.3540695722773588,0.02614983369137011,1.0260514690592033,0.0485831988732877,26.04299161488736,54.395719898236344,0.08054629980718574,28.985946030360758,3.870468613741803e-07,43.349992769149516,0.24092767609658083,1.9772916074646358,45.06327010785123,12.41756990423673,0.0007649042601674521,0.2625585234629794,1.1164012160487355,0.837715603590316,3.7084118327412754,1.0169982858178688
618,0.907511373733295,1.4727427455021374,0.03042397713393708,1.0818489049918656,0.050956204252705084,24.947186387272705,63.13446454019051,0.07837724764332762,31.94865271568041,1.1337007148544653e-07,48.69887633463877,0.25396688218909097,2.256541224102341,43.17055523019646,13.333904001689353,0.0007573718807016,0.25684119781974774,1.0692824364447744,0.8046553671548213,4.187600262608988,0.8951019461952924
619,0.763582703805116,1.3131418722677488,0.031752909099412654,1.1043452723723695,0.045652793087719565,25.392529524714888,48.67011488787837,0.07018266155740197,29.614452627483043,5.000591367632165e-07,47.82186026135399,0.2783659884202835,1.9153477659551785,38.772839724973,10.456649359826844,0.0008643173959643653,0.2657864423554611,1.0062986979193733,0.829198863519935,3.500505945316248,0.9803284690052121
620,0.8956316775190056,1.4645994574747419,0.027856961393427002,1.05883100373276,0.0515555526156909,24.463828407426455,57.08991495205848,0.07158038035749979,27.882220752421688,3.493177296594665e-07,45.15948955925763,0.27313787838589804,2.094533180064876,40.84256710144549,12.610605213961898,0.0007532666887930857,0.2900961002051001,0.9467834852415339,0.7878064165233192,3.798207421055776,0.8982784482763575
621,0.8038013214734033,1.1361782029354377,0.03269393873397282,1.1047266335586474,0.04503370633486343,22.283119714489,59.66564230261921,0.06898278305005022,26.261370231047497,8.015948712037834e-07,39.01378896665846,0.3058464808843302,2.130036333003808,36.2057582044554,10.942017100987773,0.0007113110788970065,0.2906645726284719,1.1247632327381314,0.895101640444464,3.6310899736584186,1.1071261678069575
622,0.8153398607330787,1.1287025576505751,0.02752166920760291,1.0216729201685821,0.05340428161435411,26.890303037651428,60.95862965737925,0.07144763913641276,30.762295905039647,6.013515759724134e-07,41.285306587437255,0.2658786780907192,1.7122102106524708,45.57098677422434,11.883040669624735,0.0007631704566159515,0.2799229292548304,1.1171706653676112,0.8579315938756141,3.641117874975387,0.939582801443545
623,0.7182077851166814,1.2988572466802761,0.03329724682296712,1.010720978028519,0.05709913285657563,27.54740277358833,50.45261431027509,0.07645613998216093,28.78139223719159,1.859539175892424e-07,48.80189713447468,0.2748812626450128,2.118557572219882,45.87229137732561,11.572775759022425,0.0007911453574534342,0.27498125338227086,1.0596047200837857,0.8527787492465915,3.5905199452546825,1.1291932572807566
624,0.8220897671762268,1.3498759828561835,0.03423785835073908,1.0411026118353806,0.04469639716185004,25.673706380997242,62.178229997403875,0.07047830175854851,24.505171663725626,7.030830294564549e-07,46.57456092450447,0.26304577012408126,2.149998962464048,45.84888169824764,10.517420366830418,0.0008296990359255182,0.275763756001672,0.9535570613494341,0.7736300566919838,3.446528169377549,1.049294064244009
625,0.7838942574613875,1.2616473148026548,0.032798901637190674,1.0050208487741277,0.042816009096181606,25.778497514865506,51.42406409117222,0.07853320335413912,28.25431719799944,7.390697267026065e-07,45.35936479757698,0.29908294767856825,1.776992989130999,39.59887498713327,12.25697428739425,0.0008561014964495093,0.2901623141522226,0.8801764707309562,0.8293186802478245,4.545481603079203,0.9600415928332997
626,0.6990874755688977,1.2645292207748182,0.027032160971847193,1.1071075559184376,0.0570378977108074,27.70736953910004,58.38366753877717,0.09186726306642423,26.37347018581839,6.493367812793906e-07,45.63780338223438,0.27847939783548353,1.9700912444629486,45.32565639153596,10.714003745984133,0.0008563574935130137,0.2799617656155578,0.9814197307007386,0.7918853794807538,3.9054296305842175,0.9366488087986661
627,0.9063747595928553,1.2108744449839635,0.02981294608337122,1.1376725379656014,0.048661206596608636,25.50139063403389,62.16314899010023,0.08690444488690824,31.863383848658042,7.251453368308911e-07,49.4367350382819,0.28738171936053575,1.914338537786039,44.35490009836296,11.744213985803375,0.0007894781834895319,0.28716295531741287,1.086788481038893,0.8289528421283809,3.743604575609362,1.1406266108606296
628,0.7591464057151512,1.2049995961913549,0.03428834577747695,1.0775381304899103,0.04262936972373469,21.96390866247326,54.26456119476951,0.08447728859306335,28.299533454385582,1.6623763620854802e-07,46.088474047140664,0.2426882775177588,2.2500498002672495,39.94357105919752,13.398548593630556,0.0008962894293032131,0.28282081058842307,0.9767566446953866,0.7913593273903281,3.7711229210009662,1.0657849766664864
629,0.8173417701663486,1.1279256951098566,0.0270931423085518,1.141440723987787,0.05462557101062778,27.56718878743104,49.59333398926586,0.07288414583497432,26.459519061208116,7.448070327726816e-07,47.12234398676475,0.25071587574135107,2.215665161716924,39.04379524640325,13.702658529939272,0.0007286406407047463,0.2842222144595941,0.9615711458513081,0.8672113996807822,4.1702155967795616,0.9266327636548702
630,0.8664424056864273,1.3453372480192316,0.029879080720510164,1.004795279383,0.04419026786772024,28.35700896126847,57.61383304087995,0.0722725619675034,26.508745904711073,1.6316979483968652e-07,41.75608624571599,0.2795051431453198,2.0018252644041934,44.96685353035894,10.662746119411226,0.0008605948137642534,0.2854668030856116,1.1478184850149173,0.8191213120856313,4.022454116398088,0.9523396382899414
631,0.8628394410382866,1.4914017614619621,0.031528035966424776,1.0091046722473285,0.054105968195861956,28.45927918523688,53.8713956968175,0.07172681120189614,30.6758940099585,8.321483239078622e-07,51.10862534343064,0.27196184262362794,1.908363165471747,43.7427933924358,12.597010452144135,0.0007700909364649206,0.2673452622464425,0.9232197954135357,0.7850045083471885,3.41515511538141,0.9398984970079216
632,0.7109773604483779,1.4121621337632861,0.02901018720588803,1.0521404203278797,0.054236548706948426,23.964370074906288,51.358970751802474,0.09053704001658298,28.923288412260927,1.9536433810367626e-07,40.15377920763583,0.2674715860309673,1.7046468632434013,40.38025603311923,13.540372506012103,0.0007258358779952297,0.28846689539305526,0.9065645719295955,0.8664462570880372,4.397564074338165,1.135834045558492
633,0.8629208735232899,1.3325551209254307,0.026888806059167193,1.0362288077782715,0.049359399506704496,25.149896719446946,52.90147382860368,0.0820442542386271,30.50193404252344,4.565813274675417e-07,48.880480427269106,0.262923177240842,2.137086253285456,45.26514205478368,13.715037164766937,0.0008240933031624713,0.269175286000899,0.8521615067857558,0.8004838704116043,4.052474440905004,1.0425951981976356
634,0.8128182636059155,1.169109475171335,0.02972168721680498,1.0516665107900998,0.0571610048813413,23.05724680595964,62.085206422287875,0.09068319425357448,28.94256382176011,3.0263669406228444e-07,46.6472848302769,0.30276804331245427,2.1496950608261853,42.49072063008095,10.862200971914927,0.0009177425866003086,0.2778230629476572,0.9514734377550947,0.7992136562348688,4.3098780475140535,0.9142156145586918
635,0.7405651358391958,1.4197650058753781,0.02936118198910429,1.081947837730524,0.05157265634375874,26.176452780017627,52.78902592414219,0.07159434948303565,29.84174247320155,5.489516863998645e-07,51.23055989079523,0.2964620559784989,1.7320120239498107,35.344195372280495,13.360518067672908,0.0009021684134694914,0.2871598359222651,1.0679382778168995,0.8972013306480294,3.682738161000152,0.85434224340172
636,0.7055010520285446,1.1741732182481446,0.0344027958600764,1.1288544363847492,0.04424078350517261,23.443750774298437,61.98691791451093,0.07034424895963963,32.01558398576231,8.257258871919123e-07,38.691190874634586,0.2592951937635601,2.172291482385749,38.14576260468085,13.499479361551101,0.0009189164083234091,0.26486666732021313,0.9933804427797301,0.7711753439578191,3.438440167806659,1.1144506347910217
637,0.9183729904739112,1.307351910611333,0.029133387288532177,1.1380710592535341,0.05063582692713508,24.66187608323551,53.70142896438758,0.0692269166118408,24.080310210716824,3.2566819415188284e-07,46.70626945284402,0.3036622810205261,2.236678857031203,34.00013606999748,12.708745824788164,0.0007256837444465072,0.2911988224110421,1.072626495412851,0.7868208930167215,4.172674507935823,1.066358145058951
638,0.7092616503337617,1.4713096550734952,0.027073910988175402,1.0933987010813282,0.048008785277384926,22.907696382123433,50.713925252034976,0.07852515447448954,27.797392016695795,6.023506763378385e-07,49.058182064330495,0.2640276292783295,2.15300920541089,35.62775109954354,13.610521888868801,0.0009085980070208853,0.25979006475403327,1.0653997450126094,0.8756616494597775,3.536782536082113,0.9721910077871213
639,0.8960516543054947,1.3137728018452122,0.03215302321771029,1.12430269639848,0.04455322467943949,22.160504832023026,62.34594222603219,0.09100654659633235,28.33620961556859,9.692725427936657e-07,40.35810726162387,0.24812009079511144,1.8210700674783444,34.57242988017095,12.055919340334565,0.0008410277875660013,0.27091955956880664,0.9628363352415131,0.8309688913127404,4.538492931567492,1.1155109611397789
640,0.7720241346131431,1.1740462115053358,0.02864110878863382,1.0012295386328192,0.043161264037695095,24.50395496435094,55.05738616230897,0.07846527023353898,28.178908194323103,8.256852616199626e-07,40.25274332491879,0.231872653195508,2.1830950673801492,36.96533100128251,13.608503352593381,0.0007523654557978167,0.27874165955021013,1.0982413057546616,0.8447949515250643,3.8099559077901883,0.8961384257576008
641,0.8230821219621285,1.2186512587783964,0.030499562485191107,1.1134307383591588,0.05548927839904901,23.936352149092485,52.537403718164896,0.07155472107368585,24.690494426026483,1.5176414888387924e-07,45.410011173543715,0.26067897202863555,2.0468173401346506,37.51490982619547,10.670400642633199,0.0007736009566799694,0.2990260262458548,0.9281106451720362,0.7873775322140251,4.420012018094025,1.1049470471619467
642,0.8612441484671273,1.167638830604423,0.032526328552039775,1.0894872976600898,0.05107198836035788,28.21905731264648,60.98906301269896,0.06913676148622588,25.832597822664585,8.486443466299725e-07,44.31653583299301,0.24448347962660066,1.798356361971319,44.92810469219796,10.95286310861801,0.0007338012809650116,0.26700147472908276,0.9844438848552602,0.8217915807826897,3.9729855311752993,1.011665949706511
643,0.872396362538971,1.1538171247311544,0.029638906656490667,1.1403727684159999,0.05241721591622524,25.048071627231174,53.65532948325843,0.07176935791161614,25.039528371500946,8.425937574829638e-07,47.54491983952488,0.2917837038528534,2.209302985266967,41.50597572101905,11.776717125490826,0.0007638434117852305,0.295391082115283,0.9383040705675819,0.8661638350415999,4.561514236604576,0.9706070514537836
644,0.8288941469970956,1.3279211609114254,0.03112586549795899,1.030972886869404,0.05578078245338317,26.814950662891096,47.68383045129423,0.09192088642679094,24.756647111840028,5.483121615734696e-07,46.552847759708264,0.2312395551524071,1.7739482585827586,44.377523414088614,11.185742599275615,0.0008735368820786478,0.29810929052394913,0.9000872614047818,0.7664813111221611,3.8735016885299154,0.9501904051339147
645,0.7492648175232844,1.1119272934439552,0.03186279646113089,1.0434459109505982,0.043329055445762356,22.70342580204471,59.86720379504211,0.08037769541065144,25.462592348387552,8.411789825570615e-07,50.84994161549341,0.23873461318018682,2.0977151607192726,41.535221187663204,12.364852108410746,0.0008668110374766523,0.25533342195995223,1.1328905135834877,0.7596591587860243,4.107208295895194,1.0591579207247208
646,0.7249371106013348,1.1460960856133724,0.03242457115259139,1.0349036056203471,0.04611678836797379,27.569173406299615,52.22594117674344,0.09045394570830058,25.26986288387419,3.763787460086243e-08,39.474050108351975,0.23799373268398824,1.8099720884493327,34.26090336686633,11.540078589497067,0.0007554976796177761,0.276327429195421,1.0919090360708203,0.829051194845104,4.590389597172195,1.1075410774070702
647,0.7937697558250852,1.152595657904249,0.03273274433751211,1.142818154242457,0.05318119453838627,25.48499800038845,48.82793736675588,0.07018188371429895,24.944714275128646,1.9773180683753953e-07,46.88421874399469,0.2970013602703326,1.7221193016718788,40.897610337615504,11.085341558186466,0.0009089412544329222,0.27779675698330464,0.8743472463116021,0.8275198770247687,4.131219486691491,0.9706286829881683
648,0.8802710785966753,1.3840299005788828,0.03190733208131039,1.0769843050371493,0.05706319181292244,21.823228029823422,58.579598366041246,0.07900348230150453,28.47391527703498,8.856031177691623e-07,42.64721994873123,0.2300792827874139,1.798085463582442,43.22202889300611,12.984147745815225,0.0006966728779382402,0.2657814945997391,1.057653313642612,0.8145381998553292,4.051311599473672,0.9411637005963507
649,0.8836246110178415,1.4435477184269483,0.026592779401849963,1.1436970644535993,0.051925886157408035,26.27473142416865,55.605597933754105,0.08681497671958054,25.330424022672602,6.641006200911636e-08,42.47985867482709,0.2697671420063023,1.7232149049000538,45.12394547960161,12.442756404887113,0.0008729585393651518,0.29084453250703907,1.0860878654979902,0.8100158927650876,4.3782398446295785,1.1468275880927126
650,0.8386831328185552,1.3114935177665132,0.028517184455654813,1.0875109783225803,0.05165571446594911,23.8975729742184,51.1549560916919,0.08692932996758697,27.572602715625155,7.491196223561758e-08,46.61231492512132,0.27159524907273813,1.965968491289612,34.861735211035985,13.087075251862887,0.0007958142031997348,0.26064082474158673,1.0138905909404514,0.8428081764610048,3.9740275584160316,1.1269542501050633
651,0.7301294153014284,1.254788055202059,0.02992794141775249,1.0350937094523915,0.046158636244045904,24.02262633724872,48.774128665441985,0.08134360847210441,25.373053512476933,8.057698347448429e-07,49.59913220037006,0.2317497639647189,1.810622938095392,40.644730798407295,11.25994612600593,0.0007356034529198458,0.2870382052436516,0.888422445841225,0.8197322174494257,3.795093077535846,0.8771842546679035
652,0.7676312059880055,1.1372709761709232,0.026289430178134666,1.0323803747414237,0.04853898194053698,24.437187609131268,57.41444349412592,0.06854559334332369,30.03199053988601,2.5277053340096256e-07,45.76330959434148,0.27123357171703316,2.2813712470896994,45.31622559465147,13.784445351540947,0.0007349899274604357,0.29415355765955237,0.9213260557256805,0.796511510918715,3.6849386622310987,1.1363742414879014
653,0.7075013442976609,1.3456051229028392,0.02584210596661492,1.034237284112743,0.053956960478633895,28.013612922424958,55.41429325536956,0.08478282526183392,24.403964367720253,8.73256504273591e-07,39.984032029198225,0.2500215951171973,1.8966006365400274,37.687977538105734,12.285901367609053,0.0007066287500524547,0.25657874467690334,1.1223256928518457,0.8684305952942057,3.940081891380893,0.8556716226281861
654,0.8751302541446477,1.4716567141187764,0.027447281993415673,1.1224715786548372,0.0567442811504536,28.37232284277073,50.75290029757515,0.08260678304023407,30.996837897345372,1.5978140052220824e-07,39.43219966062766,0.24404190210304308,2.2558627796987225,39.27384644891063,11.382528634188485,0.0007485306949814353,0.275739361583715,1.1075764827772059,0.7632075591785378,3.994027485789817,1.071156752138518
655,0.7658082106247132,1.2947359940115137,0.030561017765467432,1.0872074030680279,0.04732663075012993,24.130721803997613,59.022874537041886,0.07815199136585253,27.636442305402298,3.9066787588901837e-07,43.80892966571899,0.25779847466694206,1.8510376769373966,34.812686439892765,10.640267878820483,0.0008347585028858416,0.2558100399355781,1.1144811218922588,0.842237683766753,4.359032586640138,0.9155322623967382
656,0.8514110159126773,1.142010711230123,0.03400856527360898,1.1266013421194372,0.04750565181914596,26.113689095635785,60.05731480748137,0.08022035137140489,25.753497143756643,5.65713945324642e-07,41.30108811114246,0.279770837577465,2.2102094546658613,37.48997558928218,12.756441413326835,0.0007101451485649797,0.25546757667086484,0.9930362530278141,0.8911949704119859,4.5194920602792,0.8929721350817207
657,0.7293574041735857,1.2745999368587315,0.03245513249073645,1.127139172266589,0.05568433681532521,22.50645771702589,51.90148449639691,0.08922273604726078,25.554296435155578,4.369359171280084e-07,43.86417897014753,0.2980526881163746,2.213816812263271,38.72442055084471,10.86071329707168,0.0007857338360958804,0.2864893670616071,1.1311165125483704,0.8877477386981459,4.31970558919615,0.953197017323559
658,0.748819804985422,1.4086571548110545,0.029663072382011442,1.056095272382175,0.056141911469269626,26.98609003094168,62.18842127668623,0.06840177587721648,29.78581861602521,8.208273223587107e-07,49.41974953414387,0.26425197937450357,2.1004616510710634,34.64815305573146,10.98770528656972,0.0007940091405882166,0.27163987170161286,0.8585410328683454,0.8117568266480703,3.481682439103281,1.0003309759439531
659,0.7698454798372735,1.4659368672371647,0.03124092228145217,1.0510685468441465,0.05263884356947104,24.81665611221281,52.57607193465981,0.06993001535060181,28.890561563202834,9.719519828732783e-07,46.39950049364592,0.23360049989795734,1.8275445191488116,38.04170686775611,13.20186813463191,0.0009167567100308653,0.27614167516356114,1.031759177068691,0.7844242952013825,4.053452667665533,1.0269384310082368
660,0.7695526914272851,1.4490931509423992,0.026328490231711802,1.072955126595064,0.055014652087944045,22.652548282878495,47.148624113480224,0.08276249794768072,30.857040799350855,4.944201232190599e-07,48.84063805789978,0.2426931696153972,1.8834801952977973,35.46543526957995,12.926929722240533,0.0007784223133745988,0.25682631641252385,1.0190471416039215,0.8177718975055581,4.144485533713988,1.1100375072511908
661,0.6965594546578561,1.4510963019449354,0.02951850674521686,1.1141734338535092,0.04703034776743062,25.461501922981412,60.114549090119226,0.08417077359293397,29.171212416881154,3.4447251751754405e-07,44.53971555383942,0.28353620055456313,2.2223461360768586,35.31650216755308,11.490620616167993,0.0007249032641800958,0.29648462769370765,1.1084640795386658,0.7826381025433128,4.2018026631128205,0.9002295820889011
662,0.7278856544366874,1.2036764781892182,0.031222263461081815,1.0019134748894067,0.05473958881427205,23.94367794807879,48.33867119295438,0.08849895459496177,28.910679357237644,9.937853047062062e-08,39.972442257507424,0.29503464689986403,2.1941345003613466,43.22753667859724,10.559742884788815,0.0007256140433127546,0.2594649740775538,0.939832223089922,0.8456600103502558,3.657604966541061,0.8724811781899396
663,0.8648616880757661,1.3012963999978588,0.033024637602045145,1.116439154123676,0.042613772024078435,28.13346261664437,56.459778681162945,0.08789313453421144,25.833501800422873,8.449820776190364e-08,49.576563748967246,0.23525291481010172,1.8833211906524885,38.517210665206434,11.15142571253556,0.0008887061632917572,0.2829800672503325,0.886943525041186,0.8873425608230283,4.238878961758631,0.8743681820426706
664,0.7483637006407093,1.3090121694183812,0.03230329820124801,1.03858671884699,0.05579891125964409,23.991102838124267,61.66416111645528,0.06980619944580692,30.01183818042062,2.554795617247756e-07,43.7143648426432,0.28059986033735035,1.9668657874916642,40.410768042976784,12.764339037076741,0.0007277780990784437,0.2992316323042425,1.0912174046158678,0.886333020801967,3.6252039618968555,1.0113157680492837
665,0.8129197530130783,1.273031141586503,0.0304195167688746,1.1075434817043066,0.053240376920480406,23.404803276368817,47.35002273836476,0.07342864036965543,23.888534837736334,1.6827864575593241e-07,39.364356971093045,0.294914770631333,2.1107583419143494,35.17709720974075,11.09972123138045,0.0007054166198259491,0.2783660618727584,1.0955464501466032,0.767940480199772,3.6492094396089256,1.1042779901900777
666,0.6960267899743259,1.442982529933384,0.03128290439131861,1.0488184478075255,0.04484930179599744,25.731560227903586,51.713983640128,0.07702546277540759,30.10905652316696,3.8672157930005324e-07,51.72808381312185,0.309640798751481,2.283140640078891,34.034424923072756,11.843877148629774,0.000836470326388182,0.2753674403789926,0.8841020903324307,0.8655943636920346,3.5946030932944986,0.9441778546240658
667,0.7600724069252922,1.2294702090840692,0.033876646824496245,1.0762396137516268,0.05113610168586946,21.58729916054093,61.609233754131566,0.09171376291991105,27.54799228379365,4.97818505921899e-07,42.23247605746025,0.28495977140237194,1.7615606950948486,40.16517731237235,12.622292708149327,0.0008234317713163759,0.2578056311752723,1.0843198318366312,0.8073828976978384,3.7712309870856613,0.9230474031475119
668,0.8895327069938544,1.1891099511484933,0.027591678779248674,1.1269457862327636,0.047354532127292626,27.084881296151835,55.44834954798619,0.08487949892054743,27.76641970343912,4.133700903478744e-07,44.2267647296226,0.24298253722999558,1.7115802403660638,40.5852886114247,12.807963095516005,0.0009170166224450314,0.28495366543476053,0.990629039910097,0.7801144849085045,3.9170004329107058,1.1487210591691164
669,0.8949104356110236,1.3120713483778754,0.02567632618544907,1.145424604904293,0.05475708175252638,27.905290373640078,59.846936974945855,0.07862952185819044,26.684172868570013,6.665084807935739e-07,38.541905703222916,0.2526812722530226,1.8215757157986923,43.018506714124086,12.432677823266095,0.0007106432082175199,0.2920280039924522,1.0547357239232604,0.8107392932985691,3.660020524262175,0.904517484257612
670,0.6846594483960727,1.306163753720686,0.03350729840252645,1.0368316317190553,0.04304643997084175,27.54935175628372,62.51305543077055,0.07539638993167903,26.328419142540785,5.265258066560108e-08,46.513803709334596,0.2647060908809921,2.1167393306845526,34.67050963102225,11.499825564655778,0.0009051808532208352,0.262586736202027,1.075048938774032,0.78107612332854,3.955654072088909,0.8839175112882308
671,0.681500451550103,1.2675750465802396,0.0302177838434364,1.0238904941696796,0.05474892389923908,22.485917147320112,57.39268117030734,0.07195161128486194,30.664154178749097,3.8835569791953857e-07,40.151844900954494,0.25274688645358473,1.894742137828989,38.09361703969467,12.565468707170053,0.0006981367696706442,0.2901073435886638,1.0362940421323508,0.7773981964929689,3.8938998765350767,1.003930906660753
672,0.7040768415436952,1.1556021536426988,0.027098928512184473,1.112974746067218,0.04818460355342113,21.348292215465936,50.99488463090545,0.07744069103792174,24.030714294133308,9.421474345151274e-07,47.42744291406247,0.2312982214929106,1.9991028228163743,36.15421293823672,11.693322814064537,0.0008913945503797518,0.2856432274307216,0.9338794904802895,0.7946644655358736,3.522440790695626,1.104738945453283
673,0.7152454400783637,1.1171819378120182,0.026758574623903048,1.100648854502539,0.04410215284603388,21.770180313858315,51.81839519462185,0.08029778330076694,25.274267038753447,3.446684579366981e-07,41.278393539992464,0.3076766606150924,2.184713212182674,40.55078489144703,11.095334953347345,0.0008772909791425765,0.2697822995654307,0.9494379989373479,0.8013520605017361,4.4704861210066245,0.9063793872262284
674,0.6954686346091287,1.447853890629777,0.030481672996922816,1.132398202983531,0.047303835913939996,22.50215412864527,53.70461006740228,0.07650815592877505,24.94385780337674,9.258262821013805e-07,45.4787952223736,0.23353718376942828,2.2349740851215167,34.65427570562431,12.729957691937711,0.0008301409748909951,0.2551376812618827,1.0066641919909303,0.8715352214484349,3.4593949593977666,0.987520870745257
675,0.7408814232360004,1.1631001762103395,0.025506812100527798,1.1283482649023067,0.05630505417596732,24.371115673859244,52.65051254939094,0.07396622877640087,30.57466248956708,9.468366971438199e-07,50.25925779811488,0.24491908992555544,1.9853596837689012,38.2933483886527,12.301755757034451,0.0007770546846736629,0.2790420456420969,0.9122631056583407,0.8792232464145381,4.557453771507452,0.8968034944203497
676,0.8834605672087117,1.2276192330335125,0.030715947622641113,1.0907968012213987,0.04444157881670258,24.135848648491102,50.84861519776915,0.09147611533218601,31.51812348358679,3.2510468891691034e-07,42.02987188287292,0.259843832913384,2.079189980971456,37.717397225967204,12.044563045778114,0.0008416403921544749,0.27078169619192793,0.9338755080745113,0.8028214173803679,4.51063063959637,0.8545047484378152
677,0.8702730785721878,1.329843317358067,0.028123391710510568,1.02080674819925,0.049438682740493345,23.876560875925293,48.181582753036906,0.07912445879964373,28.59068609542037,2.562549941181982e-07,39.082622319080244,0.2962371187579455,2.0360280746100057,41.71559509211794,10.640214373189448,0.0009109044244596739,0.2784539901186527,0.981972838411592,0.8758333268706939,4.301184305573043,0.9815088416617811
678,0.6986916508750376,1.1517348089734967,0.030544703063708975,1.0831794802891415,0.04598082241111986,21.91138947935455,48.11534890408363,0.0796846158097789,29.822011856484462,8.226699824555975e-07,51.34468384445033,0.25307017992842573,2.2168527179769377,38.787020423848226,11.398471490302482,0.0006801384833870336,0.2636716788773822,1.137003633836948,0.8407467325206336,3.4750575697952346,1.0947006897157174
679,0.7414780953852756,1.4901635099662351,0.026398241554848077,1.034138198954592,0.05670851505531002,23.6585949497641,50.48246804279871,0.07614776892854763,27.609763066175063,2.2617980681971872e-07,49.059850925401065,0.2790114271115419,1.9734711567567416,36.535266775510486,11.618965248399267,0.0007017008622826753,0.29721501140529316,0.9437313413180219,0.7603775225094126,4.035944561193088,1.1271798168714897
680,0.7092721896937031,1.239759489474394,0.02968471043776246,1.0882836342512816,0.047713629689336304,22.159181368552588,58.59650630737662,0.0714699086336651,28.767257041724214,7.937966804083157e-07,40.842043745601856,0.2450529665995732,2.2891090627198656,39.93570949263251,13.734236490944536,0.0007919037690622805,0.28028562713484684,1.1132027438117211,0.7680533043364005,3.744518960317965,0.9188063707319116
681,0.9176907846803364,1.4919101339687546,0.029674298190046855,1.1160876981674444,0.051014575409804766,22.016781758519073,60.035315755880404,0.07927765658208717,30.162667431594198,1.7917742107401835e-07,39.152038848975245,0.2721131287769951,2.16535338485924,37.64923414899957,13.381546071003086,0.000787410588623837,0.2555471551045345,1.096125946620914,0.8793564626385408,3.612897413719901,0.8751950893144388
682,0.8003314843579671,1.3620860265400836,0.03399935103527047,1.0923712241865466,0.04830980455863684,26.188422278367185,59.8947164985385,0.0820519737204673,26.46500626788422,5.64667914870704e-07,43.44122046822742,0.27220285762430424,1.8020935609747244,44.81438313695714,12.558354262831857,0.0008574914196548142,0.29300676348636673,0.9437671439026958,0.7644888901317103,3.4479135162162935,0.8883767699087384
683,0.8862131687610866,1.4836179836163812,0.032861501869189166,1.048928289440964,0.04787497691617206,25.78997277994697,47.92427814521975,0.07893476346286635,31.222596659898745,2.692355163215481e-07,43.68090875245596,0.2608482636975654,2.027314968205891,38.646857106417364,12.3042268391617,0.0006900650221047396,0.281758547260208,0.9084877040246616,0.8123727306670071,3.753870560798242,0.8833092721578589
684,0.9013777372538788,1.1789821810906511,0.027059856637837738,1.1447770920925213,0.04278563069405229,27.919060497143395,53.70822044721983,0.08117432885869556,25.16802277428251,3.9137160902647614e-07,44.97507341928966,0.2690579881837587,2.182756760752267,44.43908064419321,10.646293722017603,0.0006994298200196522,0.2799231177113577,0.9707629071980373,0.8087486847665757,4.435833318928939,1.0535384717227907
685,0.8806172385832277,1.2410464682543494,0.029344437306496562,1.107348534776011,0.05440175521972489,24.935546728001157,59.49686059738731,0.08744609682725052,29.47794398334098,6.3423663578779e-07,46.93472366008387,0.26086370128175335,2.200902692456201,37.112704022549394,10.559771573595457,0.0008008243291262476,0.26463403870179947,0.949887008870225,0.7739563398677425,3.7427961032653796,1.1047518689526425
686,0.7324991026761293,1.253942502328263,0.03247774498459176,1.0287690420849986,0.047293496142138264,27.69852235502126,54.31966618385643,0.0710196541164181,26.30185257930437,7.284031389977537e-07,51.170114287523845,0.2471365146417222,1.812768339745172,35.24491911805076,11.735392888786235,0.0007422033919382771,0.27929223039326384,0.8885098359835356,0.7624531659352399,3.8080374085719413,0.9843345390147088
687,0.7398169923779448,1.3352419612432407,0.026798388616049707,1.0393744200525397,0.056618290092569634,24.810035088643435,50.09185905192881,0.07601023394897914,27.761364484424004,8.147379558537946e-07,40.33099573038671,0.29876944119117027,2.0351380687255785,36.593104955763714,12.372600782492443,0.0008488976230759046,0.28340037040461774,0.8741576364800673,0.8222514801793701,3.6924345376009997,1.1309595991655677
688,0.8878062341827017,1.4726665008265778,0.03095648477617972,1.0359187471424773,0.053590003462971006,24.067150869172213,54.640992651562776,0.08105650517855063,28.21805894112592,5.875303138360044e-08,45.14029199640378,0.26338867897561313,1.8228637718587368,43.919333226016356,11.865107948047775,0.0007082212701473587,0.291252717078019,1.03536629017604,0.7656270119025836,3.5087267922521175,1.0223097864917188
689,0.739241871305517,1.3622142972729858,0.03386281751304328,1.093308012390352,0.0441242159213964,23.707662508868943,62.2184760040417,0.07854805774124564,32.11090804381501,7.774542012809852e-07,50.67006805388971,0.22993168441419926,1.7079481694619512,40.14957494904341,11.893259987488655,0.0008795758407444526,0.2816844173981921,1.1177650124506076,0.845228915640741,4.229477831404141,0.9441341923279872
690,0.733186435740753,1.3044694147839808,0.031141219803300126,1.086023455606855,0.04846339213980696,22.55633076129258,49.254374581536446,0.07860737369051274,28.04443622605258,5.378228920663937e-07,39.0246229455365,0.26985609989496556,2.0718537181609284,37.43842675996708,13.302751843546481,0.0008513096052308645,0.27148375411478776,0.9470322218112583,0.7663350940867326,3.5438907135417406,0.9526434365191131
691,0.7886294071748984,1.326085179923486,0.030711845112169386,1.0349092013865158,0.04523863201377562,27.914695800975608,59.80172799648167,0.08195956924522238,25.122391800627412,7.421476609571971e-07,43.65982484510827,0.2810814889269603,2.1968342580542974,44.53486124500734,10.994522538255914,0.0009132299809290718,0.284530164343817,0.8631867953715633,0.8468477428223468,3.537558162701876,1.019839097182808
692,0.7408690309741112,1.2557664515729967,0.03180258039988817,1.111336372995005,0.04482374830958623,27.650199204363748,56.39555989263828,0.08650356339880375,27.786781444436354,2.8164961736467095e-07,50.038501212712816,0.28265300741754756,1.8855306501709688,44.19861413787683,12.713823187228114,0.0007603610073532891,0.26555624099310104,0.9645468316667136,0.8091533757453976,4.407487405343698,0.8567448303314441
693,0.7401075020891665,1.322086404728089,0.026274793221157045,1.0274116361195318,0.046354461174489305,24.093991758060927,47.614013391561784,0.08026756091078342,29.141207200169585,6.254673063191786e-07,39.11518139875007,0.3044779150616942,2.0608755658370725,43.77811835845045,11.756613806960242,0.0006906357963339284,0.2740002809558231,1.1142632701601936,0.8474177986115513,3.64323030631109,0.9255517990173135
694,0.7926438587753153,1.177964859939651,0.033048494696740226,1.1201962613020529,0.05123471197111554,27.076231059143552,59.95513219208155,0.07699406882643843,28.718998323453512,4.2092761250011797e-07,47.41805790615931,0.28600536142344835,2.1755160715603425,40.920872743221544,10.977065407435441,0.0008817948200168502,0.26480731804744456,0.9508295386974644,0.8860701509890384,3.6889655959619074,0.9878250368997147
695,0.6926565390338864,1.370040499160681,0.027383522638534923,1.0269513931349175,0.05650269298964685,25.708349563250867,61.64449932469213,0.07538768939906886,28.61377241427667,6.579535210065568e-07,40.84264857838165,0.30118228046243223,1.8886602786422926,45.77170272214608,13.797792538883089,0.0007326351544604443,0.28350513594222887,1.094786041244917,0.8207978071334511,3.5745136101948565,0.8970621402566764
696,0.8643857076346426,1.3245248590977683,0.03021435331488996,1.1228310406344666,0.04732416961172353,21.840172969773544,52.90107689017168,0.08694311160465204,30.729641562840065,4.708661099859811e-07,38.66480388842144,0.24768250405599543,2.29125474425996,44.24470312448889,10.563816981027859,0.0008109313021494553,0.2823442827443284,0.9226611116062231,0.877801913557021,3.9193509319432858,1.0675148743696923
697,0.6996751385619541,1.3227163831563293,0.033184199111240056,1.1150522009054653,0.045417059987470525,25.815827841315343,63.031175468059445,0.0897476300839374,27.933960488573085,3.445575044053862e-07,43.94111733996874,0.2927891291926443,2.0069660468389903,44.31041746622339,12.88574453830167,0.0008511138357432914,0.295066152974702,1.0170504625325651,0.7894693458270199,4.393629817584256,0.8734825813216086
698,0.740796908141666,1.2522870269758664,0.03215716147138222,1.1083681189246641,0.04774520225473459,23.05519465115605,62.12930495173846,0.06879175138712892,27.039399231333626,5.25540872629602e-07,46.66575150879474,0.30802886719219236,1.9190072599535442,42.97563834510654,12.768409456859965,0.0007651138905313268,0.26048745881225543,0.998464726235544,0.8157855228661101,3.6895467642872,1.0243562559084511
699,0.7410360502947613,1.1174610459524739,0.034452385390160836,1.1372356922762183,0.044454628652868027,26.494347367368704,49.03165199540246,0.07958267210986868,30.620164903435352,7.206538404845602e-07,51.031248422361955,0.2889960011548667,1.9386136978612527,45.59684526806825,12.10544730793067,0.0009148530718750877,0.25533430532800155,0.8608929374300465,0.8870691759291766,3.5569517449538255,1.0352503057866003
700,0.7163224480264516,1.1092354142684389,0.028633283287827896,1.112938003261878,0.05441233495825395,23.03368369226027,58.122377231402616,0.08422930405812538,28.98370172583503,8.75717533997885e-08,46.67536301651216,0.2910060315320194,1.8213167929723812,45.47976075520848,11.819419626412778,0.0007780041764376965,0.27887096583550347,0.9781278032102968,0.7563687067452586,4.394790654141584,0.878618209123095
701,0.6852592456051058,1.2495934291773088,0.028778876283198966,1.1492008054629825,0.05570518389239807,26.250571687406694,61.01787680143323,0.07458209413080544,28.06335299418462,9.637007979436957e-07,42.70885269840376,0.2776045584101204,1.958612685068772,37.11580699325555,13.614413412280673,0.000803030752898017,0.27784239450079323,0.9378331551396861,0.8986969748426088,3.544121504686545,0.9056681669293184
702,0.9005682761674989,1.2013685576351403,0.03298366499210871,1.0581950597629786,0.04435007622628575,24.853839350606826,47.292564042148435,0.08869024526980197,26.476957653841623,8.975264839380482e-07,44.95270925801648,0.25278762755809775,2.1470150841902824,38.766568447249604,13.159910298259877,0.0008829024537908146,0.2978603211197761,0.9348260571851597,0.7764270982970674,3.7397128522130885,1.065997741156429
703,0.8181920394836814,1.2664308834031708,0.026999491425578722,1.1447563465915063,0.04477475313366133,26.834431525782065,63.032102838386876,0.07842943188107229,27.464268850894904,3.757087816008949e-07,42.22796767629179,0.2870780025623982,1.948031028628053,39.78888850296874,10.9801118678146,0.000827382029453958,0.2886064358466534,1.1341216515350776,0.8430707357708596,3.5928204838586377,0.8792885927391909
704,0.918795848674621,1.2997120744292454,0.03257152420245725,1.0232659710765202,0.05589456455451615,24.290980747223394,48.67933741773946,0.082521001725059,24.98016539313372,7.941144445324136e-07,43.35324654010817,0.2863196666531133,2.120001710946286,41.19935409726021,13.69487427292568,0.0009111340354380455,0.26510505489385483,1.0249235937876824,0.8404424026414182,4.546857235835525,1.0344082754174782
705,0.6980381332898181,1.2646595119756803,0.029694118290974566,1.0667306893010722,0.056379190991979224,21.26175785384862,56.655745816970814,0.08047345153028315,29.47055225977672,9.145293543150179e-08,45.444024957865224,0.25348357787507536,2.272426833363046,37.85842620744949,11.59238190346281,0.0006867617878422871,0.29063245233271284,1.0976346154793917,0.7997821223528682,4.481267984831267,1.038714434255513
706,0.7447545619977218,1.2333411455556609,0.02887980441762036,1.0110016530539672,0.043578601044989285,26.04070067313966,57.023765412405055,0.0729299531875806,27.347971951040027,7.536986982362615e-07,50.99704796926482,0.2749148436714217,1.7884969933811825,42.496562462436685,10.787873337689387,0.000775643801874155,0.2903279834772638,0.9546554034062409,0.7677241886066339,3.8675611620421204,0.9307888908123003
707,0.7733062592596767,1.3283761903061118,0.03164091058236446,1.0821112910012098,0.04992067129787739,23.43749627720628,60.890880927038054,0.08756151421702506,28.80687064325416,3.526082592513222e-07,46.81175723587183,0.2752056054010437,1.8296691998218106,44.29388991957877,11.335730055252412,0.0008906334030956667,0.2687039913212311,0.8757440735335579,0.8455691226028188,3.7405734889022244,1.0902306528420196
708,0.8432171942494218,1.2829612142455595,0.03262357169002948,1.1024285125033377,0.05489444695388995,23.46313352781174,50.95267356736482,0.07047110851051225,31.66946121173633,6.577440634292541e-08,49.7646726532622,0.30186436034247105,2.18498336101944,38.1103576167796,11.22104642624833,0.0007498067682362125,0.2709066076630757,0.9687168978188879,0.8120782587563823,3.613733148924035,0.8969891296204838
709,0.8389662792478755,1.322964087398171,0.031000762849738968,1.0444124515120554,0.05241334353818067,26.965095659190638,54.99004206830733,0.07990651151668991,27.8770586342609,5.6044281711740916e-08,43.22427853904988,0.25830657913210453,1.892264419509147,40.49063821951492,12.175231198202532,0.0009150145125138832,0.2635520382364511,1.1193120463617854,0.7666050621973649,4.5375371919363845,0.9727155615676845
710,0.7789599514628274,1.3920696587860304,0.028678472726882533,1.014004753376739,0.05141404287935687,27.96331690822356,59.5685964751994,0.07914429638721084,27.262116406214947,7.650849822150668e-07,47.15084979426377,0.27391734338109475,2.016454532545677,34.123991031574775,11.577767527568685,0.000853241565955296,0.2654157615268459,0.9906005571139735,0.7966106578506069,4.027092182189939,1.043878971788126
711,0.8472769240978567,1.4796806789115007,0.028932735438061536,1.0408046692747241,0.04437439769377384,28.141773034855802,59.40303939882174,0.08150513364074585,26.78670209731789,3.893715915997272e-07,39.766551836916705,0.2647259782284754,2.1035642052518497,41.486813673077535,12.064366804769357,0.0007606202185523551,0.27697314973599396,0.8641920359704071,0.7632225344259118,4.243106216062604,0.9022188310450286
712,0.8474706813691347,1.1309484189899583,0.03350770333870823,1.1206117279808698,0.04833970142800414,28.42129446019762,50.54055333377205,0.09166049724877186,29.6781955086633,5.739551861959291e-07,42.9516104301449,0.2322527547229034,1.9096717474464673,42.05940635082589,12.937380634974112,0.0007043756191574584,0.2682487308209202,0.8535495592168564,0.8985581859463591,3.644938074274347,0.8787580521494602
713,0.8605733783548276,1.1565357140614743,0.0284161031908772,1.1281470254999018,0.05678769568261308,23.549269259730252,49.98181239253122,0.07373473795408216,30.402013104557287,2.2318304537619248e-07,41.26962712091589,0.29196675464894856,2.2227762861198728,36.138701426610936,10.490904172173531,0.0007373681460736833,0.25924456884621494,1.0868468527373125,0.8193106814780767,4.574102552896079,1.04357265917109
714,0.78278878541728,1.3029683033431092,0.03295204489946299,1.1365155302546472,0.04692397749461248,23.997215303544824,61.1427467204773,0.07964694321068969,30.312496741423015,4.958816305708878e-07,38.8103430121786,0.30490594503313695,2.1520290355126126,37.97092275957644,13.564607911440342,0.0007855309443711918,0.2595570482951811,0.8667459366156106,0.8035204063439383,3.8498217003222885,0.9966788372374406
715,0.6972020664023215,1.3755426308904983,0.03025992642743889,1.0994322091667366,0.044633365488967416,24.403653221274347,52.1654393900573,0.08159123350768263,30.765517140527876,2.690274557264073e-07,40.962341432241516,0.26364486454262664,1.9419954294678754,45.558063051698184,10.977202566409847,0.0007268810997448576,0.2627729978336969,1.1406491011833413,0.8786703361659696,3.543181480067168,1.1452070471258369
716,0.8439472529856418,1.4126071792859933,0.0321299291041384,1.1251081504831095,0.05284396135347972,24.541858785753423,53.22093549005621,0.07967360097714862,28.69196329951077,4.129333338144855e-07,38.65740440001632,0.24202589807660554,1.9717651824089089,43.56224765977896,11.5909795461634,0.000887318894834629,0.29627697151718,0.8742965143422889,0.8600272212768701,4.543827685547713,0.9394513421980393
717,0.7869452221720569,1.2848174177714253,0.0295424471925185,1.1241946487320997,0.0563108821651927,27.531506344940944,48.87492618008364,0.0894274971319912,29.56918314761884,9.362591358517651e-07,43.553633720274405,0.2542602647460833,1.903820377899582,38.58246225726247,13.38075992623175,0.0007963127824046339,0.2679638880588194,1.0812566190060746,0.7627040925518114,3.816962385930499,1.0873968527806224
718,0.8260256883403652,1.2464461422898228,0.027978612504539178,1.0137587558897985,0.042866110748186734,22.755663973304866,54.814872437216195,0.07897322892459877,28.245920137798095,2.493509979042807e-08,44.168933869714465,0.2891985404217561,2.1499207481772746,40.6953032188996,12.736813098498985,0.0006822731765645361,0.27013759933584974,1.0036764322251868,0.8885784819848861,3.7088940740502543,0.9377478700465197
719,0.7857235365310633,1.372066626323744,0.030707009864381463,1.1126348095513767,0.04664506185973392,27.266843961079175,61.76861757216852,0.08095327707874624,26.06535907056878,8.452721493634524e-07,46.68467028606127,0.299413622692126,1.953146614361991,41.93634886636994,10.3172467696337,0.0007410882128344909,0.2687797713967758,1.1267681221788752,0.8547841361220123,3.4553352760621796,1.0174384536810568
720,0.7843725407860119,1.4021760373543781,0.02742199030616935,1.0500672377666525,0.045055627277616174,27.017831458027704,54.110837501899546,0.07320567487630478,27.437561338911422,4.830208579098582e-07,50.24997457960049,0.24923424826253965,1.7408407938691963,36.97682073661522,10.402276214494945,0.0006901311832861014,0.270440479922691,1.070828256430403,0.8661887923338356,4.456827661711288,1.1009448954905807
721,0.8957644802004492,1.181145342448196,0.027120087383657714,1.002974486210509,0.04861820797887462,24.78594675018243,49.601446083465724,0.09140357778322582,27.024038566592402,3.836171672517693e-07,43.55663674990888,0.24305085803236795,2.0556724973291374,35.41276563077713,13.610242362007973,0.0007934530774716251,0.2817715340931862,0.9577532705720467,0.8041105132519213,4.582339847732817,0.8835634101144265
722,0.7131503077463448,1.3117298230381491,0.027226659908729318,1.0009887566145572,0.05174300806859968,21.274136996197406,57.20011508617737,0.07536773124354144,28.97611799766817,5.771087036855161e-07,50.75695164774652,0.24937686731032863,2.2544053354677045,40.406201046062336,10.20005704206699,0.0007756620614433174,0.2576006978611302,1.058805470223116,0.8587764166109433,3.7609771591907712,0.9216524103634792
723,0.7842946713729457,1.3423148811241732,0.026677800190456024,1.036452345220826,0.05510534836505095,24.97356566396454,51.56663825086581,0.06864963508830135,25.93856361998778,6.348349510466513e-07,40.94665222678885,0.3090854241896424,2.198327146716298,37.80650148515583,12.11295851667953,0.0007669090612606946,0.27152248006558255,1.003074568182983,0.8109644158143069,4.592085827446061,0.8754540605652624
724,0.8979035857164701,1.3765147707462633,0.03373344506619018,1.03846461047655,0.053919369731119896,26.592815124432054,55.83426199255887,0.08302902707035907,27.50676606138378,2.4308532199388343e-07,41.23145972623576,0.2354320748896553,1.9625926635902848,45.4720561758764,13.675579862625584,0.0007254680566353974,0.26305348684109525,0.9228407566229228,0.7680375178688771,3.7335779188068456,0.983909734288259
725,0.7601083117591991,1.125110747318842,0.03386482020290425,1.0446899454096041,0.04979471045434117,25.77919891460194,55.81421329886461,0.07699118479114517,24.23085783007095,6.004631996411834e-07,51.29712160525819,0.2805757466177722,1.9454876462026691,39.88694330764121,12.635795472184485,0.0008355128393458977,0.27611445309156485,0.9063524673714808,0.8101824820989458,3.6506138892595033,0.8868364105772316
726,0.9160363609040165,1.108935917691224,0.03295368723939249,1.0908200716785408,0.04556672250230109,25.279769537432824,57.17650618561852,0.08902365668395731,27.995772084360613,3.617708861190388e-07,50.974290506436155,0.2594434071375654,1.9573775536557232,43.097097735891666,12.50707098132212,0.000898135184817112,0.25829507476031505,0.9035298269063942,0.800044565970944,4.456269111677482,0.9516972263098149
727,0.735601191225236,1.3289940071271251,0.025809430925466018,1.1455224941023456,0.042895816617252044,24.56421686183002,48.853360547568094,0.0910615141693723,29.96053370642074,3.54094481859187e-07,43.105159807826155,0.29163380615749396,2.0137211412912803,35.75909333113373,12.9378531544538,0.0007153342892639588,0.2707162526311058,1.0274298197042526,0.8606666390227051,3.443964732304175,0.9847171797947216
728,0.7902572883385793,1.1781717262900928,0.02575973244048907,1.1303943306161848,0.05341928822349523,25.30483196533352,59.344075685949456,0.08005969005586357,31.19507781064934,6.165985650435513e-07,41.900369673964164,0.24640727282912225,2.2117582958184387,44.212112942414656,10.240730218241522,0.0008830477173263666,0.27810320814024825,1.1075725065115898,0.7803171380632162,3.8793717696077747,1.1000295406652774
729,0.7097668395403463,1.1584715635871772,0.03268420958603897,1.043582503138481,0.05047495659777511,24.626712483874314,49.52946338836177,0.08488307182925219,24.90908185521331,5.2381679615791e-07,38.96432289657774,0.23917021954221657,1.7663215201594702,35.15692039575894,13.736091199354366,0.0007478508192681181,0.27324441178824715,1.0621815176903013,0.8985598149818582,4.169348633396439,1.0579944845119822
730,0.7383067374943723,1.2420489763691016,0.03081584804739641,1.1056331008410323,0.048095717032661814,21.614081934458042,61.40975231445892,0.07577367122911655,30.950757320458294,6.551352367635913e-07,40.71068857621702,0.27096298101234934,1.7630011146376747,44.89879272793392,11.309142912840988,0.0009080952741468169,0.29015241992151086,1.125171368491816,0.7854918295911214,3.747447863322334,0.8541286660297067
731,0.826102316051654,1.1732901049015816,0.03246184988433658,1.1270480975234975,0.05284537521662184,21.443439258825915,57.70541889595891,0.07051169980023052,24.999631117848576,8.634464164543048e-07,42.91327899723752,0.2349361427167492,2.119175464874018,34.48134828034086,12.460788665391991,0.0008866025543982333,0.28742221973128096,0.9567142672308063,0.8317514566246071,4.420630318542816,0.8720512250038405
732,0.8544016625509946,1.2970475564785717,0.0296379583149214,1.0827684947993461,0.04966435262385012,21.31780984020755,49.67374673299107,0.0915371806823633,24.824954710391996,7.81057884157834e-07,45.84769320423832,0.26239991117025985,2.2037651348554905,40.656274133578734,13.57331293300262,0.0006992964582393717,0.27747799812445856,0.8700962762534233,0.8301422005368458,4.114854783668619,1.1209087688460044
733,0.8339192253558886,1.3214720212128401,0.03087944384989609,1.0251143893081274,0.047233670930192574,21.383945899783736,55.293712324319294,0.0780901880941204,27.113610646109375,6.157071927770451e-07,43.924942556394235,0.2863141475203235,1.881772558509449,34.73696778924551,12.320697190135713,0.0008112098191585826,0.29073257010504705,1.0823272200545455,0.7988280639779674,4.311945162401507,1.0404974717586937
734,0.6965825284573314,1.4486100134710582,0.03108468617095278,1.1348073186338183,0.05064490100519204,23.586275026547437,47.90481558548346,0.0725110059505998,23.876133547015723,6.42253185018162e-07,51.00652952124123,0.28428448413151464,2.28233765933664,38.74243699960185,10.440204775694726,0.0008418094904966897,0.2978594505140524,1.0575714786693036,0.8079811343502249,4.254681969683914,0.97174365824096
735,0.7341508162076429,1.1980227189655264,0.0308814708221405,1.124780006020778,0.04671490569617068,24.365748146389574,50.0412039152262,0.08637587276421234,26.968588565475923,7.216461486259809e-07,44.461260453805814,0.2571504971275216,1.7882493923368588,38.99023903554917,11.226350737048545,0.0007639345638818693,0.2565880798111052,1.0915181217963905,0.868968565195253,3.9123910945859395,0.8692972822080696
736,0.7629183174090224,1.348880155532119,0.026752305341065957,1.0625202809087781,0.05326440045705381,23.32167816227894,59.207307882656465,0.08417516767999964,28.70868102112647,7.785079786445971e-07,48.33885565842432,0.27637330071009136,1.7336387993606734,38.45288761658952,13.240401886616498,0.0007126299457153897,0.26479249037214353,1.0104600160932968,0.8646092054562813,3.6486604337356687,1.0771286803871798
737,0.8486316929079026,1.187791698119733,0.02802229637375506,1.0222009810164743,0.04321065056762076,28.060237859668053,55.04511437851309,0.06874130328361222,28.604851091155044,2.993690198437697e-07,48.86150848803056,0.28140167638930286,2.0252986481480946,40.06191872504377,12.288074820025237,0.0008719819442978466,0.2787474259329805,1.0508489037339843,0.841689488483797,3.4786529885794364,1.1175186668560493
738,0.8170225127427587,1.1662231707538673,0.029596882367155,1.0520931592514366,0.04740952786666696,21.333309239174586,61.0403996195547,0.08762988633570486,27.345731730173004,4.915301387553743e-07,50.52876407851509,0.23667576645324173,2.064102655383659,41.71007500690568,12.658507266545524,0.0008906753066585488,0.2669808608353405,1.1402048146271841,0.7715608144807681,3.7981046359308483,1.070048200326185
739,0.7077804759272743,1.1725227065951151,0.028660420178889173,1.1295292985856373,0.04396150542857629,27.223970438886475,46.937923213943264,0.07842414267555492,31.75644122613129,5.536342877998268e-07,48.84550000383555,0.30105112877659734,1.8910415426558096,41.19349559843453,12.2055532929169,0.0008823347939866561,0.2705469000329214,0.9184601426677351,0.8671158301619029,3.543731420063931,0.8569389213061855
740,0.7763845589408438,1.486561727106124,0.03205987506681112,1.0794878501777496,0.054610423871118745,22.34188489390813,63.13154477224184,0.08855065371808508,25.844315462542482,4.0459620437933815e-07,40.30275010025882,0.30827045302675266,1.945132525020347,36.57649188344531,12.894352676527632,0.0008948879520329559,0.2688637828389101,1.0318347959424172,0.8676254398936788,4.450901193399653,1.053024198826302
741,0.8568222492265137,1.4407847155282052,0.03214588653620194,1.0612600765691154,0.053642001858546604,22.323829600286793,49.576948861526716,0.07009118376687654,29.617927619254658,9.780356080078164e-07,38.250214867793275,0.24384069486196985,2.1697516832745474,36.24292994511587,10.713120087639767,0.0008199090374289397,0.273113153499021,0.8911702212431369,0.7894382038303098,3.44993236433778,1.127664296919506
742,0.7508885959724793,1.488426450134769,0.032524322114237336,1.1106111024743555,0.042661411047800316,24.52982105903099,56.53012213086454,0.07560784425119861,26.568791071307864,3.135396229917019e-07,39.33270498728056,0.25585317307992805,2.2891689741621892,45.11444383405236,11.293963870291137,0.0008407259176705764,0.2890846782048081,0.8868527020943267,0.8696119371382779,4.245217418693965,0.9622290827595867
743,0.7583080029166978,1.2002235814743871,0.02757066885631813,1.1230856705729952,0.051476484131798915,24.772179633095227,56.33039079230293,0.08130576865233324,29.886392325992222,5.316778575122258e-07,48.23443140925991,0.2412557597356272,1.8185419165702503,36.78003398108985,12.840270135220399,0.0008620069619498189,0.2986847884750069,1.0259741515236964,0.778710012404635,3.8663018615691382,0.8708722009370328
744,0.7013778691574901,1.4795813200925834,0.025690225675366347,1.0703292002372662,0.04807124189491926,25.216110470126537,55.14552425058986,0.06913843521770777,30.556555181559286,5.899617500508866e-07,45.23037391418521,0.27845155784246306,2.0978380794555678,43.21103674672962,10.649121438288262,0.0008556276858523767,0.2737877788941867,0.8896953295440901,0.7942089241043859,3.6744080988522203,0.9607300686346274
745,0.8609110280574314,1.3175591144578906,0.03250644647382639,1.0360977658303028,0.05419955140195988,21.598143410328664,53.3801203768777,0.08225739222873396,30.549979334351526,2.6130813149333263e-07,42.890093087545175,0.23409232430387256,1.9689302548985417,38.14623580062015,10.958313113286094,0.0008975883911039981,0.2810087741092601,0.9872195850456736,0.8129813641499175,4.180811825664628,1.0293473795976182
746,0.8431816963690132,1.1383047952953425,0.03180022631823321,1.1427844396348177,0.050758891812229215,26.098979333837462,58.32013103864099,0.09097174279534168,30.768919663775165,1.5420117321937654e-07,39.76620869183222,0.28451865310537333,2.170238756654323,39.497939029608744,12.191165609520931,0.0008096714204702932,0.2622717724523965,1.0854577652352229,0.8332017014185822,3.5174835835329907,0.9465088131452228
747,0.8400973131013232,1.3059580162484705,0.029389544770051547,1.0598877498433015,0.04569718286537886,21.90742125934253,61.68667267710585,0.08196068692663282,28.410184445296156,6.769885268192914e-07,49.69264502396421,0.2776002890464444,2.2890466829007337,40.53697304272152,10.857704591591718,0.0006927166299479687,0.29803435243101184,1.0428553125596893,0.8509845310881291,4.296454802262827,0.9444373191869173
748,0.8583953162032923,1.211966863540696,0.03068267860433655,1.0370884020629723,0.048947916048478056,27.94301752812852,61.59004595915313,0.08587654010661548,31.933098099362148,7.032739520988732e-07,45.24562292429438,0.2504811156794991,1.7101073714648163,44.988254351533854,13.761942996647143,0.0006846804886290631,0.2774624007619706,1.0439627838854166,0.8933017776354983,3.526671715543333,0.9431867445837108
749,0.8912563502002271,1.1540803698262403,0.027672630115532358,1.1479261714030997,0.056540619181609644,24.244349991186997,50.60561562448038,0.08506678586359921,27.540862914499357,3.954755527861544e-07,45.92597864195747,0.22950719960025603,1.8486325044016856,39.806622870997984,12.353417485921996,0.000879711747373497,0.2868762015463133,1.1414900783829414,0.8771387367374819,3.8638565117002335,1.1470218490589013
750,0.7630856975408475,1.4439402671228208,0.03060024220132347,1.0183511461915407,0.056960753451476616,23.55298834104189,51.8241305651792,0.07600457471008484,26.339659244628123,8.974671254863323e-07,49.43945118093346,0.23957553096041864,1.8944680863455996,42.40029568258488,13.092224683735434,0.0008355901513738203,0.2805737159794155,1.1101721174533932,0.8516175382971352,3.451774811565434,1.0500651167537562
751,0.7130329152710609,1.4584758080692926,0.027563285055286692,1.121709267579886,0.043953139297839734,26.334467760927765,50.05623554340275,0.08216763758742153,30.141940347301915,7.991783770146583e-07,46.85537047428418,0.2840363549934262,2.1500820963973086,36.115838128848424,10.436362994958555,0.0008983957930761077,0.27615144653256724,1.09765738101277,0.7763592351215158,3.73034237026359,1.1436524175328375
752,0.8688480316554035,1.4737984318960802,0.02644522930260261,1.106571176624897,0.04412804466582876,25.997241143869882,62.388019048020446,0.09100682139248456,30.83535941916565,9.548755715032269e-07,48.35797591685358,0.2520262348671884,1.8529343940230267,42.28328876063968,12.017612682111139,0.0007924386070370227,0.2785545006921935,1.060667695878566,0.76055266398969,4.214380475651581,0.9200261597326905
753,0.9032231293328513,1.428019503220795,0.029677233551440675,1.1043626572080654,0.04428421153819743,24.525210621222712,52.48508910240163,0.08761777714109681,31.567573951004757,8.470019844226778e-07,38.68052309089488,0.23354341892752786,2.1366483621854315,45.4716888560233,12.984437636186566,0.0008321617538934972,0.29238916124932074,0.8802723785179112,0.8521077507184017,3.6609059790609964,1.0555735073031478
754,0.8038591444205447,1.2742290213497107,0.03190529167149347,1.1214505695907926,0.04915417238670752,21.7578770930151,49.70026813505318,0.07253683838435085,29.724627646279576,2.92900942481638e-07,41.59449083965872,0.2800152745591679,1.9414136281942804,35.23009680365181,12.54614360207287,0.0007294701323932956,0.2635381527941797,0.8875829455674201,0.8937485972272411,3.4305301086940467,1.018471489168092
755,0.7144147233720145,1.2842355123757438,0.028255776633476865,1.069727387013407,0.05433589249559006,25.716856673725708,58.02724672102775,0.0868351272025874,25.857420474983396,8.0478186845624e-07,45.13790822304829,0.3042019471165851,2.0121208130719537,36.319955428450896,11.539688633490849,0.0009030067892126971,0.2779014959199281,0.9013395152702964,0.8996042793203354,3.636169313418029,0.8556307368658371
756,0.7643309412240322,1.4228265516393248,0.02772501130831481,1.020978573279694,0.05186760666619246,21.869705529791222,55.615744135418176,0.07653321109835494,24.244882141199877,3.0277659669790946e-07,47.26729005760372,0.26813948740139293,2.245531973348309,34.857965580511795,12.719444632996844,0.0009049943139221845,0.2710488458388215,1.014357766140964,0.8913195795979357,3.4362998018761663,1.021115848010918
757,0.8400642427523252,1.3643122117889257,0.028294528898566717,1.0053954754614638,0.05338471242257114,27.082789614013837,56.58199576521371,0.08177563090405962,29.717514632225303,2.6601271364876667e-09,38.62417738573729,0.25937583061274555,2.123495346614633,35.44550567565132,12.48033632222925,0.0008365346463927073,0.25984815335844524,1.1405846247916607,0.7772706297992592,4.055335616228246,1.1492055604651017
758,0.7461118577803547,1.2403148220783886,0.03230765216897985,1.1162619580979327,0.04620101466743396,26.84774473507171,53.17791340829461,0.08537226343186817,28.916076042711897,6.200441663419562e-07,48.01285765676038,0.2402609887508296,2.096799791543397,40.02634207952501,11.910946750230321,0.0008761636716797438,0.266944384024083,0.9395556982288006,0.8937157424690102,3.56663553668509,0.8856595395493291
759,0.8181428739943128,1.2694914599651714,0.03271795626288559,1.080036429757454,0.04294666867063774,26.18908894591725,62.61953465459041,0.07967923972382872,25.527867401884574,5.904928765177235e-07,38.77290832215097,0.2546946534827192,1.9262616052224928,43.71173782546089,12.394743386112888,0.0007286855127360693,0.2592170223199465,1.0795988666761842,0.8375729996788749,3.8546753926249426,1.0871025163282961
760,0.8650418632500539,1.2206735150846753,0.03435315717483374,1.0245631395020494,0.04746001430771497,21.861862377216905,56.50436679577912,0.07160387297102612,31.772200133961036,1.483298930535869e-07,44.52136968984986,0.24827423383486627,2.193351654736859,43.23757364166951,10.220187637719105,0.0008517426109006408,0.2940866140117407,0.9148380885253254,0.7738473390016071,3.615459449697049,1.0246284560515095
761,0.7912253159902717,1.4828071993515652,0.029572790057286795,1.0533477354792895,0.045824256647663236,28.079658122432434,55.98836146158329,0.07162683029220368,27.007418824424917,9.242868645258705e-08,48.3993795335484,0.24021546807895222,2.055824048058879,38.78942418212126,10.616884524379063,0.0008589191493268457,0.2643162426547297,0.9537093275617895,0.8870829265594835,4.481135898577613,0.9785320423637001
762,0.8951734407742086,1.4272172906763014,0.034046692802917757,1.0278773894933617,0.055228164312874764,23.778030830244923,62.735148319273115,0.06846235354604066,24.00636539574609,3.0765929100153055e-07,46.84868725704487,0.2763382554142415,2.2297629903491125,35.56400281300256,11.327558743735924,0.0007254459934455523,0.29262384796881163,0.9056801144401933,0.896572203728678,3.6933509407112504,1.0610486117869335
763,0.7018641166252401,1.1504978834346355,0.029347915628786272,1.040146175401525,0.056521350410588485,28.383868763463557,57.68254021342952,0.08139428655587357,24.688890073929677,6.187660430843756e-07,41.31346937490245,0.2814883449677119,1.9688663497116072,38.28550023636104,10.935438674144233,0.0008301162467907133,0.2613508011118992,1.0319327084833512,0.8930157255170079,3.992373903541361,1.0297774908848505
764,0.8197309470723645,1.319764898074689,0.02992663623614273,1.1316421949213573,0.049404560440507804,25.903437922843743,51.540582018226466,0.08579066235662065,28.796812541492915,7.084996681305171e-07,43.91538423202508,0.29690899481734173,1.804815430537206,39.24753430122284,10.210981880205786,0.0008943100110523604,0.27183801950414455,1.0406295212429038,0.7655110395277862,4.226756620523633,1.095383278719141
765,0.863967202324836,1.1071485315205485,0.02714627900110896,1.1130960676765789,0.051490812031739136,27.681580004171817,48.704067657997186,0.07880571274809123,28.256672396874972,7.746069510554051e-07,44.35043420327593,0.27118613663440777,2.1282875906320613,42.26772183590849,12.671885107299879,0.0008365662924569229,0.2720482811102523,0.9165740105498359,0.7738794762838117,4.070188278283569,0.9971182053344321
766,0.6904991270719664,1.320996522383822,0.025703367181588846,1.037756481134434,0.05328134313823728,26.261874652774004,50.61767287391843,0.09064423315252262,25.93688344003486,1.949102123204982e-08,50.73172794321712,0.2448748091798673,2.264720731831427,44.72931006269959,13.569649157249673,0.0007465823671165293,0.2623539985264846,0.9404705145328455,0.8737057920278666,3.476387534539252,1.050710738855976
767,0.6957946851066173,1.2186645836196808,0.027845103161281966,1.0616941554072297,0.05609461193269426,23.815393903924612,59.30747906829913,0.09028585255022702,24.889953419197337,6.92640076258241e-07,50.24018068187207,0.24595735233862193,1.7404280789064608,45.61241857824679,13.590678161813944,0.0008400593487257066,0.2804408357631883,1.091159231740197,0.7989881377805256,3.612027973718605,1.1064857247425952
768,0.7488939624058476,1.2052746221766721,0.03431573059128225,1.008866852959517,0.04720667596830481,24.786677500744922,52.71113015708766,0.07399893443661378,25.081113382539062,8.522236256572948e-07,47.72897289381198,0.2528479989606181,2.078905166429072,37.014049608226685,12.441572115485627,0.0007161380288250865,0.27695931186053757,1.0279527549179566,0.8284323595050442,4.4508884485598275,0.8774565876552097
769,0.7985319751762961,1.114348280073494,0.025838617202288527,1.0686815438536534,0.046598633492867476,21.29743228932178,59.56860258197838,0.09080662864591703,31.74748197893451,6.216942062296007e-07,44.487915711562714,0.27648815041948877,1.7444155390198328,35.72814918046421,12.915427084437097,0.000853951330976296,0.2604698758925501,1.108067284918171,0.8720478143375308,4.1528360467146,1.0742145359070348
770,0.8381991281770635,1.1700930777238616,0.028900218232383312,1.0858848209380916,0.04819141261466067,26.535205703949647,49.530457140474226,0.07790661205427282,28.166210358891863,8.441760186328286e-07,38.68583228891657,0.23066375556794816,1.8235275646548343,41.63615931398615,11.633078224628344,0.0008559119080941028,0.26344845312314824,1.0200061283368493,0.8590118623315466,3.4414647382855508,0.9502878365722311
771,0.6922874547387754,1.4685576760815384,0.02556839401608869,1.1277961201387037,0.043696948246173,23.26991565611397,47.70342316701475,0.08099169853311382,28.954743113466392,3.3155656223475826e-07,44.0589325518804,0.2571499973900928,2.063102476583202,34.048569734781196,12.91103782306257,0.0006987030363395942,0.2736717887524843,0.9393956150522301,0.8995177794634744,3.9436969839343012,1.028013791131198
772,0.8705639289262737,1.1617215871902273,0.032681772293455834,1.0057139364774386,0.042678530248213185,24.492339956915902,47.80080289269734,0.09107439019063185,27.049113306027238,5.737910757949113e-07,40.142214756197355,0.26735224322868106,1.7458387317429045,41.19969792303764,10.73583694308714,0.0007171071682672977,0.2594835358746604,0.9969427573852231,0.7854848120875977,4.069239179651184,0.993842711135249
773,0.8273150640964272,1.4579243628020542,0.026037064938916044,1.1059994697916424,0.054327427875361566,21.956131565215546,48.48523626377495,0.06891937582729728,31.108409707270326,8.16140567565881e-07,38.96010011083749,0.25902473910302015,1.7953707144334454,38.09091051229881,11.33218690118675,0.000698650667729474,0.2707268062455809,1.0731913269334603,0.8130810390874738,3.5472919509392327,1.1215998697929714
774,0.9050166149112275,1.2690872127232966,0.02713625795214315,1.0937503076049544,0.04542882550610468,27.437491621124643,54.18391117886078,0.08476910460251172,29.565047314312206,1.5149578171088838e-07,49.570979754448175,0.25849446888408517,1.7729956423959714,39.02919759061396,11.555649728361477,0.0006810950949138613,0.2583568837643469,1.1407109392785304,0.7979006582041126,3.9366883780897295,0.9180423586517208
775,0.7927902257944801,1.1309309264922056,0.028762505290812878,1.0455827892230767,0.05705139220535773,28.212794287169675,48.36834671949912,0.07728130933273474,29.863840121483637,7.230459016847756e-07,44.99504221277826,0.23170118907144668,1.9354238390120602,37.952493802789604,11.567421486901068,0.000813166601488016,0.2554247092818894,0.8730293582194034,0.8760098444270685,4.405563595552679,1.1278775860573895
776,0.8198497502566462,1.2693413633355015,0.030843352198610355,1.03624063936012,0.04279582534581925,25.706988902814086,55.35465815882163,0.08478167972384501,32.01568813205165,2.0486705458083576e-07,44.22463939172949,0.2560043364918384,2.1570437080447658,41.407729345787,12.313292434855024,0.000777900088381572,0.2685101206876693,0.9458121657970427,0.8007421014047056,4.067506018233886,1.0426169318533873
777,0.7412811593694635,1.3210245309048312,0.029544234888108954,1.0911376742540622,0.04604956371228179,23.11523004172792,62.299196715264074,0.0893198203594453,28.64348275221637,2.4878693162246866e-07,49.56539979298746,0.24956649865957234,2.227512479721758,43.283569584350325,13.591179765269246,0.0007532748426785032,0.2784924311631327,0.8871844695281741,0.758676894925152,4.424684477164096,1.0243383533852635
778,0.8090227065643996,1.4167824056087444,0.025992918069557787,1.0039587368992076,0.048157824021818375,23.179621674416076,62.50615959539223,0.07515210764956846,25.98727877934214,2.751953774276534e-07,42.380830814726714,0.2660300465313743,2.182624179752383,42.38918308324148,11.987550076524702,0.0008167163642786214,0.2732857125469489,0.9874574374549605,0.8633715925505157,3.8441774860226445,1.120007423276777
779,0.8928141015853741,1.3421011840200832,0.03392220025615067,1.0386009219326855,0.05082848387579701,26.036422097309927,56.70858607625105,0.09012376198355648,27.42278066075709,6.799068702057519e-07,47.80261488222708,0.3014319102198852,2.1087381019097524,44.34687214817101,11.744811494243082,0.0007136393763833795,0.29940847469340015,1.1256836470554525,0.7817098958805296,3.57799517779928,0.985536763906753
780,0.7489992194441393,1.2921656429986443,0.028134793546092884,1.0514179508647032,0.04343825755700588,28.559842407862803,60.2767074458196,0.08611401979378154,28.452071742859363,6.680053416433796e-07,44.14712643500047,0.2679751994092304,2.2042369127502477,45.48489850982188,12.448982380464724,0.0008742545535790831,0.2638310150319311,1.0635925779605104,0.7897700043841553,4.592024246306399,0.8952151528116713
781,0.7772427754613671,1.3861030694924188,0.030629186839488447,1.1152227304771438,0.055368987540086644,28.5522098067096,58.89594127742846,0.09064838748475801,28.999094049491863,7.360964481474121e-07,43.71775070841728,0.2351140644319326,2.0693872461816802,34.07771220203766,13.647271776580274,0.0008276857755222741,0.29996675738560613,1.0801244599225,0.7939403586270064,4.066246366570231,0.9320608703414168
782,0.8303610300118375,1.439300524194123,0.030365260525136776,1.0438081290842485,0.04947877611918586,25.453900750147262,58.211943906738355,0.08991778352406725,26.487317354743524,5.685901668529726e-07,42.16005654253238,0.23239632784170178,2.1864430992417447,42.01838337887638,12.65006808699754,0.0006870374271651496,0.25654222205425214,1.0115980949940198,0.8077445455596635,4.549427440532309,1.01948072642572
783,0.7290782457433465,1.201845250511186,0.03018898346555782,1.007892540068166,0.04483328844584074,26.389171492954862,51.76552334544816,0.08302011181448869,24.10522933289701,6.418869135935467e-07,39.90054263728128,0.27590877242519013,2.14500243464996,39.883106346581116,11.770480256556922,0.0008854192689235065,0.28709749657929556,0.9611390031937579,0.8072166350069594,3.646986795029202,0.9335648511533643
784,0.8128212524322309,1.4303081156228565,0.02684243617733291,1.1144851514235574,0.05130121574630416,22.035778686125287,48.919502644464046,0.0714769197272123,27.034471590396826,5.901670958429602e-07,47.15660681274103,0.2553302777623734,1.858400749255865,45.25434840317047,11.462125139782641,0.0008148297378252063,0.26554922114517554,0.8961675973109705,0.7722096872793148,3.8621067953681063,1.04102945506378
785,0.9163326684484588,1.391324031108137,0.03180649036812641,1.0213827152736397,0.05153171299562473,24.291611467172856,50.45708409564079,0.0737631620607301,30.981490835992243,2.7427902644298527e-07,40.20947340881434,0.2596401916762033,2.0297640043489005,39.87003921342862,10.749618923282432,0.0007675233214816064,0.289909561413922,0.9854731412357811,0.8545766410443966,4.5978994356542255,0.8594788904093471
786,0.6906820874900136,1.4493360563994333,0.03083146490525004,1.124540618306211,0.04992844773194469,23.68229241196139,57.48718701452858,0.07524079956942276,31.86369267391451,3.700677618780349e-07,41.91221602369896,0.24363467608962266,1.7309064118444162,39.07322246301292,10.98019122362826,0.0009017660272043792,0.2708516082987673,0.9239854788546175,0.8062061625647041,4.426484126357164,1.077582285642888
787,0.915151222021048,1.355291132279132,0.029139799812345442,1.0347506327729232,0.05443700156551207,24.538338567812968,53.81881230906868,0.08003543811575925,29.872413330787733,3.4529079553480513e-07,45.037774705865495,0.25840499238829295,2.264354281270537,37.842420275834506,13.055095977966655,0.000760975588539358,0.2861855902655715,0.9429531304119372,0.817482224126843,4.430647058391043,0.8950453928198041
788,0.6999990187676721,1.39098039033737,0.0269529012615186,1.0178390194656186,0.04699590982785959,23.53791589994271,62.2918811939473,0.08825001914257356,25.7698840448179,6.405778987488426e-07,40.42459589608701,0.3031803033817294,2.137275298068385,36.03536563835295,10.634235511237002,0.0007621075969347328,0.29830120513477215,1.0376267184804282,0.7927145071317374,4.445003275346511,0.9159223210810461
789,0.7328986077418578,1.399521610915358,0.03329288320006701,1.146551753927818,0.043062938164230735,27.755622801127075,59.817232445667,0.0876624336636809,31.805429377735674,1.9228840101889744e-08,43.33103838431007,0.2572779295394354,2.0923933965322155,41.31535593943258,13.53998743919536,0.0007869471010366957,0.2781810993210313,1.100128885141041,0.7942977757291804,3.59432470522495,1.0979181695389435
790,0.6899184056495109,1.2669632365095684,0.03154037314131005,1.0255443386023193,0.05484483553827773,22.144908759649528,51.10103512408179,0.08965884728641607,25.20067012338245,4.123984964280411e-07,48.23848735314087,0.2703251917853,2.244094852850079,35.09691100485667,10.3617150649119,0.0008758354926244299,0.258513367974752,0.8873171087758055,0.7584457563796015,3.646999637619293,0.9115226895000575
791,0.9158717040717165,1.2732534275613852,0.031141477179601845,1.0471580290457838,0.048959959534038706,27.077989252196033,60.976416256972314,0.08772317005177405,29.905752819676746,3.463889666892379e-07,45.305622941631114,0.2601179694872165,2.107021889412477,44.42034857616254,10.596665631742681,0.0006970520203095178,0.267468965659214,1.1225142301534097,0.7852874692361823,4.4849113787032895,0.8853139387207508
792,0.9153460047146558,1.1366771732709493,0.03321358133655605,1.0761736604260053,0.05617566520639283,27.753663062580443,51.863533773499796,0.08326055792739678,28.206593337670462,9.10564201717466e-07,40.692309618070986,0.2730260405594795,1.725081182468699,40.04798709891576,11.893948838729857,0.0007283595423204817,0.2668269398126026,1.1103882379087913,0.8706245290315909,4.5170864382314235,0.8791981551400083
793,0.7333775682251061,1.3288747843110502,0.02951541894377639,1.093633333693519,0.04893890517652084,22.938859192566778,58.25015946731024,0.07927024529031085,30.14607389113022,4.0150821227813547e-07,49.33284576167334,0.2445504992674763,1.797930106292207,40.23209788506202,12.157420919957161,0.0007371668458711146,0.29427416384649874,1.0530889623044386,0.8071034683235665,3.669561349770367,0.9749627307728559
794,0.8704045654511752,1.1359272417561759,0.03382126290379823,1.0874452262060883,0.051502792976019444,28.18548904840601,46.86602109663402,0.07450054097559633,31.299409345910554,6.383502532195269e-07,49.954913105564245,0.26735798886718964,1.8917962773515282,42.33155702486434,11.212122191163992,0.0008710350262133299,0.27568124445620523,0.8567213702881245,0.8640001127363508,4.022744356552004,1.0686199480752916
795,0.685244746328543,1.3841065348579273,0.025890757678898643,1.0139662662410966,0.057051349996749844,26.331430550857263,58.515989987319124,0.07509833119974324,23.985785359467066,8.339824716094662e-07,49.150325568850015,0.3038475721739371,1.7934390008606775,36.60514672810911,11.278251213857336,0.0008410344959314419,0.2605045521197355,0.9470171586981142,0.8419434208723012,3.5742550836977474,1.0046895102324738
796,0.9146549918564265,1.152896991901962,0.02796832570110675,1.0490843958945857,0.05642979637706486,25.61691456467764,59.93145969552766,0.08767926473447761,27.80761195560739,4.988319336997871e-07,43.517589155544925,0.29764161744548784,2.1597817187619746,41.458190104121336,13.776843348393488,0.0007048535130421334,0.2583757024874024,0.9068829496674149,0.761586985013243,3.527689138795968,0.9024338448980592
797,0.7246920794377069,1.1203679301600624,0.02947913073442471,1.0477850264003203,0.0560644202873726,28.593801117824714,48.39610581189592,0.0875781312469234,28.699375983302605,1.9561716941752904e-07,46.832072855849816,0.25682807266267826,1.8213239483760528,39.2506616072408,13.534846718859248,0.0007055181592706211,0.2929447131247814,0.952911950440511,0.7828780829068712,3.637668227491012,0.8699524132599199
798,0.8028250402237865,1.3423867581060687,0.030720746354563015,1.0497797939832383,0.05410604585326103,22.13051026597844,56.16388705033392,0.08209761663515697,28.386665424656602,3.9455253310412653e-07,46.31200038360731,0.25285233651306005,1.8830939406639529,36.08783296186923,12.334696372309384,0.0008019949079870927,0.2988311736459957,1.149531966737134,0.8390726202385543,3.934323732481202,1.0040852207040292
799,0.6935827959049121,1.2774790128003106,0.029505605019130545,1.0208625379314638,0.05665624547184493,28.25862217923864,57.37069237740792,0.08406677000766495,32.16302545254686,1.1235942489310701e-08,50.39502628951114,0.2632926530977543,1.7049615702106489,37.38730964533876,11.814406275116552,0.0007806007205250762,0.2605044978684296,0.903882056226482,0.8292351710334923,3.5138126496356614,1.0851291928905373
800,0.8106319476673511,1.3467602194883255,0.03145825010595561,1.1304412425614,0.04296290473927448,27.384359405073944,51.42016232026139,0.07565730744696755,23.935859180831095,7.936286831642746e-07,44.33724255670928,0.3099797666508656,1.7361966220449776,42.19022117834493,10.408259332127097,0.0008860176902993513,0.25670923573865234,1.0374953707517252,0.8817339489151846,3.6961793379909773,0.9831933938233102
801,0.8961337478049504,1.1849549891828735,0.03420781919301007,1.0372476821809449,0.05616328571982046,22.764364244711047,63.034678278679245,0.08311702675650531,26.335902313984086,5.193831673913263e-07,38.622830484731466,0.3039808093593661,1.786020302455922,41.94432349303958,13.126229376190013,0.0007681498363304207,0.26720857220970695,1.0252429480770866,0.8603100745468406,4.060904967153288,0.9083337435891483
802,0.7560718520390473,1.2112883909892684,0.03447382409792309,1.0458529764225826,0.05568339489623494,27.963752375389376,50.96696602379686,0.09160432201056057,31.85193394208534,8.020691151377218e-07,47.72329889141197,0.2531339904864901,1.8818130473727301,43.19560041525463,13.36276656115743,0.000901300144378446,0.29347286912740267,1.060744057852174,0.7981198652107674,4.001006795332969,1.1319201551019695
803,0.9043429853151211,1.1919156119110004,0.034190053386334365,1.1421155627757225,0.04910619643626637,28.06762861416334,62.11466751123998,0.08440892373080564,31.785123159898557,5.94130861070851e-07,41.387525547999125,0.25566525344858004,2.180028035284225,40.954383361781424,12.80076816820583,0.0007875449320686864,0.299639416995402,0.8875982277563365,0.8069205038231856,3.402246225749921,1.0306547110222632
804,0.773977934822783,1.3020419656455284,0.032652385041853214,1.0385496868039397,0.056110532807753806,23.370738251834783,56.478185420343884,0.07480449443650804,25.02833792811117,3.085410335306371e-08,39.939941497008654,0.25702025374564147,1.7328731508126916,43.69018123623325,10.37740571069991,0.0008083068735571584,0.2708445370855247,1.1301944201242402,0.8879408886153441,3.5071610379219798,1.066619791522941
805,0.8213934389652425,1.3688199573198099,0.027916146320273044,1.0245261866000834,0.04423210874194076,26.674072170845918,57.42179818930238,0.08240350260473875,25.886361719084643,8.774402731423542e-07,39.875750283539745,0.28035512726890827,2.116325757372086,34.18284195995082,12.19607686799177,0.0007111971972203752,0.2824362020507531,1.0819343231936518,0.8402314222327437,4.308035020338724,1.1358217485920001
806,0.849913931561317,1.260724099692341,0.029483851818147066,1.137805401233048,0.05366548425647112,22.44458687487402,56.18947859712843,0.07741812641227575,25.204548836974745,1.4676150746524485e-07,46.8406539434965,0.2752504009704477,2.077969363723213,44.74202903269978,12.937855785179911,0.0008932077695764425,0.27213047711165794,1.0792641667463738,0.891118253697592,3.7555578030823686,0.8555216728901408
807,0.7077367521123225,1.1568665091336043,0.02903037376913797,1.138645485444129,0.04884686001383659,22.433288944818255,60.7511969225504,0.06897801834691794,25.137971813907964,8.313236382677007e-07,46.78589525674381,0.23613761314389753,1.8996182559768615,37.689179456086954,12.358195600470877,0.0007085812422628754,0.26277401994016286,1.0995256653066878,0.8323887282353508,3.48263442668562,0.8988971187070725
808,0.7273475119946075,1.4423442259431694,0.02646169399892339,1.1148946759204994,0.04448625626409243,22.95800227378468,51.38103904658913,0.07694640389535268,26.790813041254278,8.546519487571976e-07,46.126043189992565,0.2786500245974446,2.1018406281477016,36.43737715038151,11.706366500500964,0.0008888400185822018,0.27758249382031,1.041551043649164,0.8837267831272039,3.8225937466024296,0.8934419224491852
809,0.8633740039641534,1.1988084701764898,0.03391126540735499,1.1004948983117562,0.050820809125054205,25.503053544985363,50.24108775352103,0.08852778879227935,28.255293829615454,1.9254065531271514e-07,42.07891174962828,0.254660594174209,2.151646826784642,37.217117974392806,11.313536784250397,0.0007967913035256946,0.2956406585576419,1.0771631691573647,0.761413567899421,3.8505608048575626,1.0247252908043663
810,0.7964067700193214,1.458652507226299,0.03418570428590088,1.0224846877426899,0.055521567796173586,22.230685703415233,52.24020052749084,0.08655761452112774,24.915545536059565,6.47514293065754e-08,39.8627562489809,0.30222380562239537,2.2233596708023633,36.833346233827506,13.743109547122211,0.0006990688427739976,0.2921344605480293,0.9435414356745291,0.8743065061716343,3.545029320055778,0.8719762208105093
811,0.7926067824647347,1.4392806463698788,0.02859197808186535,1.039736180358985,0.050571402193816145,24.260789160550498,46.9568204785788,0.07752462965008361,30.017771773055347,5.318579630831177e-08,51.43968118829642,0.2645598948894954,2.2023131088842294,45.89209682837772,13.040263124782607,0.0008211889743167545,0.27724838975953375,0.8790992342776431,0.881890541241939,4.074799281902374,1.0676800912677784
812,0.8227548623291779,1.117353354495828,0.026987367411784095,1.0184928703608167,0.05064630835852876,24.5915001288625,62.492066749540435,0.07525143266837829,26.4943970681187,1.7525907513724202e-07,46.134965090806894,0.2397803508125149,1.7857701436769877,35.792873233900245,11.398227925197594,0.0008841036553276229,0.29745878946483023,0.9946078373139422,0.7894298060470513,4.334139663224748,0.8731223128091732
813,0.774417008637977,1.3946519482136168,0.026473645469339644,1.0115134055320452,0.052744562168032236,22.90384431592647,58.22816648111724,0.07657456563454323,29.418130359055304,7.726921490726648e-07,43.103731922652905,0.26597624987598345,2.094591141738452,41.72163559236152,12.212485077222684,0.0007901885614338794,0.27235847437052596,0.9092972244975603,0.8858053559751509,4.188920335284341,0.9518503745803772
814,0.8896682585126262,1.264416407565874,0.03311860445805934,1.0262618039943638,0.052601629758941136,21.3758346112954,60.4918111322922,0.08870287323615328,32.116448952441715,9.870396430378481e-07,41.57677776313259,0.2544704420615046,1.7321547813986682,40.57257772564181,13.61113943595102,0.0008743910425084506,0.2965754802765785,0.8751083012772825,0.7997858256584006,4.376071684704725,1.0837543901969298
815,0.7828685564464197,1.1553928997738505,0.025969847580985708,1.134127300332175,0.051715155557583485,28.56927943715118,50.78931288444921,0.07914300970657817,26.96286165667111,2.6664679788166357e-07,38.73273004450641,0.23735395297744286,2.145037588159439,35.85204210181761,12.870667507477267,0.0006977555336423392,0.2875205608955285,0.9947859043092704,0.7891080872747632,3.583650371973932,0.8887055630845334
816,0.8689487517632952,1.1461138213122575,0.02876673226567374,1.1382417709680805,0.044603708384696364,26.044997289782625,51.9789941554976,0.07274262584403766,32.11288294055414,8.977326701828214e-07,40.840614861922035,0.3034303430039084,1.8882054296775412,44.34051432172893,11.480705604765037,0.0007114863382720087,0.2968393641771714,0.9405021078642598,0.8827683813412696,4.587719748413486,1.0827121085364557
817,0.7756725485935169,1.1446178022252542,0.029511948508331262,1.1218314316156779,0.04894745688533497,25.680552618066482,53.507143762815836,0.0682725124247605,26.69287042903635,6.864634682293889e-07,39.22116765035493,0.24807098297626434,2.1621655034978384,40.81212779776406,13.493109828480836,0.0007265480735010279,0.26993843251784805,1.0967876739626266,0.845992265848192,4.236916941214836,0.8836162661980902
818,0.9029083538025606,1.2934276691536923,0.0324152641543594,1.090630004268081,0.0571986027137139,23.799610371800792,47.87689544349925,0.07981762661186029,28.532718351649084,5.729200850872564e-07,38.702187629642125,0.23617816442600018,1.7209316785835282,39.75302575005968,12.050158291209762,0.0008429354586477032,0.2671228090599708,1.1131780131512887,0.8432351886871662,3.4883088597348078,1.1482243261299958
819,0.8855890612378335,1.3531971350072394,0.026835430440969487,1.1139758361684302,0.04337568119257301,25.74821161291021,47.49147200181226,0.07550746500497706,29.077670671049137,7.679308062316437e-08,47.99064122565762,0.2880905254576346,1.7289623057823122,36.83843006609725,11.55800045946126,0.0007611025867825135,0.2899169043498347,1.0794556162591855,0.7668273573335498,4.394327721347751,0.8779035725195503
820,0.7247973065127511,1.3409132178675205,0.03373162031511539,1.1292919277670261,0.0443387750892547,28.133942349029976,60.62410975228848,0.07015160235438504,29.474776859255442,2.964390130257848e-07,49.04812299647065,0.27334734498967916,2.229408681776178,40.65458082888937,11.13372821299308,0.0008368399011139749,0.2754822904040867,0.9100996077891176,0.8356178096503106,3.6051698415882414,0.9598641094699307
821,0.8329660811490895,1.2475386405119564,0.029898018246238244,1.0792253072223452,0.055819715505349095,24.176203192562042,62.67402114105844,0.07886837758685514,26.32111727402333,7.640449400820144e-07,44.305357524752246,0.25271476201390003,1.7951091587555317,35.522057772602,13.082520578257018,0.0007159687455530631,0.2729733674944743,1.016666394481548,0.8649287736023038,4.331680363386505,1.1470426580979567
822,0.7163150809067033,1.2002261245749144,0.026750633772298894,1.0145698886667862,0.043492780838524904,22.673614770804452,49.23676893326245,0.07835005545253151,28.664796629569445,3.761804250759303e-07,38.754700627530255,0.304800591437026,1.7340838890550916,35.69775683570472,10.949266084695507,0.0007337094646317077,0.26529498535405216,1.1296438717908275,0.7984415096902164,4.474273848062702,0.9135234756850417
823,0.801414516738398,1.4667277314847642,0.026496831747838533,1.0698773488291724,0.04859023716141574,23.248431880041437,56.08366440530929,0.08864207010950594,29.47088313426255,9.696023577292098e-07,40.87922061033732,0.25051953622034867,1.9698543834064133,41.5258575306215,10.866590713174276,0.0007924155376094918,0.2951571285994183,0.9614848574321913,0.7634020121935091,4.284543327677764,1.1370976436700593
824,0.8706758154586047,1.378228670208453,0.02658832805844512,1.0234953942970142,0.05432506345161184,25.20028432928743,58.715356166079566,0.07195618681767357,31.509515747015993,7.141159297948923e-07,38.7194137691241,0.26259276242092094,2.2685450264007434,34.93662691129665,11.289154566346182,0.000858379656389173,0.2857008322723871,1.0370708796643522,0.8073664691764152,3.961641650215128,0.9118191776523905
825,0.7983142202769394,1.3760386854828874,0.02876399987988648,1.0142057516423735,0.047817137715057294,23.541982463081116,49.86485853991762,0.0895224902915147,31.690864309160926,6.284721656583886e-07,42.83969705823948,0.30712343308282963,2.125788199318398,38.38220961928018,11.070188661908722,0.0007092852348720629,0.29336070591147345,1.1204427499631855,0.848022582179538,4.240999411003945,0.8813218553019911
826,0.7417835833826995,1.1314945176268498,0.030329520467567646,1.0691358236058373,0.05003697016760656,25.464662224808425,47.91690920073689,0.0816955168346806,30.244409550626525,2.9227570185966223e-08,49.60818868573428,0.25163412791538153,1.7985798610305108,37.66251937509713,12.77053850462975,0.0008076814063919278,0.2958935821992185,0.8822682086447036,0.8910895350536009,3.4216962519378877,1.0407742829355162
827,0.7129903307776443,1.1130527122338438,0.029242553290835995,1.1456991724807666,0.05678773276105158,25.30696271329335,51.15708961980856,0.08098035096304661,28.93289908296415,6.150161868763613e-07,39.93966194806471,0.2908813863203553,1.8468777497141173,37.25552912737508,12.01410750269818,0.0007941699958138916,0.28731904107228795,0.9972722152008767,0.8861209690880792,3.831068254676313,0.8859216576504094
828,0.7311449710843098,1.1171831001368495,0.02816510262873261,1.1046711629050991,0.054378486379417036,24.746496902304283,56.793886530289384,0.07313163380995938,30.525303454835576,5.115431016179451e-07,46.71738605761097,0.2653316095889827,1.8916746640000721,37.815208116565614,12.998500005461585,0.0008513691099538624,0.26175126138399196,0.91589924660763,0.8344941017249201,3.858643641488279,0.9595280202959495
829,0.6937257522991018,1.208197402970102,0.03104215833269407,1.1453133982155481,0.04862921211401034,26.37333072920056,63.08091088929463,0.08618046247782521,25.218381762375998,6.747363200153589e-07,41.33945572177605,0.23234658800205613,2.1523154231439836,43.18686304421141,12.883015395849817,0.000762679804802345,0.2890148010131597,1.057291565817909,0.8171485346340858,4.045645921685857,0.9610441898790558
830,0.7162642442436867,1.3032306744005477,0.03425363496163679,1.0098397886703152,0.051839667950064124,22.379721463279388,49.641978710934154,0.08832462104004418,32.15311218851519,8.198787139012564e-09,39.40543886548964,0.24387836678845942,1.9986921550697125,34.23490451847614,11.682293266024658,0.0008154276107749142,0.264442528719027,1.0134007143051698,0.8497896505402167,3.5953646552410827,0.8562235103464643
831,0.6832416439077847,1.3971825592938114,0.027330569824504377,1.0523543855487685,0.054945643137287656,24.17359532650914,61.37754486436567,0.09140293770474167,25.259641177859834,9.055806427121843e-07,40.68286613867711,0.26117896920252615,1.8790344022187315,40.82689438272708,13.274436948258865,0.0008891670143102417,0.29865018353793205,1.085882674304142,0.8514822153556783,3.5638441254364137,1.1360661707775326
832,0.7527801466862251,1.1255560085224423,0.02638281507032439,1.0312102071886484,0.055542324265902686,27.929226468240515,62.802050145556386,0.07333858230872868,27.695825693677286,5.793162107187995e-07,43.781650141050214,0.24730190624307008,2.0959042536517423,36.21511776768111,10.396421440522818,0.0007443621644753498,0.2831025176070034,0.8776066468739662,0.8567368888930869,4.2735440949808305,1.1152649367612189
833,0.7699082020374797,1.4719677056587588,0.028868328781021437,1.099398068494558,0.04292676093513881,25.960191111997222,49.743090263587646,0.09013909198727577,29.62492594203223,9.178756409047199e-07,51.559764763383356,0.26570875950219325,1.8864414559891243,36.246834441289835,11.716192336245621,0.0008856686072182278,0.289307299763283,1.018194425608458,0.7877336654258853,3.794948830324872,0.98970459425957
834,0.910475414344825,1.1104546472198218,0.026761621490996222,1.1059052336926285,0.057223922792370284,22.496133733745353,49.73432899402719,0.08883166670310931,24.658116144636693,6.448785288578853e-07,47.39525311046007,0.24925217801985255,2.070227949288723,43.11124862144388,10.62143216072979,0.0006970850549087037,0.2915867980546807,1.0120592591266055,0.8497775872397817,4.147084601952452,1.013072136374714
835,0.7811342484856546,1.451976015134211,0.0334875409008771,1.0009669885368206,0.05518665753788671,22.459873428353532,58.46922779839765,0.08597246740620854,28.13986815479558,4.763987761066223e-07,50.49253433484945,0.23257631228655087,2.0701436552162886,39.02008222976213,13.78187876225838,0.0008777253273194849,0.29498900211812823,1.0429413580002291,0.8552650740395706,4.286522355615182,0.9471873908149598
836,0.7460799122563527,1.4860497829173613,0.030494887903951974,1.0702001996113963,0.04919671653932286,24.594716648634687,59.33724261079091,0.08978407490795043,24.79209378972889,8.229335054769315e-07,44.39534882072676,0.30339428506108224,1.7940153970457162,38.33587051856732,13.407203808429202,0.0007862445885522855,0.29622451799856375,0.8887507587936744,0.7818795506529143,4.480832968502896,1.1181877829010571
837,0.7939357229124491,1.2256778165839641,0.027162251855810556,1.020986193743054,0.048033533717758696,22.438979330106214,57.76765963748887,0.0890468556744248,26.494014036786886,7.115670296053335e-07,49.087136822040186,0.2713464357986764,1.8446196695023553,45.47068325909909,10.995896411247603,0.0008605729723683999,0.29810384848958255,1.086544219504687,0.78990329191476,3.758685165561202,1.0617709474406292
838,0.8666504456330305,1.4187323418245297,0.03191588111973899,1.0457425522870154,0.046939372941805356,21.532979294292833,47.572993934802085,0.08226537633884473,30.650615640032637,3.5305629712754614e-07,49.649967389017185,0.2830501142854502,1.7149271601491163,44.35507342930514,11.365304219436766,0.0008792414878540334,0.263066021982497,0.9551936128931153,0.851868139316961,3.9725411744759938,1.1043162995785722
839,0.8430324565224402,1.4537930558059513,0.034371978043020626,1.0391327386938933,0.05378126714993481,23.22264276150454,54.72458249380993,0.0836978391425581,30.34302638627022,7.260208936983737e-07,50.66988283576184,0.25811509578030045,1.8068574704415306,45.30620196977674,12.371893995690217,0.0008783931189609024,0.2757423819042679,1.1031068333638288,0.8497941502191964,3.4325111891605387,1.1027684035497727
840,0.8483040340462945,1.2493126535409413,0.031293753406259776,1.091759274550997,0.05466280068705843,22.915984568551504,61.220683600496116,0.08213106241419531,27.132995110351413,5.071533420747739e-07,38.44725267003866,0.3017083622689909,1.8870044175390415,41.23372727745894,11.866450511296364,0.0006862171460532189,0.27141189779970726,1.0049261872098743,0.7711189470035797,3.9427176405365403,1.0239534362839795
841,0.8889668368422556,1.448574996255123,0.03427149628043984,1.1276349450998127,0.04618833998126013,25.820651084082368,57.66171967542036,0.07462897258810734,27.720269666703697,1.9531820290166156e-07,38.9373357364205,0.238918311154628,1.9837877337241865,39.84830934244895,11.384926791588295,0.0008965107107885804,0.27861970976807143,1.1135608880830539,0.7995586441097289,4.280706315417245,0.9142169701367856
842,0.8756718244697556,1.1189364049400075,0.032142017352350026,1.0545533909164884,0.04526303988565996,22.73609542114305,49.19824158108115,0.0755417902881825,28.998592442388237,5.587153170192044e-07,42.994836265082455,0.3073096297851475,2.1542744328904297,45.598172725485526,13.543491533695574,0.0008102898479340662,0.29666630772797,1.0839034009251818,0.8886871460403318,4.3586415138001255,0.895290850474543
843,0.9103230648424203,1.2075980875161527,0.029459606875855922,1.1297845889007339,0.04785172701933646,22.444496517092666,50.40462470233342,0.08918451110625658,32.037559056809435,2.7867750630327423e-07,41.530753441443245,0.2542299046228118,2.0752746747529347,39.69436743504069,10.77110236508967,0.0009185417189017895,0.2567638123891706,1.0011915563204008,0.8207246238373201,4.046057236078488,1.1061596010987689
844,0.81228662136693,1.2865896766845228,0.02572482181707344,1.0374979008653586,0.04927400159004565,22.513928327521903,50.60059582399038,0.08668796274895503,28.60077760486179,3.89843277643348e-08,45.709004720470666,0.25221646588928187,1.940560187700432,45.179511207233496,10.529502024460497,0.0008864377145765517,0.2887965165771568,1.1496675535338514,0.8578229221222723,4.332056982740192,0.9254476780898535
845,0.8989072103515989,1.4493481899439407,0.030767491093316536,1.089446410282716,0.04497684619223272,25.363308144394257,62.69875677358458,0.07143050266468678,23.954934058139695,6.029344042382533e-07,44.832886231241694,0.2429416978159235,1.979948552892654,43.23379259672878,13.667387174864032,0.0008476639969341492,0.2896345120982043,0.9673097287668084,0.8277300904575646,4.24338823297928,1.1357558693776755
846,0.7625301633891141,1.1250229701335273,0.027708659477662458,1.1467140068061366,0.051048447471192686,22.517454594696368,56.31231632032278,0.08082991815020224,30.955376297563337,5.387914838537987e-07,50.45827315992371,0.23987253385842489,2.230120536833206,36.86790481103226,12.912701663228976,0.0007071598997372074,0.2790086727822672,0.8930427318038633,0.8530033911988938,4.143248885484718,1.034929307253897
847,0.8201088119572045,1.114918064672762,0.027025589912207545,1.0072575062300133,0.047310539155912414,25.389884011878088,52.413015606345304,0.07082644507974765,30.886358567590328,9.314087827823875e-07,48.79678705475699,0.2450425422000732,2.226154024810418,34.8386995076554,10.719851372308948,0.0008823687586888498,0.27099950948958323,1.0805173299519528,0.78075877014212,4.35557406028201,0.9515431057059356
848,0.8115174014035089,1.3814252796599376,0.030407241639316473,1.0385082626710709,0.05671400806402663,21.982312572738472,60.563400943694184,0.08362082901274029,24.851687042863013,8.271906812789093e-07,42.819730368954424,0.24396197512491405,2.135068528217188,37.69169932214482,12.537530109175629,0.0007747796922644613,0.2741233452018438,0.9726524308588752,0.8907784791449123,3.532657290020718,1.1084439148747012
849,0.767885683544424,1.1261363933196349,0.034480435569737754,1.0713841611808435,0.04442792268757214,21.938559769709833,48.27823610242452,0.08641587305367608,25.580001714733847,7.63227071782471e-07,45.74018929219542,0.24826580245095886,1.9308131664556527,40.62465574055907,13.287639441635113,0.0008077054525527987,0.271230312797554,1.145680758164487,0.7772183856873032,3.831090950903744,1.0853491159706836
850,0.7045923212168884,1.4380252406448084,0.03403452656567235,1.0734818900688325,0.055098265604535845,23.180427109716803,49.62042562172062,0.08758761546437865,32.00516206923848,5.471672525646124e-07,39.9035678166012,0.23383162263295532,1.8774965211020065,43.80704410514352,11.408956688510827,0.0007288137679979749,0.29043721994696364,0.9621970292915296,0.879943166326389,4.433318364180124,0.9584324020569971
851,0.8383616448072649,1.3456926210682363,0.029410406600084798,1.1190255610817756,0.05111903908107976,28.659197220664463,62.516511500429594,0.07063603001885818,29.091455583988395,6.696969646796966e-07,47.91900331673702,0.2348523734290335,1.7892749780406034,34.66868187100153,11.788786738246165,0.0008813628643364914,0.28590228582193755,1.1252530596254648,0.8428685221036384,3.7004536958449674,0.8809372608647691
852,0.7860854940308402,1.1301068780036743,0.033447857846342306,1.0050429078316674,0.05621650109915173,25.871706617898308,55.93075807325932,0.08371746664236229,29.41935727714411,1.8149207544318702e-07,38.97606069977197,0.25022527398641037,1.8228243633343724,34.32978937020651,10.542653764765577,0.0008889929841028263,0.2772605757266504,1.0728881724272623,0.797512958998713,4.454494149898229,0.991855313230921
853,0.8540692748804424,1.3534525019149637,0.03268848351596262,1.0925676639497408,0.05268082121916966,23.628971808265515,52.64516505200441,0.09080929688384007,24.192359092437353,5.389298860568147e-07,43.47535680307164,0.2758471189260784,1.8112356142975659,35.33159051407632,11.83613077488423,0.0009195140026291,0.29091986995693575,1.0979614422497377,0.8723518428937498,4.151466445719003,0.9517269227200497
854,0.7815050864703759,1.301550801917872,0.02954403730564614,1.1074631122313772,0.046667399772638146,22.579553289060293,55.242061076887616,0.06875196189335733,32.06917321831593,8.26346913503001e-07,39.35196849765225,0.2691463758112098,2.123641593550249,41.78285494402136,11.311505625529549,0.0007745984102663472,0.296036415871649,0.8792626140284052,0.7646407076692625,4.217261975375051,0.968752721619432
855,0.8770612364304597,1.3056014727608383,0.03271878317420926,1.1291649916225817,0.04756876267618539,26.26020245303116,48.51937860887769,0.07133652571206489,26.36584303403692,5.945102384459058e-07,40.616045020288794,0.27765480637968715,2.102171575224054,40.45334677022498,12.312061451750134,0.0009134243209956913,0.25540258594777726,1.040027227401155,0.8991057211180624,3.9179785174484953,0.9473849163984198
856,0.848492875898135,1.1218885577345439,0.03107341816163659,1.0850198095245882,0.04393663158432164,21.663067022480814,52.31432291334662,0.08433682414316258,28.043000938845545,6.233979028213471e-07,49.95621311084701,0.2521477693872281,1.815672658585127,44.33101287187513,10.436757282338089,0.0007447812643600804,0.2624043002749241,0.8640661741672141,0.7956810744142968,3.6054259995252025,1.1336912498075569
857,0.7864060372091426,1.358169626335377,0.029124912041157608,1.0173995391205854,0.04788102281082763,24.541337891150263,55.11176555393331,0.08973031458729568,32.00921450542928,8.452748437043185e-07,39.79582941671283,0.24606794350412625,1.8025395473973214,43.932921715241285,13.13568963097189,0.000772818102466649,0.2977155367170402,0.9235820913144481,0.7657065579559661,3.480850248142866,1.1231176234037423
858,0.8594708990342509,1.122096965650052,0.027019106441068037,1.0401014899324394,0.048325908574020006,24.74511963123551,57.61097669364678,0.09038527927895637,28.882090050104168,7.652184561413655e-08,43.674660263485315,0.23608510268490973,1.7407083422552942,35.93667363691997,11.035402063354834,0.0007500367631049974,0.2806729189765151,0.9531305651551328,0.7559626194074123,3.903999021528847,1.0379669126341347
859,0.7587221676906901,1.1292522213803267,0.03089137665260054,1.0385218617407448,0.056009236155806975,28.744256155482464,54.308712134113584,0.072517740777352,24.25367310390625,1.952199744786649e-07,39.709161329342955,0.2573151951005275,2.1426314064533782,38.28095309855971,13.585948227185431,0.0007565786437387439,0.2631530870603131,0.9641696683095129,0.7902684339179036,3.559851776867783,1.1190773284368323
860,0.9123136575996549,1.429687451677108,0.02582409288276661,1.0398099374579162,0.04345122046263545,22.227356048314096,46.75034225427529,0.08706291457757576,24.174681776257597,5.442307898649609e-07,42.66974285623892,0.2533668149430491,2.052210088239411,35.23022059063472,12.62420668167361,0.000740343823546712,0.28973446967404054,1.0131720740202343,0.7696139080217651,4.068059255271519,0.8819607481510263
861,0.8095353271628974,1.4001617830473514,0.03269136578804102,1.1400504755341407,0.045457698504081996,26.453593835433516,51.888826140991945,0.06938548936398632,25.578734021753416,8.735727897755042e-07,38.29766671184674,0.3099516844559876,2.142638112634133,36.67016698306324,13.47480928781434,0.000728193455819148,0.29232218679665567,0.9144395698212211,0.8169839769093388,3.6731754002129606,1.0314980443513806
862,0.7501175951719582,1.2336926267149642,0.03006638660733316,1.0478425684231012,0.046329717403598,21.315914123561164,52.82376601146612,0.0690838218517963,30.23665334573592,8.735085742359083e-07,49.387077981014215,0.23359427392247062,1.9728357251095483,40.839961185168484,13.047201201592106,0.0007622960453493291,0.28884104890101764,1.079242211683142,0.8687575347851862,3.8103413400000448,0.8716628794667729
863,0.7304229211407068,1.4644503053894231,0.03250922980456891,1.04156578992148,0.0534031413375474,24.310400560737435,60.536598249608254,0.08476098642768665,24.689187525998452,6.101654575604661e-07,44.78223168139075,0.265299803703172,1.8046341043713132,45.31616218868467,11.795982209614786,0.0007361981636751802,0.29567593173630785,1.01239011187302,0.7852513000408812,4.062014457661158,1.084496594544528
864,0.9125221524421907,1.4381673605373897,0.03191719467408552,1.0438851767432114,0.05132708699087028,28.522600985804257,60.31982491078432,0.07674847214542257,26.086605931328254,5.286526367689879e-07,47.545106888990624,0.30684079155767924,1.7249392943250665,37.18073275628801,12.642234604915243,0.0008436026269913144,0.2791532738904208,0.941076950531552,0.8448676713610475,3.9397226743423244,1.0026702343921077
865,0.7563003665511214,1.2307300435276978,0.028116436652061236,1.045901834997008,0.042823874341434864,21.44280402565743,51.29116180795847,0.07963132205124707,31.262898564750927,2.8552593899484954e-07,38.880948152121945,0.30226901750001595,2.2822252195824095,36.50279997526721,13.55554161971835,0.0008911430453298352,0.2703216457622164,0.9940774667605685,0.8152408690628961,4.583280243851065,0.9594013816508852
866,0.8721444703741006,1.20506743711294,0.030822168823026245,1.0676029759601122,0.045377865144253654,25.967769094148363,48.79699774874784,0.0767628855599518,27.298910018777594,3.971549698092136e-08,45.63103491508512,0.29870391618567455,2.0275749731833024,36.35534102437836,11.902591635376737,0.0006922435867751962,0.2905157377454382,0.9539615096863804,0.8678961408631537,4.333133256460446,1.0560758484785082
867,0.7786948229289491,1.4346885291527123,0.026761487164136157,1.145118573475578,0.04427381466276179,28.450199033619295,61.65171363488738,0.0827875538738172,24.42994403417956,1.6998355601301516e-07,45.204210010377075,0.24517005307101972,2.2197140046257147,35.72095050073627,11.453214590870916,0.0008255321503876027,0.2867774784478387,1.0178644704285005,0.7869466795769033,3.643573197461758,1.1357789025544223
868,0.9041610934015416,1.257705154249112,0.0327944793397609,1.1114808336874822,0.049470219853023516,28.560349643711604,62.0351988911252,0.08929520188040646,25.400776652385062,1.8519686324157903e-08,44.44243382983244,0.2825610140031824,1.7692241675802887,41.69372587682844,13.296923285168699,0.0007767359347293023,0.2656750539032038,1.0851508835408563,0.8995935000055411,3.424670018845744,1.044680323393963
869,0.8437399666093068,1.420681591143931,0.030959214704328098,1.0024980698688022,0.046888621894149746,23.97108909710392,57.67494475345303,0.077334898459386,25.43736708574313,2.9632863619809256e-07,38.850652022276,0.260519179834745,2.0799998957698826,39.14533274069754,12.114655336778126,0.0008816869925911164,0.2673365826170752,0.9394409037331425,0.804159679173829,4.065480304860151,1.1259170301129775
870,0.8797948766606447,1.4315814830608073,0.026396787022264657,1.1161537709591227,0.047280965447512015,24.920113907909915,62.8553119190018,0.07593846629455588,31.826681934511193,3.639856034566868e-07,46.28451318951265,0.2888110124547829,2.137568196888996,45.663194487119775,12.877038039429662,0.0007119202632126042,0.2969346384055327,1.0480438255718898,0.8446902532178027,4.1437766211907245,1.0774551683789388
871,0.8696920954106364,1.3565038737684256,0.026374713654374233,1.1143772643152123,0.05696999189964631,26.193383313588104,48.81051719618063,0.09095035699577486,29.02663615099639,5.792062674497289e-07,49.96189687181953,0.2665577387626184,2.028251875964902,41.09926550712603,13.318947980421205,0.000742018292082647,0.2778485333202394,1.1471460954266628,0.8228400922562168,4.450084955141028,1.1351009314997393
872,0.8960910881851605,1.410449776228784,0.029561178558287084,1.1376970335510446,0.04715472712137309,26.853489049269506,52.34640299885314,0.08985947439201761,31.393708694631464,1.7072172891963643e-07,41.980463145465386,0.2920429306938231,1.9127787020386318,36.46043410385411,11.177734235856542,0.0008153326935468646,0.2925208070227685,1.1456671886562875,0.7886852442372336,4.472805379133981,0.8692435956644213
873,0.7328727183397941,1.2003352116997068,0.0327133287330264,1.0276443163177738,0.05503817822070266,21.41317171400383,61.9915153666247,0.07753566032034555,27.217641080158298,2.2789020599911503e-07,50.399054604972605,0.24411646846104343,1.940991689924343,43.141780651433486,11.546759845763178,0.0006990091838222319,0.26331817023819487,0.9924414159502246,0.7928769757710954,4.1029941255071,0.8942328150016904
874,0.8504808023953538,1.3509446413267712,0.033748341302166654,1.1093993900706773,0.05444666807031666,22.34042894074284,49.48973080834593,0.08831643956004295,28.182158029868656,4.0120478638017375e-08,48.35179543224741,0.29054416848739345,1.9243335182769128,35.55071267812265,12.798546150794822,0.0007614394062627085,0.29442814684616525,0.9244664094176864,0.7559265139751092,4.586897282063321,1.066437282110513
875,0.8621254579821745,1.4151725824137524,0.031564952694325736,1.0660069069614324,0.049504203442622845,22.069267981389682,63.18886926129861,0.08263686046319099,28.942818470261724,5.987702697577476e-07,48.98844093229369,0.2639587839321537,1.9196586352523783,40.099699375459636,10.814038228690892,0.0008792111809410417,0.29844127333861975,0.9262311786971618,0.8254283110720759,3.741029553629686,0.8700945570411872
876,0.8674473539172517,1.1322167415426208,0.025958081170945186,1.117028235522761,0.0484879991229353,25.36639338880875,48.165062834246584,0.08504893428351708,30.92833457862852,2.5983668843402697e-07,38.85891076929227,0.24908720793774417,1.9941345858493233,39.44345399774886,11.176618254659504,0.0008220507935485062,0.28182955535564796,0.9989288564312531,0.8838970021336999,4.258593755956873,0.9193864081501842
877,0.764764771880958,1.3513079789473366,0.03080035895968765,1.0301423627798199,0.05301508015599797,22.794786461021364,61.5579146449197,0.08364076938372873,26.865333270442882,6.842114460745788e-07,48.78270871061162,0.2648857863093874,1.7352397997292996,45.02681914583678,13.566852181241,0.0008409333621501052,0.27929150410883424,1.0319616011446233,0.7951554943150517,3.6041600528403612,0.9859226879900074
878,0.8242903102384093,1.3131094854128231,0.032120162975862114,1.0097419929337481,0.04410762977218014,27.33130629962651,60.10520408784507,0.07889505812827798,31.341440262517832,8.979512612953844e-07,42.47456745630666,0.2757870433269306,1.993989490352296,38.841598140448845,11.11145193864082,0.0008675564066821321,0.28692924485419496,0.9241114267448036,0.838699893436186,4.125909901441705,0.9817337718949789
879,0.7869924233750217,1.1486909873957707,0.030649251953173046,1.1240906605358565,0.04739669419331888,27.46644200285601,48.098454615236804,0.07038734089373308,25.786918176900624,1.6754853994178452e-07,48.679816979337836,0.3039646752320673,1.851312407717328,40.82915413279716,12.04347771793125,0.0008641828302957352,0.256704994405088,1.0264282403368081,0.7975007755750017,3.719350899514316,1.0313660746518263
880,0.687524773060872,1.3962126675332869,0.0323168125669804,1.0757039966292765,0.04766775003163362,24.57852509133916,53.2312465045335,0.081743519197343,26.456207104439002,9.847979211735713e-07,47.5973836542828,0.3008801458913919,2.0062499901625284,35.98035896622953,12.76177119858554,0.0007255999863486463,0.2561541693265205,1.004197809371256,0.8380912332950105,3.8572080088059284,1.1155116564409193
881,0.8795629890826148,1.3629642416647114,0.02588417272684252,1.019306288869495,0.05677911706250896,28.44294718866273,57.71393325986449,0.08266730514776624,27.565489584021805,3.503276426782864e-07,46.22790041976359,0.2935938621511457,2.125788188713607,42.07848934587042,11.326497711448946,0.0008725335639565921,0.28360522740789734,1.0394328807140079,0.8849099207666188,4.450698681411128,1.0630195127021418
882,0.7019140145684466,1.1518601058161622,0.026619227254111245,1.0717565561542841,0.0437274370877603,27.96713540918762,52.409819302543866,0.07690393990530074,29.27574160414293,6.45207120729442e-07,45.70757050042487,0.27617515402865406,1.8641104072327432,34.4041239074346,11.022766138805787,0.0009171815591886407,0.2786158971756687,1.0910402800818693,0.7613935213166232,4.011036569404977,1.0482734641897054
883,0.8851032149893465,1.3301602218297157,0.025585557729011506,1.03025177724526,0.05343704326881629,26.909018793073987,60.95281912867067,0.07982858643811011,28.905013102146206,9.191525942579315e-08,44.00440273567048,0.3048826205459903,2.0518790072513196,45.099235906749335,11.057009942241285,0.0009024460127174687,0.27677599453094787,0.9170343661715522,0.7587914421826077,3.8814224820187877,1.1169676925188514
884,0.8767778753794582,1.4481110920850402,0.030537041460119423,1.1349161361698084,0.045926884549175026,24.824707824051305,52.501700813405975,0.07657859468043467,30.053819426700137,1.394103643876222e-07,38.73206185062731,0.25874599047884356,2.2726729665820744,36.29984853450204,11.37035078409484,0.0007953882948887604,0.2922216955772778,0.9050155567698985,0.8680429164536818,4.550065638199556,1.136785949775808
885,0.7478174079652169,1.2590203269857734,0.029419925843166776,1.0304221776535119,0.04495463528771301,26.484902494300673,54.73357385477358,0.07769691803529628,30.56014652587131,6.517630189806736e-07,48.72837183761063,0.28701212114944463,2.0153904054034406,40.30059519170073,12.044287065277617,0.0008445923257441707,0.29473490706604943,0.9788582172445739,0.8834526039782081,4.2444488851189925,1.1202529919521136
886,0.7316754121971938,1.4613656959093853,0.026548849234429264,1.0678399650610757,0.05280348756068591,21.574797130663516,58.25293715844777,0.07491026192865613,25.710084061742645,4.847311434490894e-07,49.85022672399438,0.2329974102431044,1.830391643512813,43.75949997675541,12.55228504434687,0.0008408480530058771,0.27168063537559406,1.1332317072585174,0.8915780012461454,3.90564957475893,1.074790890305515
887,0.8829404987117933,1.2040173216862071,0.028366686157766163,1.0287185543245116,0.04258994065051794,23.236259598547395,52.615138890057814,0.0814544557279628,25.86894015687065,9.4657217048354e-07,43.774048461686306,0.28256250329599564,1.8126487555210247,42.007995618503436,13.263131241964183,0.0008738044382946678,0.28070338194670935,0.9153019714920902,0.7988609711345896,3.4529404510684434,0.9415335449943063
888,0.6854321635333157,1.390299177808783,0.030132661430446905,1.0948532269102558,0.05118002688546443,27.157066419129766,58.097234258602306,0.08047906883393174,29.93364495318794,8.9146191117645e-07,48.21898938668381,0.277034992626224,1.7372912534025198,34.36680687112549,11.336583796094466,0.000680411644714023,0.2828621278090433,1.0318198060330002,0.8902465869992386,3.6222699390184094,1.124010117512886
889,0.754033570652148,1.2701967601991289,0.027432029241921008,1.0915257490464707,0.056073302960345676,24.16019849883491,51.10999232396029,0.08013325068256617,29.522577560360258,4.383398400150018e-08,41.72501319074994,0.24193597713902046,1.9474910747640322,43.970476887229175,11.889996560081757,0.0007576713538454009,0.2899516589336684,0.8654097069321366,0.8211799110048277,3.7233952427578374,0.8974030541056788
890,0.9135373363614029,1.4340999457989418,0.03349571262788508,1.0806121383234435,0.05404828645549602,26.00510770444385,56.95050624088986,0.07446681397451918,31.646689807447693,6.19567140411577e-07,45.34561303785127,0.30748461232165264,2.017435184861162,40.72312340216003,11.785745586813412,0.0006888534683425628,0.2849197538791802,1.0586343743934654,0.8005995628902896,3.8578110921763673,0.9024628401123238
891,0.8085981136120572,1.2384410953470406,0.034118184470951794,1.1489690307651284,0.042686486359856335,21.95933986811388,58.87580228102212,0.07789309746362574,25.623323826276685,4.381760830942459e-07,51.22745661137179,0.2500090190280171,2.1517312684293843,37.338526173532884,11.637564586828478,0.000850618821818081,0.28361296897124855,0.9714554917643956,0.760967189881897,3.5584549342551703,0.8876356954039432
892,0.6908571156649405,1.1902583040392474,0.02584094422366272,1.1406577391776715,0.0524555005629168,22.763717265308784,56.10626071435897,0.08651012247002138,28.280209855185216,5.685546764282282e-07,44.77302874531185,0.29138993504944105,1.8349498683407914,40.30221576503001,11.426107903309788,0.0009009571057222465,0.2561813155134381,1.063655818825998,0.7669541007222325,3.8940599519347874,1.0580178790663934
893,0.8587678088058777,1.4391150856745445,0.031737984986286855,1.0688835482130215,0.04683244694171728,24.152153288728552,59.34334734208202,0.08083233272325699,28.096439053388377,2.7103568591524164e-07,39.270786228585926,0.25446121722820614,1.8329353271503541,34.67484917671275,10.434600633460565,0.0006980916325824585,0.29698513030239354,0.9252945185802784,0.7601709958279843,3.9090935680112384,0.9412016606952393
894,0.680110891748594,1.2661315234260895,0.027447556811055516,1.0073791936079717,0.053771502570887156,28.192437424924176,52.88372945343544,0.07630717294983536,31.42419621683578,2.4259214384333437e-07,38.872281396526034,0.31046270952969585,1.9692949784571212,45.9090961861165,12.858421957742111,0.0008463525836059102,0.2896155341790678,0.9799158858079419,0.8657396545125249,4.3128034235039205,0.9355689850713669
895,0.7657733493553217,1.3033735844689642,0.029653724131273537,1.0610173073862361,0.056313068426519675,21.859524014981222,51.29835286603114,0.08423169714403705,29.13714183247266,3.193368523364646e-07,50.96374363670848,0.2802256744839442,1.8013629673343703,40.983482128079466,12.739367094968982,0.0008772657920495386,0.29179169136831207,0.8530166007944671,0.88523137142252,3.8802424492650065,1.0092607093122918
896,0.7065207497426115,1.3537714084178674,0.02582470568066276,1.009591595583819,0.05234548730774104,26.821644340516368,54.28444741641279,0.08095181375221619,26.580161274496053,4.8587417879422224e-08,39.94487771326119,0.24311073710248315,1.7048289715545346,40.009143428947894,13.541858110900877,0.000902412810545694,0.2709626991372162,1.1390084540339112,0.8151441779230972,4.104567389514371,1.1330261351057467
897,0.8389700504126995,1.3440045375536234,0.031650798497116245,1.0160146967104522,0.04674643572082654,25.18817507964719,55.853973959921994,0.06811271179853313,23.98843215867516,8.779900564176378e-07,51.68013736388682,0.2540838665484667,1.939932596942153,42.12099852021365,11.485881722717295,0.0009096059614274957,0.28013673258952837,0.9549590621476777,0.7907262707981764,4.168614880275499,1.0068447074385316
898,0.7976289548726097,1.140394072007339,0.033679743336011495,1.1056553459855585,0.050831182249487884,22.51947890179135,51.83059942363182,0.07481393131960419,26.280888282115658,2.228624218944488e-07,46.95992131860874,0.30605197967793324,2.1857596214552317,40.55549173294811,10.408627265679229,0.0009115927114163371,0.27915930716567805,1.054816816319464,0.8161552287586141,3.678351469697246,1.0189452187770291
899,0.7391919066930372,1.468896547931614,0.03204110062061267,1.0220134429138197,0.04835126836626462,21.48111107290057,56.290404211263564,0.08358323701569986,24.240992908280592,7.087064212800087e-07,38.878957221324754,0.25158610585290003,1.7690114265743326,42.971748984746405,12.36539822849613,0.0008126683478726196,0.2582212502132461,1.0600207268551018,0.7596620013148571,3.519537503672403,1.107068065913487
900,0.7858407890642767,1.3278919195909686,0.033818596464827315,1.039704202456781,0.04432495433830977,27.744450581654597,48.32837706217503,0.09091219449165176,26.37103581017156,4.745308969391252e-07,44.32987077166039,0.2932953152249368,2.1573699218809796,43.32062952178925,11.581978103523511,0.0006849830142037683,0.258035945252553,1.0947005362771247,0.8770870069702276,3.9080744574483846,1.1128298892197641
901,0.7156774634840125,1.4204027857536348,0.03323600994174342,1.080348336056903,0.05064495487210356,26.949925668819727,48.33663615770188,0.07350195567518229,27.131381472929537,7.674473271275867e-07,51.3019575552746,0.26554467056355807,1.7432501215291085,45.36350586632157,11.619594305955518,0.0007835134946495264,0.2647874992276934,1.062274901334274,0.8017530906261944,4.337915290199411,0.8915867888719293
902,0.8207571088001053,1.4423758974939038,0.026587956617638405,1.121577079105582,0.054023205894563366,22.554517290726718,47.53058296777826,0.08173098397327343,25.609837463130212,4.1983284709892654e-07,44.610080513407226,0.2425263691801451,2.2479644574064395,42.06051889265388,12.81803063400236,0.0008334671789029046,0.2971720334898381,1.068119921672923,0.8052325019335524,3.414532382727957,1.1311843641605501
903,0.7432944909445489,1.109375740355582,0.03266001217366945,1.034302550407847,0.05745724510880001,28.734378674025013,56.913361848671926,0.07305021355779853,24.876691325111263,1.4104488023930128e-07,43.299639038388655,0.2855837363368507,2.088529477275112,37.45153286067253,11.573724173988719,0.0007840044308021751,0.29941080901653894,0.9852283930417353,0.8435297306472107,3.5399187212944705,1.1046178936638626
904,0.7016134090348262,1.1240822494235345,0.03148992067148731,1.0190132459025267,0.04361954163272403,21.606246889358115,57.28516205976377,0.06965348974039284,26.21365555513568,5.734694412375762e-07,46.5459736362959,0.28306078175587196,1.9449759973444691,35.120141841272535,10.683977854816971,0.0007010205767727265,0.2935391779408453,1.0634293147061318,0.7757685289853415,4.417070581394614,0.8869620971557973
905,0.8475201801879642,1.2556006918250215,0.02572493871228958,1.0407663219593222,0.05308553958355691,24.871044978411348,59.706739290598684,0.08528884460922287,28.16941802943941,1.3988719318313146e-07,39.52257547282719,0.2587953407443078,1.8086691764125618,41.56445956142671,11.080407079318165,0.0008483512418557655,0.26619345048108717,0.9399966794921968,0.857271202417182,4.09355585772804,0.8719266988366098
906,0.7489579471710565,1.2719892543227025,0.02590271967649353,1.0186984435557056,0.05622553235258992,21.96869865133985,62.81176143417046,0.07413546089631129,31.800194298961564,6.636751150850298e-07,44.17928365500519,0.2958174666661086,2.1815808941352115,34.968722011695675,12.883651610113533,0.0007738209782460311,0.2757379044083884,0.8828451837338,0.890492195500958,4.252815038384375,1.0939820571517052
907,0.6888568264968159,1.4948923387889637,0.031393628389406784,1.1051286490253156,0.04464137567279301,27.420227590424997,52.987026281964745,0.07557103293092998,26.510457814379972,7.27452448278469e-07,39.456296827548506,0.23104918018957502,2.1580359289271795,37.782745221052835,11.830083373319418,0.0007171269570658689,0.2945981937432277,0.8762972775767325,0.8020047580735117,4.335020347938873,1.1108896511583752
908,0.7142208068386916,1.1676782326645185,0.032189315007005385,1.0066142530443787,0.05282931278942335,23.554170281807032,54.474501852492615,0.08390094836178412,30.148496450000064,3.042780116624135e-07,51.10857955297791,0.2780649822009825,1.95458995460882,42.979872567813,11.797056573994114,0.0006999770041090453,0.25810939689629087,1.1062240178405003,0.8485892505245083,3.782783079298241,1.0948670269796366
909,0.8518797320126876,1.2845415920227783,0.032336184932808335,1.0794571068448575,0.05361474270371256,27.9434463316773,57.41987275930639,0.08816765857140776,27.14472009444175,4.3836397555989225e-07,51.1352740540584,0.2346166770174861,2.1835853572131327,40.886308950623466,12.581688159588744,0.0008789126167239957,0.2662484840313395,1.03482945706972,0.796891945684955,4.446243058388823,0.873148055445896
910,0.7361648760094156,1.1551010567578675,0.03287792658705709,1.0590069055414983,0.044063793461694284,22.99084766919407,51.593114619156424,0.07292593596956114,24.62787046754347,7.093346892624753e-07,50.517611615913594,0.24380624537924195,2.054222035822766,45.547556718332,11.215523716948361,0.0007437470790951486,0.2795865881005898,0.9057303061908349,0.8221675741975429,3.8637495638348613,1.1362228799923413
911,0.8633782340172673,1.3092435209926987,0.02907821177657478,1.0131690425300905,0.05321689198058352,26.21317271465691,57.2549597248192,0.09033762853972947,30.350301483316414,2.606437784507759e-07,49.56594122286192,0.2888873621448775,2.028575528622536,38.43266218752469,12.322325281134423,0.000897069577150163,0.2986027512370764,1.0852460065741298,0.858418784642764,4.130776119090967,0.9651037764993182
912,0.7780693494481485,1.301876064075035,0.03135734048359488,1.142381929578554,0.0471222336993735,23.393033688116553,53.45910456351185,0.09027856149125772,29.880593654298803,4.596377717679969e-07,46.60847205859323,0.22967393038693054,2.2457220345980002,35.285034882242236,12.413517432217404,0.0007842230410432847,0.2705790250940104,1.0207609922553156,0.8011870693395888,3.750942465517087,1.047262568699677
913,0.9049533228585651,1.3671335623108343,0.03403061191084452,1.1177128920447992,0.04667003752513286,25.697288763727833,52.36096142913662,0.08849528112812387,26.12385846265749,2.6243930648431235e-07,38.81833946764434,0.28092785197070735,2.1239147952675625,36.31584475373508,10.6506500185298,0.0007368112856188252,0.2964759852883305,0.8878170596673085,0.8318078034320464,3.4853085846811704,0.9792957170603571
914,0.6932961834732817,1.3723907936488975,0.030518672379451883,1.064424541333388,0.04495825559947377,27.71733078349116,53.109530500663745,0.07622202468218345,24.829882801465928,9.536045047759079e-07,48.57334951435104,0.24525099244042664,1.8908386567746795,44.72331550048086,13.162270619344428,0.0007743548409642231,0.26389580905999865,0.9455766604033106,0.833042784169373,3.6116665728974424,0.8964013108342007
915,0.886531108389044,1.1184691132368463,0.030230421314342202,1.0991910177968474,0.05636509860449081,27.074454059022074,56.74636518539438,0.09020253914169007,26.699244928187255,9.245122148158069e-07,40.263380965580744,0.24114343591531143,1.9082255690446766,37.012221675779365,12.68869821549866,0.0008817022644276112,0.28667096035916384,1.1213845646243001,0.773735604828824,4.053190208776151,1.039478320624608
916,0.7137438154985984,1.4948382692446687,0.02568435498657623,1.1115675924253718,0.04801378687886151,26.42160439713486,51.853490385346376,0.08884333241227257,24.392516295203162,3.3013910941251067e-07,41.30578676288913,0.23764078452291193,2.2907483743841937,36.26305583470768,12.871665637804433,0.0007411578659870045,0.2557446513816633,1.1301273281495592,0.8687349460118531,3.8629911613159074,0.8940291428432352
917,0.9161149881835043,1.3324692091634276,0.025922392715769443,1.0738943819265607,0.04531250249481717,26.080723134701426,61.16382074610034,0.078323972844999,31.244182510938543,2.0789568795473655e-07,39.22460501397141,0.25877123373266553,1.7184421486243797,38.77311045716946,11.725387688695314,0.0007054935143138621,0.29161983928022084,0.9313614421203442,0.8036331723509343,4.150179740272164,0.9073463003740734
918,0.7114434961819722,1.4125466214261897,0.027099019104979402,1.0973277993522894,0.056740856193939974,24.550960778084747,58.49562147735825,0.07945893527888416,27.181947362250458,5.313471135803489e-07,38.820988670688024,0.24765315381704278,2.2367914589999063,44.2587876523218,13.641472212055302,0.0009014900479266741,0.29884020717305015,0.9982843229857371,0.7885293210701988,3.978798561876593,0.8863516445091583
919,0.6839197588412917,1.1788300503967393,0.02576402352856075,1.111536293395198,0.05435408744743963,23.149599888573054,54.378433445283704,0.0916374762053005,29.791507273647007,2.3361622980114425e-07,45.725081891649744,0.2849034582128649,1.787278501069615,36.97271185309257,11.600478714611658,0.0008743179053683041,0.27087106440302494,1.0874081295881464,0.8164174866294603,4.51825216569277,1.01202144282608
920,0.8817134641069158,1.4523058659572634,0.03151716969645023,1.115624646245086,0.04467904031945202,23.21661231453736,57.935403023325485,0.07178776774928637,27.97537891774434,2.551690980758916e-07,46.792958763633536,0.25295668280918615,2.0308603374602088,45.69928025464969,13.4850689785716,0.0008304486440991524,0.2672832925757009,0.9351454930944778,0.8026001839890684,4.378891162214439,1.1249411763183952
921,0.8957205895442077,1.489287703101773,0.02926516003881051,1.0696718431557761,0.04551478293033772,25.598583769412546,62.89101110845824,0.0856946637299763,30.64905128644555,9.02063606717385e-07,44.15038585647105,0.25139391838752567,1.90640382301624,39.37841012860006,11.526754753915892,0.0007142075142100897,0.27778315512298296,1.1492190975735086,0.8013124269687878,4.150635852156557,1.0360530085911057
922,0.6990882726913412,1.125194100665025,0.03279756540535126,1.0253048238753064,0.05376760181026903,27.12397844180834,51.86486702404237,0.08526773538595622,31.586133069684955,1.3380420535999726e-07,47.027613566290306,0.29137421333990804,2.0698385983312932,34.50958497585611,11.14811713701337,0.0006911016636448468,0.25996713863467064,1.0611268937396579,0.7901192665284106,4.04760990738505,0.9689052473144238
923,0.6824698156710958,1.2354554773478794,0.031127426338003743,1.0836620931154033,0.05291527323200031,22.871185565686172,52.04507069703438,0.07396112499265582,29.672406048259415,6.542111714083572e-07,50.0610164834758,0.2631917846567358,2.106143662935459,37.81925539209815,11.877842059530256,0.0008457859032830481,0.2837378102134807,1.140960576165907,0.7781970121883238,3.9106429503158426,1.144305003932896
924,0.8549378401402229,1.113271831968639,0.02776150075041011,1.0790976352684987,0.05609399021956574,28.474730568997366,61.25020990111509,0.08420971073267057,27.819101013621843,7.576148890304255e-07,51.348074537987515,0.29666582948577885,1.9982618741491536,44.85432762180953,13.30158569830557,0.0008353826355286316,0.28010079398469157,1.1276768340131382,0.8586116347410166,3.615468808010941,0.9106218499108457
925,0.7885155168613487,1.2234836135987261,0.030125652876790796,1.0421115203613949,0.05330536263056775,22.87923447440658,62.617030466987295,0.07000188648250015,29.604175728780657,8.228422780789954e-07,40.53055085690937,0.2551837647006446,2.0343106000843556,41.10258103736671,11.476953907403972,0.0008751790624548263,0.2789443196656234,1.062004120755014,0.836861510805425,3.4634578393571718,1.0380571656395963
926,0.7547657534605691,1.3841348343032638,0.03437236967944479,1.119560562390789,0.05642362191278085,23.64171821305308,61.1539039849516,0.079943919355019,24.319228128786474,3.427994686198252e-07,42.35862544492486,0.30171317842009443,1.9182562280383166,45.461755772564,11.8518946363213,0.000693097954746798,0.2813351971269918,0.8892873698868917,0.8828418282810963,3.461904375161141,0.9873930283923739
927,0.8741028704834037,1.218426976519404,0.03269146494717452,1.121939682207852,0.048449423220466116,24.051751822492285,59.927290680677146,0.07729689432650963,24.438003690871938,5.926389129052544e-07,42.31707395694134,0.28611249208887296,1.7591299994908685,36.53188871632422,13.072803803440328,0.0007639596813713507,0.29396521533225267,1.1342257025967437,0.8580183327341541,4.327560498147009,0.9416050829215193
928,0.8006070909335311,1.2754483821980116,0.027191794875641023,1.0090917351871893,0.044065873087284504,24.00752253002397,47.41593944279298,0.0845692257532655,23.8863488943407,8.552656512655186e-07,41.81943405999125,0.3080991584864729,2.115123158230755,43.47615377303952,13.601349547308777,0.0008093658232572793,0.26288385640421313,0.9835729278801193,0.8750223138522473,3.825449548611401,0.8801236410972163
929,0.7775860047864233,1.383972820466253,0.02982999992386145,1.0224692679870326,0.055112119043513395,28.56626960870047,62.701619304659715,0.07371768410748197,28.788343445954727,6.799872273269936e-07,48.956916781470035,0.23811999613885262,1.8510282430243332,42.637205133318155,12.764296481008545,0.0007150226798891454,0.2940245789588955,1.0276728631697052,0.794910485385872,3.4591094359061323,0.9869945883428785
930,0.887806108594238,1.3730545218137993,0.03245491864341698,1.0676563278313898,0.048866924737362684,25.894218970008616,48.36891873911855,0.086137037585088,27.874784196879922,5.966305488220458e-08,47.94932713841908,0.29666155079830886,1.9559729988889591,45.32795471711354,10.942806247408381,0.0006988425115144914,0.2971606037473757,1.0764219853817998,0.8630438484204844,3.8585521722309815,1.1310198101089144
931,0.6852332829932608,1.2575431288756904,0.03354583283769109,1.1405952543613407,0.052744990915676526,28.743172814986263,62.27557986481453,0.08412733836629231,24.12958403317726,1.4085123462552417e-08,49.524354019327134,0.30468174811008,2.1666578061614032,37.17416077140844,11.433851562519706,0.0008910817702983794,0.2816594764499771,0.9929759059070523,0.7662868056017135,3.4785151505195864,1.0516431125025283
932,0.7159896033029596,1.248803101765483,0.02564270079545085,1.032723149400741,0.04641955055695854,26.307166078943276,47.021360639479816,0.06852736006524524,31.42112454325089,8.385655212276655e-07,50.198321512177834,0.3081211457716172,1.824661181251079,36.541777536005554,11.425365640127414,0.0006913868021568663,0.28825027282056126,0.9211730570261695,0.795173307463408,4.110903319726035,0.9187762643480076
933,0.8179912704500719,1.1751227321150488,0.030739865238542597,1.0493790830414749,0.046067575822186284,23.844174039611723,60.00235372740564,0.08566080766466835,25.80657657626919,5.489101790125848e-07,45.12573501319249,0.30127251547199135,1.996654824444012,34.52048406616274,11.256634720358317,0.0006826684159263717,0.2753594475182924,1.0488350258180852,0.7635075388888387,3.448310232765375,1.0490380698544313
934,0.8600186822555334,1.1804832045313949,0.031912384420845805,1.067957617123992,0.05396735716781099,22.717116670223856,47.62988511561582,0.06911388028606588,27.388854465479266,4.532870066479686e-07,41.11145648660632,0.26291343799009786,2.025804064783136,35.581739890216745,12.222060713939932,0.0008840133619511854,0.2884715071197017,1.0073412084773445,0.8869013162831875,4.423796657828182,0.9812358062249814
935,0.7456746628083011,1.1808208861522043,0.03238569719190871,1.03814559406325,0.05669315514297037,22.448574493255666,47.25171140525112,0.08482208890797195,29.736999771122356,3.11017194765117e-07,43.547234923175374,0.2559824118120814,2.1906914117214122,39.778546278307175,11.700501935917586,0.0007707903292161291,0.2661544468253489,1.09925835949802,0.8637119489227228,4.327831459591594,0.994688127552988
936,0.6957444719235886,1.1663612530611114,0.028167334356972936,1.0156750485379864,0.05223924051033805,26.96808242635752,53.86463280768469,0.08119206519332792,30.528362529031572,8.037112625265732e-07,51.054830426638574,0.2609562302242728,2.0879341210333147,35.22112205009199,11.777794817859723,0.0008196283362241321,0.28516684389929864,0.9001714377424822,0.8586906946346948,4.249700936937743,0.9624352262805146
937,0.7492167968687902,1.246849902247489,0.028613378134537303,1.0606532906047665,0.04895731956883537,25.52215736993237,56.7855992872257,0.07350752947168773,30.373856072283584,1.4735069329534134e-07,39.5625162568401,0.2650810214878935,1.9650322659588575,44.271267404625675,13.728202971786395,0.0008723141320192917,0.2775926305950069,1.1205589707674992,0.8331407279306406,3.536328749344292,1.031433015920078
938,0.8496023434315909,1.2956523942882343,0.025804038766525483,1.0910234351878298,0.042912788961740576,23.664893702520786,51.900604172742575,0.06929635423862589,26.948087918214007,6.131321525265648e-07,39.73613372640337,0.2557100187729296,2.1632300855612363,40.34792126657948,10.235594683830872,0.0006874180942561974,0.26380030152344336,0.9368946342862676,0.8944676841926252,3.7439020084220114,0.9754623258348455
939,0.8454946320135059,1.3757839497748223,0.030129305960130658,1.1332629914858923,0.048569918392711055,27.33604983793937,53.55803834272811,0.08697873376555218,30.761591806966567,8.377557673490148e-07,40.53167059712446,0.24975471639934327,1.8850768446203432,34.242128794560195,10.451822044410376,0.000735745056602293,0.2704142163595501,0.978053380572648,0.7587184327624318,4.125006903684904,1.0810368085119508
940,0.8480458026254988,1.337344057309552,0.02903171181891293,1.045041210225271,0.04798610809639401,24.37607542307618,59.795342837845716,0.08510282925627083,31.77105388239,1.79110061059925e-07,45.45888393698084,0.2740916052625045,2.0936901231736686,44.270556753189354,13.019134224400398,0.0008735859096847084,0.27296564077673535,1.119633916878119,0.8533503850095259,4.398548300562813,0.9376511494300269
941,0.8170314565406159,1.4011975430938521,0.03324737466917405,1.0701066485750415,0.05522936548234706,22.732117344628115,48.42603990355313,0.07017372591617839,23.919219561981333,5.824014765955922e-07,43.95625192002368,0.2960134767351867,2.0680331220017227,44.40575229485772,12.39372229849056,0.0007769238292054641,0.27682591708068177,1.0477039391680665,0.8333721109463869,4.003828378289181,1.0569447933392315
942,0.7665766129722953,1.1771357827481668,0.02721292603537043,1.141971525723346,0.056312699186820525,26.38496611278747,62.71235297665005,0.09004503085674027,24.95892527326806,9.86157778575534e-07,51.39700142269422,0.2473312414294329,2.043490301953418,42.3044297464822,10.964559471666577,0.0008659949503762567,0.26593179981163834,1.102086476842103,0.8681985191265924,4.559125729204538,0.9818212474797728
943,0.744974015641282,1.317123876493044,0.03318853163033488,1.1327065576399273,0.053179201486699634,21.60780030785772,60.102669709144585,0.08263290766648564,27.802171908281238,7.15083336632312e-07,44.85993964032791,0.24882497353127048,1.9068238442294887,41.114102975415925,10.269870113160197,0.0009151849015442828,0.2591652827362851,1.148007503260282,0.7814545642032149,4.3672963212000955,1.085507444715807
944,0.9183994889997762,1.473014400988063,0.032247814634792066,1.0994959457992362,0.056219429762028886,25.32903548296075,53.85388533454831,0.07845732178634299,30.197617156759886,7.516078238293197e-07,51.186367035511026,0.25528237389540936,1.9196999112653053,39.120022309172796,12.171351331717121,0.0008357306010468499,0.2740932652350384,0.9487899446020319,0.8524740867364149,4.049310927503541,1.0664388741699655
945,0.7324520155361135,1.2048851522967585,0.031812433145788375,1.0888324683177473,0.04332486280617374,24.253740390628803,52.78203778601303,0.07594051497485077,30.86151832964836,3.5413731117821034e-07,42.46263981218227,0.26448460479819624,2.2808230303069648,41.85461454713182,10.856693666094554,0.0009103194278537079,0.2799710481878761,0.8840043900651094,0.7654021458568102,3.9486774619072036,1.1183669492901693
946,0.8142073510916785,1.4412563251488257,0.027505200853602467,1.041288246185584,0.051406422433357066,25.244992534287157,46.795651807959246,0.08968741023810774,27.48537545214471,2.6789428742333085e-07,51.32358838766478,0.2633623332451744,2.273324759026763,39.28012981692476,12.090546350188399,0.0007257645023954393,0.2714670532251654,0.8603427678868586,0.8631640416643701,4.4852829266446905,0.9679766913532906
947,0.8528051126825009,1.3038939002862808,0.0314517193576403,1.0872372657865599,0.04633944875676674,28.7443331155389,53.24490939970016,0.0789782335719335,29.87037259791486,2.6095540786515367e-07,45.33403049164524,0.2945401434609099,1.7081353843052738,44.92838479305357,10.371547127441062,0.0006949129874481793,0.26225729840332945,0.8562012252058034,0.7625142155146156,3.753089002587338,1.0422755392031688
948,0.8780999089755719,1.3348800571089752,0.025816117646302556,1.067123162904483,0.04294533731201029,26.861383101929412,50.75838209505313,0.08594977511383774,26.678650582421533,2.009423702409645e-07,41.482309518641635,0.24714110261060865,1.7726109721560332,44.35789695230628,12.362091872212225,0.0007493505093623863,0.2737738432269608,0.9352652881603313,0.8223272244182777,3.730430126046954,0.8565386604464527
949,0.746075503784029,1.3314690844723145,0.028791456778735947,1.0076648297794606,0.056526003494285056,22.61245292726817,55.522475308050815,0.08174890778009983,24.085726153208615,5.230591689471753e-07,49.682495136856176,0.2899654071061875,2.110705507902676,36.25275590760906,12.774330861764906,0.000737949082676208,0.2994871763759268,1.0923221766138154,0.8825396657156324,4.170718189776315,0.9203013997825095
950,0.8009750261187856,1.4783057082403341,0.032925770765983575,1.1274778859940384,0.0453567793752599,27.251365752663347,55.22679814312604,0.07620340707020747,30.076561074605657,8.73950325771906e-07,48.10980785211914,0.2393852416198353,1.8259099035928024,38.413337182162614,11.127337135147545,0.0008291124927215593,0.2594110600226592,1.0680636426247767,0.7920077089916456,4.126921987534673,1.0864634610053407
951,0.8041632896629247,1.4347937125967236,0.028979050937871065,1.1235990972608358,0.04716506137855557,24.102915656883926,61.303485602069465,0.07300708565832141,26.6402206986473,5.958441882303111e-08,47.035324652200345,0.24998078801752632,2.1298245120357095,38.42918362566683,11.104412726149215,0.0008034884460867433,0.2616748998083804,1.1013942413966826,0.8092725184762042,3.452426008302702,1.0824397096266085
952,0.7152484603213867,1.390673161615198,0.03269604764722579,1.1495800679722572,0.052079536694582915,24.378717435057823,62.35780830100882,0.07475613189736596,26.82514823205149,4.6708667788826714e-07,44.239517826201634,0.25495742179154435,1.7550922983921708,45.6918914716721,10.99166714742041,0.0007224031075276154,0.28757229196765094,0.9570538651084075,0.8552422910256249,4.514142532124638,1.0543045681382937
953,0.8425361133446977,1.2991761758202114,0.02783573914072691,1.0703145196294144,0.04360143533566012,26.58461688587433,53.354624984737015,0.08508006585456704,31.21797262998906,7.606297911509565e-07,46.857814583095845,0.2705426921016322,1.729407521688355,39.80019695849346,11.975823341675007,0.0008580545219772671,0.279057976554562,0.9155813705949994,0.804931581546793,4.587640927316542,1.1368701859896417
954,0.6857321746669387,1.1825058826785522,0.03079919672425444,1.099900278346351,0.057400621744655426,28.151081768528908,53.15858211507964,0.08430204649410582,28.418493151833527,3.875647987417251e-07,40.91834491471369,0.2366744661948627,1.9263201237561995,38.60571797967887,10.455506164872816,0.0007637844063994568,0.26134513187565706,1.1126136882115965,0.8624955850730934,3.961488504911514,1.0903869598683258
955,0.7922877962165684,1.2754726321286207,0.0333011696668387,1.1281553917848057,0.0501626212084024,27.155869669826213,60.78030321724776,0.08453253203451983,29.141242634305005,7.861173573719853e-07,45.49819285170072,0.3022753834335476,2.096527807371558,40.01192951599183,10.518010625929096,0.0009035180989064265,0.29989225900870525,0.9330975979640765,0.8856964530272456,4.254708967014843,0.9397350475908487
956,0.6864627143637948,1.1811026209114164,0.027963623178507292,1.0592468317167103,0.05504571650703048,23.072963274740932,61.2313210404566,0.08700367717003163,29.743313029221422,3.0380053117976403e-07,46.995360648113916,0.30250307165381674,1.8186872697150767,36.799655464813135,11.763032920538034,0.0009052290230814656,0.2607672429697086,0.9855017461715231,0.814447887872549,3.7539442739998794,0.9719384860587357
957,0.8409424903837973,1.1608667650237956,0.03406524993614972,1.1118399194477036,0.046779170917245705,21.766851241787762,55.0133130032626,0.08744460970475591,26.415973148803133,6.30016337127379e-07,42.86883796947767,0.30576504582897784,2.1828460082584114,43.228625251173106,10.476042457777568,0.0007648731213310621,0.29845397618248515,1.091532823554529,0.8241902420271547,3.828974616572254,0.9006534080918
958,0.8683301330706807,1.218082088905572,0.03146852514092293,1.081399978870946,0.048070174405184886,21.405868706189487,57.49393529039367,0.071791117645738,26.43970340881866,4.1802951357694116e-07,49.530102612671676,0.24848320692345577,2.0020206223841943,45.227154328150846,11.663089010535597,0.0006814006144514268,0.2808532393779345,1.0071515413147845,0.7627875974568435,3.888171390714201,0.8806542808555757
959,0.8748153477896581,1.4560698214360834,0.03312289267535557,1.0662182395844473,0.05346005165518766,23.570881428898254,52.06137178343005,0.08227537340112154,28.933423721049977,6.997367489460795e-07,47.91098557463891,0.29887361853682015,2.0851211042074698,43.78631479010721,11.439312046342547,0.0006894389763016874,0.26224721441240423,1.0566255193608254,0.8460009084882696,4.304576769329932,0.856799093367393
960,0.7270090067241393,1.2820725466779272,0.031441286955043564,1.026849284913443,0.05603978869039281,27.6232771950382,62.994204491632374,0.0912084659219385,27.68889090507325,2.505706498867562e-07,46.390193925974,0.2799606619356791,2.1049193618317714,44.87833394122076,11.547998577783243,0.0007105485356620976,0.29715677852787004,1.0888769172017496,0.8526477628634584,4.0863534141625815,0.9272757527974477
961,0.8875465557191106,1.4136023716033284,0.02913882933693854,1.085825616576688,0.04418120106050006,27.700996503058104,54.96994720119043,0.07667279396175485,29.849951565657108,5.030317277901553e-07,40.002040146313554,0.25388086422701406,1.885226157221787,34.366412734776375,12.86128834663724,0.0007186568670039766,0.27323464479251397,0.9991623443859996,0.7974926069620575,4.2656989547087605,0.9148862657638898
962,0.7524888165596026,1.1807935534861564,0.03395991982620092,1.0573820127900995,0.05687085992261031,24.259152419871587,47.10346087205122,0.09040443576705803,28.48108376469676,9.073820655176619e-07,39.24822704147304,0.25008243385242046,1.8695913047211543,39.51157301223915,11.970126049837706,0.0007380459430075234,0.2857106798868533,1.0967493010669291,0.8316918312609902,4.2777356163648,1.0782264229432152
963,0.755729136511948,1.3695139693133973,0.027171381336517038,1.0659472188212966,0.050769581483241025,25.464630531899786,48.99834218311978,0.08197676773135094,28.116634007723004,3.4924259776871424e-07,47.68478224429171,0.25374216094939805,2.067800363949077,43.41908812970389,10.516865674646054,0.0008317470086011599,0.2780832926232652,0.8597019701976835,0.8561369217724074,3.91999615754225,0.8896032910802555
964,0.8395746032670619,1.1406896576517827,0.026063422911265573,1.0953363858084384,0.04556477220369863,27.514342333960773,61.2442187277205,0.06923058312359591,23.87244969107738,8.917933858884351e-07,45.90438129229979,0.23127621882916896,2.27518207319059,40.443488962665135,13.244343701261943,0.0008625977933576405,0.2882190873387031,0.8898955443484293,0.8782798604240087,3.980249611569598,0.9037708737396272
965,0.846916145274709,1.1550125087974021,0.027217033560978286,1.0775815144647658,0.054714630115387596,24.90429533199254,54.01304242818745,0.08504581566018632,30.21691123337025,6.220651205007697e-07,49.02120977998147,0.252227934633525,2.1169171369442035,35.990916881452435,10.586823765893126,0.000890228131486084,0.29118168010771217,1.111228143488679,0.8236175277198394,4.305419394530724,1.1405181172311518
966,0.8444800054539077,1.1875092516602894,0.03280076535050552,1.0913419934110593,0.04620762675338103,24.469172790155884,60.22032950382168,0.07974446638777037,26.318299849935205,4.201174545074413e-07,47.075820646683965,0.2348462261318687,1.8163130303880797,42.074551008587875,12.060394800929958,0.0007851853540169857,0.28693915136955517,1.1499702781945766,0.8327124891311651,4.183673490056853,1.0135926154285593
967,0.8162878928168399,1.2147266580373206,0.0342012004279556,1.0200077502079332,0.04622936507172495,21.927257580058992,55.735405910841834,0.0846121282673054,30.933463847480766,5.232965383042284e-07,48.56444378501599,0.3089822455480144,1.949109121332791,37.21178404543872,10.249888381538938,0.0008107968576101683,0.29240182953062477,1.0213092699510906,0.7634090622045248,3.554756339254294,1.0877251009571636
968,0.837092743236087,1.1559419127419932,0.03342496878323852,1.0210506894445137,0.04992560560454922,24.129072280490604,48.49814377284413,0.07866902111947519,30.041582015907277,6.826753421916106e-07,39.47157120830964,0.3008874295649918,2.269946739775952,45.9593634479208,11.640981739537347,0.0008459908574212102,0.2821751608680765,1.0083762436686803,0.8479152633335417,4.3749964281577,0.9842628455473049
969,0.8811854582017911,1.1489439212553125,0.03131137403446472,1.0816239765784519,0.04368899473233264,22.97366329857949,53.550155438972176,0.09012195495435997,30.28957119638885,3.616286844079003e-07,48.45209325088451,0.24649507416307753,2.179127131715848,43.796352577107406,13.653603605799926,0.000691930669385982,0.2561395506345159,0.9533290747089939,0.8849245053266915,3.8774207770549833,1.0855069887818436
970,0.7657289006035931,1.443709406971763,0.026477465789507215,1.1254114781664013,0.05264188256032521,23.04234682745891,57.9406955153191,0.07454706659748184,29.52220368426334,8.881276124430328e-07,50.67606507903516,0.24612814856331494,1.855854971946159,39.422327667539584,12.426559012262462,0.0007430705956434387,0.2712924156202141,1.135660574342399,0.7901514979115236,4.441655784492743,0.9173765288795084
971,0.8795208139690748,1.3075530798293897,0.03102051850965452,1.0600925612325283,0.049135781050998494,25.039528355420007,55.87562901839344,0.06943661522331167,25.165497517297936,7.073645729075119e-07,43.297183237256554,0.30304253445687407,1.9894940212340064,36.0780946121078,12.129261276625172,0.0008716338981811416,0.28338808463706444,1.068008751977989,0.8280109973071519,4.571166615504507,1.0570719285765933
972,0.862104106675497,1.177181488292126,0.031042780677367758,1.1449965009099634,0.051550581114856296,24.891399923834065,59.76451600743605,0.08034303383644745,31.46189692719771,2.037069496828602e-07,45.58182187427169,0.27661902198581545,1.8541117568445138,41.700130019485584,12.147505043722854,0.0008377736285225011,0.2593317014667211,0.9235293712183781,0.8842316218873937,4.220556818551046,0.8738580833011661
973,0.7387352415875721,1.1625102681899857,0.02896491186418772,1.1059914396083987,0.04403157998693583,27.6542797221033,59.840576152215725,0.09193644722848272,24.41732661651587,8.857397413829681e-07,44.42214622187603,0.29039522526840683,2.0780517802730416,40.13585234952847,11.645802505862259,0.0007419544735446761,0.2965352091653253,0.8978433643223369,0.8692199556835386,4.517624819359781,1.047929550488128
974,0.7156268537477593,1.3131206309827477,0.03216802361530436,1.1061140395687958,0.04440093524624407,28.280527502469496,54.87654454911606,0.07108753523548968,29.049728482812736,3.699551659862404e-07,41.85683853570006,0.2576409248186259,1.9023341512927086,38.52301175123267,12.00087000682694,0.0006864473658501945,0.26594673185127155,0.8684740461681358,0.816987533265109,3.798140578645677,0.9175143737918453
975,0.8493789331888254,1.3063173749725272,0.026877125930599564,1.1356448378689246,0.0539945017337731,25.137228356903794,62.409134654741216,0.08649674791125415,27.52911179895503,2.9782406349432056e-07,38.83208459073959,0.23349527929457012,1.9223605858657726,39.24224396560212,12.783477123076766,0.0008848086333970875,0.27062612022226085,0.8766713067838261,0.757772072927177,4.168525893640647,0.8519955051090726
976,0.7984797385109114,1.2581424348918113,0.029138867155316262,1.0216874479328193,0.046867839525451344,25.80668398509492,55.63607526945169,0.08667874702388947,24.11726840799264,5.631810175406172e-07,46.82698176474709,0.2369453405700985,2.2863737940187474,37.73009086289352,13.050869968870046,0.0008473370459455132,0.28562961423502925,0.9240935130326118,0.7579603497085258,4.065091655242255,0.8565389130580074
977,0.7289895739301059,1.476390881816098,0.03182929404829685,1.1205151895566539,0.0493071776935837,21.65836782564518,61.99507344941122,0.08553427810670743,28.081955653374685,8.425337708544822e-08,39.04566702041936,0.23386748446110855,1.7899154079565598,39.02505864386216,12.819541550736654,0.0008718831039286312,0.26835791073172566,0.8531966702325037,0.7660462506490784,3.563099499354039,1.0614704531945818
978,0.694947772560838,1.2744576285721045,0.028032809173477818,1.1007600943073876,0.04579238505308261,25.876838553960862,51.349062125533976,0.07601330088974238,25.548267036077515,6.42619431939312e-07,41.149593622400516,0.3081285667856103,1.8930459490761515,41.319952763254264,13.474424707618612,0.0007777192072419371,0.2937910408999211,0.8898997534981493,0.8878582611466214,3.9304046887575645,1.0690300203966796
979,0.8111676341612027,1.3112415160960054,0.03322238582409336,1.0293933015294097,0.043109242770186906,23.374401718744444,53.22445413888841,0.0825827709975755,31.04141905841017,2.517161390581302e-07,47.81887019313833,0.24172133424489062,2.1603475475779272,44.379663958667756,10.854533152057058,0.000813928458456553,0.2839873964041587,1.0801145589730592,0.8065092619017895,3.665230772349256,1.1148572446559164
980,0.869188603148213,1.1872477099242984,0.03254361217855914,1.0282312223760086,0.05128112142929179,27.527392420545223,58.886205542215166,0.08483748691049574,27.09096097053141,4.853697292990008e-07,38.97536199819556,0.2318299787196403,2.259040840047218,34.142938837987266,11.026185585653261,0.0009078564219476265,0.28176239598613606,1.131310861725138,0.8663495525540945,3.544883771840702,1.0608194248307927
981,0.8467288958149868,1.3179412909148767,0.025557180113443694,1.115012269524121,0.0468552959811728,26.514990501046686,48.472538287008824,0.07075504757849073,28.59723796416787,1.9480898230360898e-07,45.070611117846,0.26518925822442285,1.7398630682920517,34.134655387194094,12.555170334484698,0.0008163668470091707,0.2960845489252149,1.0262500732948472,0.8838404271223902,3.585373745359485,1.02944488831719
982,0.7573889204765234,1.3852236412550178,0.026822038930842212,1.0618745786822716,0.053252584010774325,22.89198010423956,53.28969809913103,0.0712503082995814,31.912413872069447,4.589194637130277e-07,41.63220517367713,0.27087416339024545,1.9853493419207229,38.07659113791145,12.618170075723787,0.0008021025165458395,0.2778868678643048,1.1029598901529678,0.889056783332487,4.260945047052042,1.01672271934838
983,0.7966722528181298,1.121329513208252,0.03151477985715018,1.082127581041521,0.051132273253164905,27.717019469904564,52.53705658973057,0.08136786236519077,25.358378303643637,1.2918021372681298e-07,43.18437822605078,0.24224423139547155,1.8162362400827055,38.806208207728005,13.693655165389405,0.0006825556994735961,0.2707770007957325,0.984092144269238,0.8912427123653345,3.8766683650021236,0.983288750182291
984,0.6814626948952826,1.3602370927326608,0.027912035355166818,1.1408640544336948,0.056209509932614185,27.673819227491688,57.99324171640514,0.09006827332611118,26.50943738307911,4.271805303337697e-07,40.774336200562296,0.2780503428315071,2.099995295399691,42.13097570671685,11.432497569757945,0.0008200385743916522,0.25778832541289165,1.068134113588176,0.8297787625807468,3.5686257873138674,0.9625459402597516
985,0.850863490247639,1.2148297978342921,0.029428120345981787,1.1314763640575805,0.047650329594842486,23.388978110661217,53.612675180354536,0.08890860867180539,31.249408370360758,4.2203874687073403e-07,39.6172553413965,0.23781289280750684,2.279406428787699,36.60330201672224,13.191288319255758,0.0007404203722073205,0.272064221888913,0.9936479171519316,0.8564302925594953,4.1234120756800445,0.9006737412088197
986,0.6820155716541992,1.207913186388594,0.03330103351473066,1.0763928266041518,0.0444639754673607,24.628575184880564,49.25435613956626,0.06931753359657013,26.47573988273396,9.525372899999841e-07,46.344482034967996,0.2886732090500313,1.7883234543921818,38.55142185297004,10.408641169217523,0.000880038176621536,0.28595341027685484,0.9812162989526041,0.8282679695738852,3.8961643263261214,0.9044428708252332
987,0.7154009340455619,1.1246224446926976,0.0327922733147902,1.0122452814969565,0.046244412213879864,25.651669524937404,63.156100789080995,0.07104272479524006,23.901045394993147,6.370668033257219e-07,45.873500877114694,0.2600139220451738,1.9032821252581726,37.0499368770514,13.273381020517881,0.0008420660528977495,0.27912848169889026,1.042201347295597,0.8865416254235647,4.522891163294394,0.8670216864223188
988,0.8114997688869365,1.203790031168996,0.02768330486856276,1.066922902457661,0.04930048091638742,24.393290563354196,53.615853698867454,0.08258820442977349,26.933536651144397,1.192843318181669e-07,39.56852505612102,0.237782638140939,2.027939496549861,39.23487584428502,13.452861484628865,0.0007021261791771504,0.28986986347835475,1.0755190028033192,0.851469851896416,3.5231776915604813,0.9552359244157369
989,0.790922028866205,1.1174816541219206,0.026143384585653493,1.0534785283042492,0.05035414443149033,22.16426392507478,52.722170243220866,0.06840252079355684,24.985555838025515,1.7326457274545093e-07,45.08726006911043,0.2603414150630159,1.9361436302012827,45.25242861663566,11.883043655581679,0.000688676544315122,0.2696812228657136,0.8938251763151509,0.8792834646436711,4.40420850762094,1.1413167359679015
990,0.6914442290631619,1.2608349240229297,0.027864779798547394,1.1089844740561952,0.04949656376803481,24.588105961924494,56.36191232383716,0.08258615095723291,26.46075573767708,6.276524121965072e-07,44.92741444936921,0.23702571604259684,1.9839826237066938,37.37492229340862,11.128919670850369,0.00076028450700487,0.268724916610047,1.11387550301139,0.8753185150320012,3.4291906541818395,0.9441844275314375
991,0.8849939950060988,1.3074344712822297,0.029888328393153047,1.1258430645872783,0.05651480842999939,25.568956849860857,57.44517473395621,0.08667220483392205,29.629000633575778,8.832495363586549e-07,46.45972473426006,0.26715113323436834,2.0270767447703335,44.885383068547085,13.012155751695635,0.0008721067137781578,0.2827156498752635,0.8592729244833067,0.8319702339362882,3.676176809112542,0.8956751862348714
992,0.7621133732117878,1.1718552919168315,0.031002232811449752,1.0429305190564417,0.046843478099739655,22.145004796336288,61.10053285887582,0.07470996777540768,26.12590660668772,7.156089472058882e-07,50.89725867286452,0.25059698986738527,2.2886842067631012,43.75658282107246,10.49340212798872,0.000744524782912285,0.2929815192983455,0.9552682051412524,0.8876434437949601,4.359234917623517,1.0134654972844845
993,0.7025124167092303,1.4187116348996347,0.032550894438746675,1.0210876104144688,0.05342702906134623,26.422027448262405,58.97740014108589,0.09191187838225026,29.791182076241228,7.379975885998125e-07,42.75776224459292,0.2590907861297003,1.7529791092779754,35.16888899646434,12.305403387790358,0.0007099739196994269,0.2806704045044377,0.9464457733179055,0.8417612510252522,3.688643871950422,1.0650299967047474
994,0.8294423135123751,1.2386512078419347,0.02927842153174765,1.0934290517131984,0.055886697529083006,24.35813584772929,60.27409227006657,0.09111492736712723,28.91689306503968,5.051414507718325e-07,51.34795316291179,0.2729042029699141,2.1783467295278607,39.670115790813604,13.505960273494514,0.0007310748362799584,0.2912525509122749,0.9835720130900748,0.7910453483294726,4.140946723433052,0.9252531520492024
995,0.8982795835293865,1.2921928853625069,0.03238370039319923,1.0611545870070815,0.05711216443086818,22.750409921268922,61.35495577917316,0.07996006246586669,25.84676335655945,3.025831319464289e-08,50.98059047600513,0.26666368480878777,1.9418863228605328,40.227017896076916,12.472213001464784,0.0008440670612033582,0.28274160912494917,0.8857293720831823,0.872073773434938,4.0725288172227705,1.1253468656617198
996,0.7569094773165834,1.1852719436497983,0.027832986263446526,1.0585452437180414,0.04793600918248987,26.635760893840114,48.833056519581476,0.08961713894053444,30.004014076824024,5.0094794334899715e-08,41.716573586146154,0.28101988285862,2.011879058590358,43.19458940404624,11.176798793212761,0.0008886928520819325,0.26226634802275367,1.1176404569602194,0.811793271059573,4.09173546113545,1.0801728595183058
997,0.8779084227939887,1.3520264031894957,0.032885154530316915,1.0305370796554318,0.054759295177154714,24.997705564024187,54.18677301073544,0.07026900544628803,30.093161567215,9.230081199622315e-07,49.22360907408306,0.2663540522926555,1.7688683624739658,34.4260802624477,11.52635973687286,0.0008969178010232114,0.2616482356260153,1.002531802067601,0.7650723902150722,4.0800863145553325,0.963074745700974
998,0.7777100404927472,1.357249025235999,0.02862910605551201,1.124219241252821,0.057133171379900004,24.092998289606083,59.9709875208433,0.07709190902397585,23.865884574466016,2.1123501766836515e-07,48.932235805555,0.2375127663080556,1.9418214868547117,34.164212871259146,12.751039588272475,0.0008594244549920818,0.264064425573997,1.0546252389288426,0.8407711179541729,3.5556309205584107,0.9387976011914729
999,0.7034963097187164,1.2849747256917863,0.027988312664239023,1.0298748617274593,0.04273759810716457,22.319608253738917,57.445726909894496,0.07053219312642321,25.942881970256376,1.997189379235441e-07,43.86033533593167,0.29855960557015504,1.7591330315202562,34.16774679487271,13.188777987744508,0.0007137840226275811,0.2853540372071919,1.0719769481916923,0.8281628789241722,4.323386183464896,0.9280047841009526
